Date,Close,Volume,RSI
,HAS,HAS,
2008-01-22,13.989694595336914,3549100,44.272043070683125
2008-01-23,14.46688175201416,3432500,49.23914580832808
2008-01-24,14.37958812713623,1911200,50.16606791715932
2008-01-25,13.937322616577148,2105100,51.18647262877225
2008-01-28,14.298118591308594,1673800,54.78723163144441
2008-01-29,14.33303451538086,2199300,56.56892991117676
2008-01-30,14.39161491394043,1722500,61.24863324717789
2008-01-31,15.211640357971191,3090500,64.88964024787768
2008-02-01,15.305365562438965,2080200,72.55396796542647
2008-02-04,15.071059226989746,1357700,68.79533487283645
2008-02-05,14.983207702636719,2440200,73.95653268472847
2008-02-06,14.497044563293457,2350700,61.638224630551306
2008-02-07,15.012496948242188,2530000,71.38966811567158
2008-02-08,15.15307331085205,2135600,70.55255327746262
2008-02-11,15.469371795654297,2986100,67.80410860690539
2008-02-12,15.779814720153809,1966800,66.45818429780837
2008-02-13,15.879386901855469,1536800,68.74293111638842
2008-02-14,15.45765495300293,1926000,69.09754966227354
2008-02-15,15.680237770080566,1392400,67.98592159330232
2008-02-19,15.305365562438965,1709700,61.62468773765288
2008-02-20,16.043392181396484,3454800,66.98790416074743
2008-02-21,15.65095043182373,1507700,54.953830919561796
2008-02-22,15.73295783996582,1542300,54.834472504094656
2008-02-25,16.01410484313965,1317000,60.55057539475501
2008-02-26,16.301115036010742,1637900,64.11541841688842
2008-02-27,15.855957984924316,1432800,64.68359241037275
2008-02-28,15.674376487731934,1487500,57.70801777962584
2008-02-29,15.094494819641113,1918100,49.38113734350102
2008-03-03,15.194073677062988,1938500,46.95199249061063
2008-03-04,15.3170747756958,1635000,44.654844897108475
2008-03-05,15.598230361938477,2214000,46.88308662112609
2008-03-06,15.19992446899414,1179800,47.127870906910495
2008-03-07,15.158930778503418,1731300,43.94555686300919
2008-03-10,14.813343048095703,1979800,44.24652972701954
2008-03-11,15.55722713470459,1823800,44.32280120622141
2008-03-12,15.445943832397461,1485800,47.437785867481686
2008-03-13,15.826671600341797,2209500,51.0898734688246
2008-03-14,15.475228309631348,1410400,43.8337884989226
2008-03-17,15.32879638671875,1775500,38.50419060616871
2008-03-18,15.803241729736328,1511600,49.38101785090007
2008-03-19,15.838388442993164,1973700,51.9943733250147
2008-03-20,16.236690521240234,2306700,64.53068944641191
2008-03-24,16.67599105834961,1633500,67.35262580378159
2008-03-25,16.881004333496094,2123700,67.96785309279763
2008-03-26,16.435836791992188,1739400,59.27369660540051
2008-03-27,16.517839431762695,1569800,65.69047281671743
2008-03-28,16.50027084350586,1555200,66.05893395853508
2008-03-31,16.342119216918945,1628400,69.16302940349522
2008-04-01,17.14458656311035,2066300,69.60936706611898
2008-04-02,17.3085994720459,2243000,72.71430671412809
2008-04-03,17.64832305908203,2443900,72.43867759181798
2008-04-04,17.76546859741211,1425000,79.93872356213178
2008-04-07,17.730323791503906,1535700,82.33428796831214
2008-04-08,17.425739288330078,1751900,72.8925000645878
2008-04-09,17.20315933227539,1185100,68.28880408750618
2008-04-10,17.800613403320312,2213600,69.89563325177204
2008-04-11,17.390592575073242,1378500,59.1591220119427
2008-04-14,17.812326431274414,1920000,61.3086070579756
2008-04-15,17.6834659576416,1426600,66.40990840694312
2008-04-16,17.906044006347656,1689500,67.6077545642763
2008-04-17,17.97633934020996,1428300,68.47509144619391
2008-04-18,18.480072021484375,2461800,74.62889762412742
2008-04-21,20.295866012573242,8959400,79.4310724439409
2008-04-22,20.020566940307617,3073000,74.81238696275241
2008-04-23,19.862417221069336,2685500,70.95341567482271
2008-04-24,19.94441795349121,3758700,70.75890496488748
2008-04-25,20.49500846862793,2194400,73.98370190199631
2008-04-28,20.664875030517578,2747000,78.77208343470474
2008-04-29,21.077241897583008,2715900,83.28968756975866
2008-04-30,20.947628021240234,3586700,79.40639064323483
2008-05-01,21.283409118652344,3280100,86.88710716933473
2008-05-02,21.035999298095703,2374900,81.59014913489054
2008-05-05,21.006547927856445,3321600,83.21135992094476
2008-05-06,21.10668182373047,2761100,82.79015780958113
2008-05-07,20.51171875,3000400,73.45335350372301
2008-05-08,20.859277725219727,3308100,72.66350699878669
2008-05-09,20.959413528442383,2348000,59.38985510219285
2008-05-12,21.277523040771484,2478500,67.57424171552645
2008-05-13,21.754674911499023,3135000,74.29002062509916
2008-05-14,21.554378509521484,2646700,70.05716680931835
2008-05-15,21.9078369140625,1916000,68.51045986208786
2008-05-16,21.359983444213867,2542800,58.28637666080191
2008-05-19,20.971193313598633,2325100,48.72865000923787
2008-05-20,20.80626106262207,1938100,48.319471206061756
2008-05-21,20.281970977783203,2499400,38.60586926573849
2008-05-22,20.240739822387695,2242100,40.506306056045226
2008-05-23,20.21129035949707,1325500,40.50632450234619
2008-05-27,20.54706382751465,2259300,43.67519499259953
2008-05-28,20.60007667541504,1749600,51.138033586054995
2008-05-29,21.030107498168945,2858900,52.154484765326565
2008-05-30,21.34820556640625,2829600,54.64786715571663
2008-06-02,21.3128604888916,2370100,50.45307748855139
2008-06-03,21.825355529785156,3503600,50.89808894660131
2008-06-04,22.856246948242188,5134100,63.65887102002982
2008-06-05,23.1449031829834,3152400,63.1579011433503
2008-06-06,22.09632682800293,2716300,57.078084515470884
2008-06-09,22.64417839050293,1877800,65.6043587725528
2008-06-10,23.021188735961914,2850100,69.87297832156966
2008-06-11,22.066879272460938,2476200,64.86746781224977
2008-06-12,22.30251693725586,1231000,66.63491413736483
2008-06-13,22.97407341003418,1745700,70.19801245714267
2008-06-16,23.121334075927734,1318200,69.35328496753132
2008-06-17,22.90337371826172,2059000,66.89704618513738
2008-06-18,22.27306365966797,1779800,58.85806344798789
2008-06-19,22.384986877441406,1369500,57.61243910855371
2008-06-20,21.9078369140625,2291300,54.10238666190065
2008-06-23,21.754674911499023,1616200,49.487246117159216
2008-06-24,22.03742790222168,1967700,43.33656082180817
2008-06-25,22.52047348022461,2861900,45.074315351785614
2008-06-26,21.642751693725586,1993000,46.32295138646214
2008-06-27,20.700223922729492,4840700,35.188530903489266
2008-06-30,21.041879653930664,3643400,34.83746705887235
2008-07-01,20.82982063293457,2763700,39.307538327671466
2008-07-02,20.31143569946289,3155100,33.59216397336522
2008-07-03,20.552955627441406,1158200,28.526420175129644
2008-07-07,20.48815155029297,2352600,26.29889081474849
2008-07-08,21.118467330932617,1561400,35.044353690355535
2008-07-09,20.281970977783203,2500100,33.87392475427147
2008-07-10,20.152379989624023,2264900,31.969475949370988
2008-07-11,20.529386520385742,2418700,38.68461208701156
2008-07-14,20.60007667541504,2170600,40.39207395542283
2008-07-15,21.825355529785156,4451800,48.47454036725618
2008-07-16,21.43069076538086,3826200,42.060121621771856
2008-07-17,22.37909507751465,2883800,55.31011818663486
2008-07-18,22.37909507751465,3791400,64.01191107635861
2008-07-21,22.002090454101562,5063300,57.96694071008633
2008-07-22,22.81500816345215,3714600,64.97784715950333
2008-07-23,23.45709991455078,3611500,73.29850402163558
2008-07-24,23.474781036376953,2746200,72.38278784336646
2008-07-25,23.80466651916504,3837800,74.41476065991965
2008-07-28,22.47334861755371,3417800,59.04094330007387
2008-07-29,23.26270866394043,2630700,70.01598189248251
2008-07-30,23.46402359008789,2637400,72.02588320841569
2008-07-31,22.92522621154785,2848400,65.59911500160698
2008-08-01,22.948909759521484,1772400,65.38724607823366
2008-08-04,22.528535842895508,1978300,55.14961971742456
2008-08-05,23.7896671295166,2520200,65.33004549248571
2008-08-06,23.647558212280273,1866800,59.20821838752609
2008-08-07,22.91338348388672,2145000,53.504981555494545
2008-08-08,24.15675163269043,1668000,62.69208687572538
2008-08-11,24.04425811767578,1953800,57.89216909651409
2008-08-12,23.91399383544922,1605400,53.13975215849441
2008-08-13,23.339685440063477,1368200,49.13760501873968
2008-08-14,23.42258071899414,1396000,47.48150318013294
2008-08-15,23.499544143676758,1181900,58.10422511110468
2008-08-18,22.789051055908203,1206900,46.21217598426866
2008-08-19,22.07855224609375,2167500,39.754787162320355
2008-08-20,21.9068546295166,1263300,42.037072830836124
2008-08-21,21.504243850708008,2423400,39.33571243322333
2008-08-22,21.681865692138672,1912400,43.517699392890805
2008-08-25,21.255571365356445,1516400,27.754671767402172
2008-08-26,21.12531280517578,1857900,27.81253701733175
2008-08-27,21.41543197631836,1503300,35.706261989436555
2008-08-28,21.794363021850586,1276500,23.00405057375862
2008-08-29,22.14368438720703,2250100,29.3965830246278
2008-09-02,22.510780334472656,3725700,35.53122529333328
2008-09-03,22.70615005493164,1835800,42.91374548408748
2008-09-04,21.977909088134766,1666800,35.87951397537066
2008-09-05,21.918697357177734,2213300,34.49470703188577
2008-09-08,22.558135986328125,2174300,47.703119474365614
2008-09-09,22.333154678344727,2575700,52.80325491317753
2008-09-10,22.759441375732422,2695000,58.88892291551247
2008-09-11,22.688404083251953,2373400,63.262823692572326
2008-09-12,22.427885055541992,1715200,58.20323297929147
2008-09-15,22.185134887695312,2734700,60.651431114149496
2008-09-16,22.564064025878906,3272500,65.59712472985413
2008-09-17,21.687780380249023,3201800,52.61954233730343
2008-09-18,21.889087677001953,4998800,50.94332741589109
2008-09-19,21.640430450439453,4627000,44.88574381462842
2008-09-22,21.468711853027344,2039900,38.97219351504974
2008-09-23,21.480560302734375,1680100,36.50591246510776
2008-09-24,21.34438133239746,1482300,41.9789315674398
2008-09-25,21.326614379882812,2108100,42.42415663703251
2008-09-26,21.113479614257812,1547200,29.251787146570123
2008-09-29,20.130619049072266,3056300,24.022283781674005
2008-09-30,20.556926727294922,2534700,24.02265980507636
2008-10-01,20.349693298339844,1484700,23.2749060601041
2008-10-02,19.449729919433594,2445300,20.307172362854686
2008-10-03,19.443815231323242,2421500,21.313734405331843
2008-10-06,18.780681610107422,2622400,12.631852207973452
2008-10-07,18.064273834228516,3127600,13.043796276446955
2008-10-08,18.828052520751953,4744000,21.99370092810794
2008-10-09,17.016305923461914,4895700,17.10210321456904
2008-10-10,17.762313842773438,4793700,25.62312678101634
2008-10-13,18.35439109802246,2798400,30.89725321230128
2008-10-14,17.750478744506836,2831200,29.226586582348816
2008-10-15,16.87419891357422,2207300,26.587819296944957
2008-10-16,17.815603256225586,3912400,33.892413312016004
2008-10-17,17.8333683013916,2646500,37.61180194945119
2008-10-20,17.09326934814453,3680700,31.933250823769114
2008-10-21,17.288660049438477,3299800,34.0136241448551
2008-10-22,15.968318939208984,3353200,32.582945760104735
2008-10-23,16.086734771728516,3048600,33.391905757717765
2008-10-24,15.45913028717041,2335500,33.50970521997593
2008-10-27,15.364398956298828,1945400,35.71427418026566
2008-10-28,16.862356185913086,2933700,40.34884193520051
2008-10-29,17.069583892822266,2276500,50.31050611841451
2008-10-30,16.848976135253906,3668000,44.329781424259174
2008-10-31,17.343835830688477,2726700,43.64957564913552
2008-11-03,16.16929817199707,2910600,40.72862984038365
2008-11-04,16.837060928344727,2606300,49.7767802380751
2008-11-05,16.75359535217285,2389000,42.88271521299523
2008-11-06,16.56876564025879,2648400,41.71060067313799
2008-11-07,16.532997131347656,1797900,45.953836846553685
2008-11-10,16.00235366821289,2208700,41.139618522538825
2008-11-11,15.734067916870117,1659200,48.112917346962924
2008-11-12,14.941104888916016,2224300,41.675707379161665
2008-11-13,16.336244583129883,4145000,55.73368766635076
2008-11-14,16.061992645263672,2631500,54.455588355971464
2008-11-17,14.941104888916016,2016300,37.107826235200974
2008-11-18,14.821866035461426,2209100,34.73690113832305
2008-11-19,13.772525787353516,2845300,31.22277910310565
2008-11-20,13.432685852050781,2925200,25.667712229621657
2008-11-21,14.571455955505371,3238500,40.01496808108557
2008-11-24,15.57309341430664,2326300,42.41776779856535
2008-11-25,15.602901458740234,2287900,43.052543840274204
2008-11-26,16.270660400390625,2171100,48.29932742623288
2008-11-28,15.978514671325684,834700,46.926614413238916
2008-12-01,15.203439712524414,2247700,45.688604029600604
2008-12-02,15.745988845825195,2110400,50.06248255487069
2008-12-03,16.163333892822266,1796400,56.66879801784341
2008-12-04,16.079870223999023,1598000,48.367481480617805
2008-12-05,16.598581314086914,1796100,53.31367853689161
2008-12-08,17.057661056518555,2126100,64.2341872934976
2008-12-09,16.735706329345703,1562000,62.529267425004775
2008-12-10,16.735706329345703,1469200,72.48875388598186
2008-12-11,16.318355560302734,1524200,71.64582570277446
2008-12-12,16.121599197387695,1594700,63.54159602657062
2008-12-15,16.282575607299805,1876300,57.26485644031351
2008-12-16,17.21267318725586,2688700,63.91750129283506
2008-12-17,17.266334533691406,1881600,59.63089620726961
2008-12-18,17.0695858001709,1816300,60.7520760838858
2008-12-19,17.391542434692383,2285100,73.6774277703843
2008-12-22,17.176904678344727,2349600,66.66669628797601
2008-12-23,17.284221649169922,1672300,64.07191650926589
2008-12-24,17.367694854736328,472300,66.16764674753472
2008-12-26,17.31403350830078,515200,60.16940008339329
2008-12-29,16.872835159301758,1683000,47.35947175265328
2008-12-30,17.30211067199707,1677200,57.85121869323935
2008-12-31,17.391542434692383,1314800,58.87093903004716
2009-01-02,17.647911071777344,1253400,68.80261235658041
2009-01-05,17.540592193603516,1887500,70.58825157284222
2009-01-06,17.457124710083008,2099100,67.4337136010835
2009-01-07,17.65386962890625,3111700,58.371018126337184
2009-01-08,17.230562210083008,2623200,49.40476832777191
2009-01-09,16.68204116821289,1683200,44.227262628369076
2009-01-12,16.216997146606445,2014300,33.21966596289906
2009-01-13,16.091796875,2181800,34.09086714448307
2009-01-14,15.78176212310791,1761500,29.207864212080864
2009-01-15,16.008323669433594,1743400,31.904659378448244
2009-01-16,16.03217887878418,1464000,32.80003787743068
2009-01-20,15.406147003173828,1938200,31.24997561660723
2009-01-21,16.067951202392578,2419700,35.10797297844684
2009-01-22,15.614830017089844,1904500,30.29107984796667
2009-01-23,15.406147003173828,1332900,24.866401644024265
2009-01-26,15.465775489807129,1128400,26.486693644174863
2009-01-27,15.537318229675293,1101200,28.18441729075198
2009-01-28,15.871198654174805,1332700,30.3550139397547
2009-01-29,15.203439712524414,1665800,28.803185198392796
2009-01-30,14.500358581542969,2414300,27.901317810436993
2009-02-02,13.178318977355957,6743000,23.773856371617384
2009-02-03,13.544879913330078,2746700,28.89732794750715
2009-02-04,13.57492733001709,1881100,30.825460894789842
2009-02-05,14.013605117797852,4561000,33.284611076516256
2009-02-06,14.145811080932617,2859600,34.47450192035812
2009-02-09,15.065221786499023,5320800,47.323323443842845
2009-02-10,14.560446739196777,3590100,37.86504479637237
2009-02-11,14.524393081665039,2872400,40.5905087254181
2009-02-12,14.42824649810791,3410700,41.39446229310136
2009-02-13,14.302044868469238,2154700,39.8777559818011
2009-02-17,14.12778377532959,3163800,37.95496374763582
2009-02-18,14.019615173339844,2935600,33.542618579715224
2009-02-19,13.899425506591797,3623700,37.15970385840495
2009-02-20,13.941487312316895,5298400,43.67334715075579
2009-02-23,13.520842552185059,3189800,54.871750353347785
2009-02-24,13.74318790435791,3616300,52.94121640793121
2009-02-25,13.815299034118652,4359600,53.52115194621151
2009-02-26,13.568916320800781,2849000,43.09694974270302
2009-02-27,13.755204200744629,3298900,44.0366101564618
2009-03-02,13.526853561401367,3455900,20.23258903856801
2009-03-03,13.364602088928223,5406600,23.324389938808807
2009-03-04,13.472764015197754,4462200,27.272543651989395
2009-03-05,13.220378875732422,5132600,25.54729615715948
2009-03-06,13.262444496154785,3479300,28.211543704433325
2009-03-09,12.811746597290039,2772900,25.28201606423113
2009-03-10,13.430706024169922,2676500,40.71968865850602
2009-03-11,13.256437301635742,2506300,40.037290231366114
2009-03-12,13.869379997253418,2145100,49.05068376883943
2009-03-13,13.971542358398438,1957300,56.476738898587236
2009-03-16,13.689103126525879,2430100,49.23597564261465
2009-03-17,13.935480117797852,1939000,51.61806318277428
2009-03-18,14.24195671081543,2748500,58.91721403112952
2009-03-19,14.24195671081543,1619800,56.7839338913453
2009-03-20,14.001583099365234,1973200,56.594268673229806
2009-03-23,14.296043395996094,2306400,62.479884591155994
2009-03-24,13.77323055267334,2727400,53.62320307242359
2009-03-25,14.45828914642334,2839300,63.51697553008635
2009-03-26,15.179398536682129,3335700,68.22844703909888
2009-03-27,15.29958724975586,2385800,75.24378778067093
2009-03-30,14.981093406677246,3388600,66.75310644231897
2009-03-31,15.065221786499023,2333100,69.93360258325217
2009-04-01,15.16738224029541,2185200,66.11928031038747
2009-04-02,15.846426963806152,2393500,70.36535124748147
2009-04-03,16.068775177001953,1817200,76.1903472394969
2009-04-06,16.12285614013672,1650800,75.13799632535876
2009-04-07,15.437800407409668,1380300,62.642882795827504
2009-04-08,15.69018268585205,1986900,64.53546526219306
2009-04-09,16.140878677368164,1257900,70.60176392318617
2009-04-13,16.038726806640625,915400,67.42783798352643
2009-04-14,15.437800407409668,1732000,66.39057741911614
2009-04-15,15.353665351867676,1508000,59.999953135371456
2009-04-16,15.738265991210938,2055700,56.74896585686524
2009-04-17,16.7718505859375,3413800,64.56593553617263
2009-04-20,16.3211612701416,3410800,62.92009101309164
2009-04-21,15.900510787963867,3380700,57.562589280040235
2009-04-22,16.633638381958008,3578600,61.914051935834586
2009-04-23,16.447357177734375,1977000,55.307904647905005
2009-04-24,16.675708770751953,1402600,55.35525195305269
2009-04-27,16.465383529663086,1752700,52.94118032419592
2009-04-28,16.65167236328125,1479800,61.3995904219714
2009-04-29,17.305389404296875,1735800,64.10531328530365
2009-04-30,16.13717269897461,4806600,49.9712404810877
2009-05-01,16.252180099487305,4400400,51.65316395410949
2009-05-04,16.851415634155273,3812100,60.951107542542694
2009-05-05,17.287227630615234,2799100,64.20506941016251
2009-05-06,16.815101623535156,2330000,57.81061244547103
2009-05-07,16.028215408325195,3343300,44.40599484675273
2009-05-08,15.773994445800781,3020500,45.75855901036937
2009-05-11,15.380547523498535,2696800,45.952360554466644
2009-05-12,15.029480934143066,2185200,36.72271012904241
2009-05-13,14.224437713623047,3589300,33.31077458512142
2009-05-14,13.994424819946289,2606000,29.8744880092885
2009-05-15,13.879414558410645,4785200,30.308153396237785
2009-05-18,14.472606658935547,3342100,34.37496324391243
2009-05-19,14.533134460449219,2239100,28.273198688732393
2009-05-20,14.194173812866211,2480100,32.497235476889685
2009-05-21,13.66756820678711,2563300,28.32482160235095
2009-05-22,13.764408111572266,2116100,21.729411748266017
2009-05-26,14.272863388061523,3039200,22.757146186540012
2009-05-27,14.024688720703125,3658000,23.717219283309248
2009-05-28,14.381810188293457,3686100,33.126524117587834
2009-05-29,15.380547523498535,4583800,46.50157122706652
2009-06-01,15.74977970123291,4312300,53.29731648474286
2009-06-02,15.74372673034668,2789600,56.79720568367396
2009-06-03,15.46529483795166,3170300,63.12422193221654
2009-06-04,15.525815963745117,2733500,66.79944158789237
2009-06-05,15.37449836730957,2411000,66.27153134605281
2009-06-08,15.356337547302246,2546200,60.9940316151418
2009-06-09,15.404757499694824,2226700,60.87616920577189
2009-06-10,15.73161792755127,4205100,69.24243534657168
2009-06-11,15.755834579467773,2403800,79.8960787461949
2009-06-12,15.186863899230957,3272700,67.93913107692781
2009-06-15,14.914469718933105,2734900,58.60382281859145
2009-06-16,14.69656753540039,2062800,59.083520070964596
2009-06-17,15.011320114135742,2227900,58.609340709934855
2009-06-18,14.993157386779785,1492300,42.76013454263916
2009-06-19,15.217120170593262,2265500,39.4736584207491
2009-06-22,14.708672523498535,2377900,32.93409802854178
2009-06-23,14.508922576904297,2585200,33.811369488187395
2009-06-24,14.387863159179688,2019200,31.124580961046618
2009-06-25,14.769195556640625,2100400,40.671553607415895
2009-06-26,14.811575889587402,2133500,41.66677364803751
2009-06-29,14.811575889587402,3039000,40.78965449432212
2009-06-30,14.672355651855469,2264400,32.53513282498825
2009-07-01,14.90842056274414,1518500,36.94035861258083
2009-07-02,14.454448699951172,2073800,38.29783797538562
2009-07-06,14.26680850982666,2090700,39.36393672256358
2009-07-07,13.945999145507812,1577200,38.07695920253299
2009-07-08,14.024688720703125,2035600,33.056254340107174
2009-07-09,14.024688720703125,2009400,33.263763338964196
2009-07-10,14.036796569824219,2014400,27.991139971170753
2009-07-13,14.339437484741211,2330800,42.54271598755743
2009-07-14,14.442343711853027,2167100,48.60059245254426
2009-07-15,14.823678016662598,1907900,58.2568898509194
2009-07-16,14.993157386779785,2053200,54.6134983739668
2009-07-17,15.36238956451416,3938400,59.99989611756721
2009-07-20,16.010055541992188,5697300,67.61556677629173
2009-07-21,15.96768569946289,2101400,69.59703957809833
2009-07-22,15.840572357177734,2294400,64.58327862669222
2009-07-23,16.106897354125977,2513200,77.46469586101648
2009-07-24,16.034271240234375,2425600,80.54406207304592
2009-07-27,15.88900089263916,2096400,85.74636840260244
2009-07-28,15.74977970123291,1505900,81.04588310447676
2009-07-29,15.913198471069336,1884700,82.09882746851464
2009-07-30,15.955906867980957,1917300,82.28312362935738
2009-07-31,16.16328239440918,2434500,81.69647858891634
2009-08-03,16.004703521728516,2404600,76.63670960292067
2009-08-04,16.0839900970459,1908300,73.95418963994027
2009-08-05,15.962000846862793,1734000,68.75291195431545
2009-08-06,15.97420883178711,1702000,63.741600783105824
2009-08-07,16.449949264526367,1521000,60.707013590415684
2009-08-10,16.321863174438477,2102100,58.27537615346152
2009-08-11,16.193782806396484,1517700,58.24905386046313
2009-08-12,16.10228729248047,1972100,49.882760393676726
2009-08-13,16.413352966308594,1804700,58.59780966702025
2009-08-14,16.23036766052246,1393600,57.612181906880814
2009-08-17,15.858316421508789,2021800,52.192599003043576
2009-08-18,15.913202285766602,1658300,50.000080596608335
2009-08-19,15.925403594970703,1534500,49.34711298813434
2009-08-20,15.815618515014648,1853000,42.23423572347001
2009-08-21,16.47434425354004,2231600,58.5745099623348
2009-08-24,16.62074089050293,2905100,59.565375226122754
2009-08-25,16.944002151489258,2104700,66.32875943337135
2009-08-26,16.974496841430664,2195100,66.53229136784765
2009-08-27,17.145280838012695,2629500,62.78042658215423
2009-08-28,17.279464721679688,2670700,67.56167024738056
2009-08-31,17.316055297851562,3403000,71.29624669731079
2009-09-01,17.00499153137207,4244600,65.81208860010946
2009-09-02,16.895204544067383,2483900,59.08058652561143
2009-09-03,17.34046173095703,3291200,69.0380067318921
2009-09-04,17.499038696289062,2285300,80.36132407845983
2009-09-08,17.572235107421875,2430700,80.49351328649166
2009-09-09,17.444149017333984,2471700,76.77440180769075
2009-09-10,17.3465576171875,2299600,77.10590461756047
2009-09-11,17.30385398864746,1590700,68.78441345733552
2009-09-14,17.5356388092041,2328200,69.9466558880622
2009-09-15,17.444149017333984,2404900,62.130123317669984
2009-09-16,17.572235107421875,2851800,63.84177846405538
2009-09-17,17.5356388092041,2461100,59.6384974756989
2009-09-18,17.62713050842285,2685100,58.76924498002015
2009-09-21,17.383155822753906,1395800,51.532195263870335
2009-09-22,17.322160720825195,2128700,58.176077127162664
2009-09-23,17.00499153137207,2707000,52.55675407721433
2009-09-24,16.657333374023438,2849000,33.33345742482847
2009-09-25,16.578035354614258,1896700,26.6257208994773
2009-09-28,16.590240478515625,2024000,24.28162096601774
2009-09-29,16.79151725769043,1789600,33.53869453395387
2009-09-30,16.925701141357422,2526600,39.57715315751088
2009-10-01,16.6268310546875,2724900,35.12089651466259
2009-10-02,16.510953903198242,2096600,26.271346645135978
2009-10-05,16.602436065673828,1799800,30.508363780273214
2009-10-06,16.86471176147461,1962500,34.5744848957649
2009-10-07,16.761016845703125,1591100,33.59166486876968
2009-10-08,17.08429527282715,1511100,39.52960826441416
2009-10-09,17.187973022460938,1542000,46.01983315752953
2009-10-12,17.163578033447266,2646800,46.717179893156235
2009-10-13,17.30996322631836,1153000,56.79357917054372
2009-10-14,17.37095069885254,1676000,68.22416431806425
2009-10-15,17.499038696289062,1512000,72.94846289767764
2009-10-16,18.00528907775879,4746800,78.29279100967966
2009-10-19,17.334352493286133,6066800,59.13746294954974
2009-10-20,17.145280838012695,2303800,53.6290920003808
2009-10-21,17.157466888427734,2622600,59.688133789476026
2009-10-22,17.30996322631836,2186500,64.39549775361905
2009-10-23,17.09648323059082,1764000,58.52627670479121
2009-10-26,17.194074630737305,1889800,56.02672572832984
2009-10-27,16.91350555419922,2068700,52.62062726176116
2009-10-28,16.54144287109375,2800100,40.824546709505285
2009-10-29,16.897830963134766,1679100,45.48190301943057
2009-10-30,16.756507873535156,2963100,43.88382412447972
2009-11-02,16.99000358581543,2849600,45.315277828200884
2009-11-03,16.99000358581543,1941200,44.32089989365514
2009-11-04,17.05759620666504,2049100,43.298162462435855
2009-11-05,17.039161682128906,1768700,32.782331502552424
2009-11-06,17.149763107299805,1963800,45.889413683548824
2009-11-09,17.665918350219727,4651300,60.11977761728998
2009-11-10,17.70278549194336,2010800,60.49877864815519
2009-11-11,17.9547119140625,2255200,61.95534385486399
2009-11-12,17.75808334350586,2066000,62.34496238524992
2009-11-13,17.880985260009766,2343700,62.6973051909819
2009-11-16,18.52617073059082,2998800,76.26864512360696
2009-11-17,18.347980499267578,1760300,81.41050215893188
2009-11-18,18.409421920776367,2282800,79.2859555390661
2009-11-19,18.046884536743164,2097600,73.02633773373368
2009-11-20,17.880985260009766,2070600,66.29231588044863
2009-11-23,17.97315216064453,2501700,67.3914495770675
2009-11-24,17.83182716369629,1743700,63.347608663055745
2009-11-25,18.182071685791016,1267100,67.68076924892713
2009-11-27,18.028446197509766,769700,63.41461994196005
2009-11-30,18.218935012817383,2606600,59.37497979112102
2009-12-01,18.464723587036133,2076800,62.06228089511047
2009-12-02,18.747377395629883,2064400,62.42781826500677
2009-12-03,18.48930549621582,1296600,61.247769493061
2009-12-04,18.544605255126953,1512300,60.424709036497624
2009-12-07,18.94401741027832,1934600,57.1131429758882
2009-12-08,18.679784774780273,1435100,55.487655999510416
2009-12-09,18.563037872314453,2248200,52.49498611229002
2009-12-10,18.735090255737305,1609300,61.914885466942465
2009-12-11,18.94401741027832,1239600,68.13406849841903
2009-12-14,19.152935028076172,1739100,69.35474786566019
2009-12-15,19.355701446533203,2000400,74.50566856283329
2009-12-16,19.435583114624023,1341900,72.0776843057197
2009-12-17,19.374135971069336,1189500,74.49659908822927
2009-12-18,19.429433822631836,1800800,73.1763484022507
2009-12-21,19.662935256958008,1412400,73.04954598623063
2009-12-22,19.5953426361084,1286900,67.78340453447255
2009-12-23,19.73052406311035,759800,77.44532073721058
2009-12-24,19.767393112182617,345300,77.25997481050476
2009-12-28,19.84112548828125,675800,73.39695981741792
2009-12-29,19.724380493164062,770700,79.51403895836545
2009-12-30,19.927154541015625,746300,86.7550472086947
2009-12-31,19.69980812072754,891100,75.24144029767324
2010-01-04,19.9947452545166,1652600,76.30778664333647
2010-01-05,19.77353858947754,1646900,65.44343726891208
2010-01-06,19.755107879638672,1307500,60.94298053085506
2010-01-07,19.472450256347656,3140300,50.90907893734321
2010-01-08,19.5216064453125,2699600,53.65853889359447
2010-01-11,19.503171920776367,1082500,51.86342349359611
2010-01-12,19.19594383239746,3105500,38.622684927025475
2010-01-13,19.472450256347656,1277300,47.28259173377488
2010-01-14,19.67522430419922,1269000,48.81269753906964
2010-01-15,19.761249542236328,2017200,49.87082238137596
2010-01-19,19.865711212158203,998500,50.510355990130215
2010-01-20,19.822690963745117,1499100,52.105186200519356
2010-01-21,19.724380493164062,2252400,45.454506585304536
2010-01-22,19.226659774780273,1615100,40.540324105993406
2010-01-25,19.306541442871094,1101000,34.94620022112355
2010-01-26,19.220518112182617,1045500,37.14283180346769
2010-01-27,19.34955596923828,1042300,41.032525262749466
2010-01-28,19.380277633666992,971500,47.706352347945284
2010-01-29,18.891752243041992,2446200,37.13885788306516
2010-02-01,19.287525177001953,2397600,46.18460722319749
2010-02-02,19.763683319091797,2635000,59.478312150405266
2010-02-03,19.831701278686523,1631600,56.44638966447464
2010-02-04,19.330814361572266,2043400,44.41720257234727
2010-02-05,19.046348571777344,2782800,39.11209360693453
2010-02-08,21.464250564575195,11443600,64.28173893009523
2010-02-09,21.68068504333496,4256100,66.10086120378121
2010-02-10,21.829099655151367,3308300,68.08189328153527
2010-02-11,22.348535537719727,2432600,76.72070791929532
2010-02-12,21.983692169189453,4321800,71.84844047116488
2010-02-16,21.662134170532227,3858100,69.18853271903328
2010-02-17,21.909494400024414,1485800,69.75109539042755
2010-02-18,22.113548278808594,1821500,70.53907914610281
2010-02-19,22.138290405273438,1565200,76.2238600441799
2010-02-22,21.96514129638672,1627800,72.43528194926371
2010-02-23,21.816728591918945,1283800,68.2017982186914
2010-02-24,21.940410614013672,1461100,68.51258155143387
2010-02-25,22.07026481628418,2058100,75.72588072740143
2010-02-26,22.12592124938965,1570700,80.21855812576338
2010-03-01,22.299076080322266,1668600,64.64219882712271
2010-03-02,22.639184951782227,2394400,66.11234943467466
2010-03-03,22.46603775024414,1665100,60.61861216733666
2010-03-04,22.7133846282959,1514500,56.68939759541745
2010-03-05,23.171003341674805,1363900,71.05277219934105
2010-03-08,23.189552307128906,1398500,80.34401199805691
2010-03-09,23.300853729248047,1147600,79.22069390400517
2010-03-10,23.504928588867188,1623000,79.22087702207295
2010-03-11,23.554391860961914,897900,79.43442080265783
2010-03-12,23.62242889404297,942300,86.02161057843784
2010-03-15,23.269941329956055,1839200,79.01223849452047
2010-03-16,23.405982971191406,1767000,79.11530445985375
2010-03-17,23.585311889648438,1404400,79.51792991247049
2010-03-18,23.56058692932129,1110700,78.292855036441
2010-03-19,23.43071746826172,1436300,72.70457638196878
2010-03-22,23.653356552124023,1408500,71.35430806673146
2010-03-23,23.64097023010254,1177600,76.53572613196289
2010-03-24,23.535856246948242,1344500,69.85077347730575
2010-03-25,23.56058692932129,1809500,61.88662160023092
2010-03-26,23.752277374267578,1676400,65.52867934379842
2010-03-29,24.2531681060791,2225300,71.62896841040055
2010-03-30,24.148052215576172,1140700,65.294114445273
2010-03-31,23.671899795532227,1372400,52.32301735852927
2010-04-01,23.721370697021484,1591400,51.97044746638305
2010-04-05,24.197525024414062,1282300,67.6058204218698
2010-04-06,24.07383918762207,1557500,62.73584939974205
2010-04-07,23.74610137939453,1089900,52.90195722040003
2010-04-08,23.913066864013672,870100,56.05094290075656
2010-04-09,24.07383918762207,1323800,60.9244157602973
2010-04-12,24.178974151611328,1007400,59.299667462857016
2010-04-13,24.308828353881836,965800,61.34474147014112
2010-04-14,24.438692092895508,1190700,65.208372691977
2010-04-15,24.822093963623047,1301500,68.9592483641957
2010-04-16,24.64275360107422,2632300,63.432874470443224
2010-04-19,25.29825782775879,4461900,65.0626004763486
2010-04-20,25.322994232177734,1939400,67.33579333301063
2010-04-21,24.815898895263672,2152500,66.72651327417833
2010-04-22,24.989059448242188,1113600,67.88799019898093
2010-04-23,25.063261032104492,1378400,63.779221591388605
2010-04-26,24.989059448242188,1531000,64.79995163726966
2010-04-27,24.38921546936035,1984000,59.558552965423004
2010-04-28,24.135683059692383,1896400,53.22571997273829
2010-04-29,24.471763610839844,1570000,55.487172041873855
2010-04-30,23.874292373657227,2156400,46.30086852858668
2010-05-03,24.96965789794922,1996800,56.4993668808329
2010-05-04,24.23526382446289,3052800,48.211880470358174
2010-05-05,24.583799362182617,2650900,47.89249008870654
2010-05-06,24.453100204467773,4113400,48.30812297667448
2010-05-07,24.25394058227539,4268600,39.85799943318323
2010-05-10,25.392881393432617,2804000,50.55796511534061
2010-05-11,25.69162940979004,3953000,57.23226057466177
2010-05-12,26.388681411743164,2864800,60.63829324549818
2010-05-13,25.423999786376953,2130500,52.41500166123859
2010-05-14,25.069246292114258,2128700,50.51738400917782
2010-05-17,25.84099006652832,2811100,59.16390398384963
2010-05-18,25.903221130371094,3804400,61.4331881369102
2010-05-19,25.567148208618164,2265300,57.08542053911658
2010-05-20,24.751842498779297,3560900,55.52079196040197
2010-05-21,24.602466583251953,5254900,47.37783935510163
2010-05-24,24.465543746948242,2505900,51.79787572107574
2010-05-25,24.23526382446289,3281700,47.227669627027325
2010-05-26,24.614913940429688,3924300,51.23807016504391
2010-05-27,25.24973487854004,2480500,57.14283759796924
2010-05-28,24.988338470458984,1903600,46.68028379983753
2010-06-01,24.496660232543945,1453100,40.49494243331221
2010-06-02,25.08168601989746,1697000,39.41522223890474
2010-06-03,24.74560546875,2379700,43.88320101370524
2010-06-04,24.359739303588867,2712300,43.6383636160902
2010-06-07,23.911636352539062,1787700,31.635030691888304
2010-06-08,23.71870231628418,3411800,29.71102681265016
2010-06-09,23.924076080322266,1673900,34.36007504755831
2010-06-10,25.24973487854004,3236100,54.31960785806267
2010-06-11,25.137704849243164,2386800,54.67390011722267
2010-06-14,25.212398529052734,1727100,56.59347339302535
2010-06-15,26.046369552612305,1445300,64.44889178209303
2010-06-16,26.562938690185547,2502600,65.20895889560722
2010-06-17,26.68119239807129,2129800,62.15647450317738
2010-06-18,26.687419891357422,1978500,65.08292826970498
2010-06-21,26.27042579650879,2400600,65.95749719102858
2010-06-22,25.685394287109375,2657100,55.431192969102035
2010-06-23,25.592042922973633,2588000,57.962636469042614
2010-06-24,26.674976348876953,9033900,69.25473139207858
2010-06-25,26.762100219726562,4663600,75.220228781421
2010-06-28,26.737211227416992,1292300,77.525564193293
2010-06-29,26.164628982543945,2376100,69.1490121271616
2010-06-30,25.57958984375,2359900,53.22773968448074
2010-07-01,25.423999786376953,3674700,52.777809649687406
2010-07-02,25.175045013427734,2389600,49.649428065087804
2010-07-06,24.94477081298828,2522700,38.339943770569704
2010-07-07,25.548479080200195,1996600,39.456771034660484
2010-07-08,25.542253494262695,1461600,37.88085679841208
2010-07-09,25.884557723999023,1215300,42.027190788967765
2010-07-12,25.9965763092041,1248900,47.10520118585618
2010-07-13,26.245532989501953,1484300,56.373974691105076
2010-07-14,25.82231903076172,2799900,52.43739600321241
2010-07-15,25.573366165161133,2897400,35.83987980737406
2010-07-16,24.583799362182617,3541700,27.272796018997553
2010-07-19,24.490436553955078,4868500,26.888601740755988
2010-07-20,25.386659622192383,3367000,42.497003436941945
2010-07-21,24.484210968017578,4370800,40.04526910468541
2010-07-22,24.957216262817383,1528000,45.9892918423636
2010-07-23,25.486236572265625,1305900,52.55105104166015
2010-07-26,26.450916290283203,2437800,61.020006586990135
2010-07-27,26.195743560791016,1252200,54.99035759967318
2010-07-28,25.84721565246582,1201500,52.233352106632346
2010-07-29,26.19159698486328,1597400,52.24787963942769
2010-07-30,26.391956329345703,2410400,52.85767104490072
2010-08-02,26.980531692504883,1638100,55.063725110150685
2010-08-03,26.567276000976562,1246300,55.13938387186253
2010-08-04,27.274829864501953,1054800,61.03967271194508
2010-08-05,27.249778747558594,1162400,69.77255089687539
2010-08-06,27.124555587768555,1585000,69.44436231380868
2010-08-09,27.36874771118164,1305600,66.18970331223801
2010-08-10,27.38125991821289,1673500,77.6884576373642
2010-08-11,26.623638153076172,1046700,65.10500031292801
2010-08-12,26.59859275817871,1373300,61.09659332425353
2010-08-13,26.786426544189453,1579800,53.960874029506606
2010-08-16,26.792699813842773,814100,57.48739847609478
2010-08-17,27.468931198120117,1844300,68.7954829616294
2010-08-18,27.5440616607666,1181600,66.71831698552015
2010-08-19,26.930448532104492,1018400,56.039463748243186
2010-08-20,26.592323303222656,1232500,45.38688783047533
2010-08-23,26.417007446289062,1164000,48.10731675441723
2010-08-24,25.7971248626709,1708200,30.967472816220408
2010-08-25,25.68441390991211,2209600,30.283643848569525
2010-08-26,25.289955139160156,1378000,28.360186084684827
2010-08-27,25.634321212768555,2983900,30.01407943650605
2010-08-30,25.139678955078125,818700,26.753118615798243
2010-08-31,25.27116584777832,1857700,33.880394589735886
2010-09-01,26.09140396118164,1525100,44.918262363842274
2010-09-02,26.936702728271484,2156000,51.330401950652806
2010-09-03,27.231002807617188,1146000,53.69202932197197
2010-09-07,27.068195343017578,1700000,46.30479509034302
2010-09-08,26.94297218322754,1643000,44.508059878361195
2010-09-09,26.95549201965332,1428300,50.257047365626676
2010-09-10,27.1370792388916,1271100,55.77703764624689
2010-09-13,27.60667610168457,1070700,61.87502879612949
2010-09-14,27.48771095275879,650000,68.75011634814072
2010-09-15,27.775732040405273,935300,72.3263893555267
2010-09-16,27.819570541381836,949000,79.19084661020045
2010-09-17,27.988628387451172,2133700,78.31340998664538
2010-09-20,28.414405822753906,1366600,90.04588401364765
2010-09-21,28.176469802856445,1063600,84.62679292704262
2010-09-22,27.400053024291992,1424800,65.76174327510073
2010-09-23,27.37500762939453,1130400,56.57899558648048
2010-09-24,27.78826141357422,966800,58.0761027367043
2010-09-27,28.195241928100586,1171700,65.25419047053569
2010-09-28,28.307968139648438,733400,68.53746315954707
2010-09-29,28.20151710510254,954300,66.50078554000191
2010-09-30,27.869657516479492,1463400,59.33000569397507
2010-10-01,27.932268142700195,793300,54.62628012431855
2010-10-04,27.89470672607422,783800,55.91987611103621
2010-10-05,28.671125411987305,1175200,61.4035718449998
2010-10-06,28.677377700805664,1060800,61.03048443697532
2010-10-07,28.420663833618164,773500,55.433036341770084
2010-10-08,28.57720375061035,965000,52.19595628927047
2010-10-11,28.746252059936523,876900,57.83124381323087
2010-10-12,28.65233039855957,781100,71.18637832758513
2010-10-13,28.877735137939453,989600,73.8094115627633
2010-10-14,28.78382110595703,985900,67.5496875781727
2010-10-15,28.226564407348633,2651600,50.52436968350066
2010-10-18,29.30979347229004,3575200,62.658317841156055
2010-10-19,28.934106826782227,1870100,58.66679302844042
2010-10-20,28.959150314331055,1197200,63.89800486618005
2010-10-21,28.60223960876465,1637000,57.94953872225476
2010-10-22,28.8026180267334,847100,60.37205495713746
2010-10-25,28.777578353881836,931200,51.468178934110306
2010-10-26,28.752517700195312,1193600,51.03096803436438
2010-10-27,28.752517700195312,956000,54.898307480161776
2010-10-28,28.80919075012207,826000,53.528247328896185
2010-10-29,29.11766815185547,1193600,55.41897432729293
2010-11-01,29.369491577148438,976900,60.00253256285252
2010-11-02,29.791316986083984,1354700,62.08020176544767
2010-11-03,29.68428611755371,996800,61.86559912977781
2010-11-04,29.759843826293945,1272500,73.14218794261723
2010-11-05,29.7535457611084,876800,59.92376766541035
2010-11-08,29.791316986083984,611800,72.58324028859113
2010-11-09,29.382097244262695,902200,59.26675358975645
2010-11-10,29.306547164916992,1176200,67.60147805511437
2010-11-11,29.74724578857422,1131000,71.07578835739265
2010-11-12,29.47653579711914,518700,64.05393692785016
2010-11-15,29.375795364379883,522000,62.162103819869095
2010-11-16,28.941394805908203,778700,53.15133778944916
2010-11-17,29.224687576293945,644800,56.44501617762967
2010-11-18,29.728349685668945,649900,58.93179848922152
2010-11-19,30.08721351623535,722700,60.17865866424734
2010-11-22,29.728349685668945,1142500,49.09076687574466
2010-11-23,29.728349685668945,920200,50.65656198204302
2010-11-24,29.948713302612305,892900,52.697800173928584
2010-11-26,30.043140411376953,627300,54.03496575231432
2010-11-29,29.60245132446289,1620500,47.63414100347591
2010-11-30,30.005367279052734,2266100,57.81985190829246
2010-12-01,30.068315505981445,1193900,59.58783814278457
2010-12-02,30.87418556213379,1150100,62.98991878126609
2010-12-03,31.094532012939453,1114400,68.86927090377182
2010-12-06,31.02528190612793,1116600,69.37885030972781
2010-12-07,31.283401489257812,967300,78.70378682046592
2010-12-08,31.126014709472656,756900,74.04486798808036
2010-12-09,31.113399505615234,489000,69.99979619164816
2010-12-10,31.258209228515625,501500,68.02305066037265
2010-12-13,30.46495819091797,1260500,60.000134648817756
2010-12-14,30.7167911529541,835500,62.5601677571593
2010-12-15,30.616046905517578,680000,58.74570744805568
2010-12-16,31.012683868408203,796500,61.773687272781174
2010-12-17,31.126014709472656,1422200,70.0994724928312
2010-12-20,31.050443649291992,657400,65.09042616770745
2010-12-21,31.018983840942383,572600,63.85319213985936
2010-12-22,31.239336013793945,335100,56.41581265038841
2010-12-23,30.546798706054688,604300,41.74577789224011
2010-12-27,30.54050636291504,515900,42.553233879823686
2010-12-28,29.84797477722168,1012500,30.546357487503116
2010-12-29,30.376813888549805,583900,40.775216518688545
2010-12-30,30.40200424194336,1803600,41.267751252093056
2010-12-31,29.703166961669922,972200,33.197477096930285
2011-01-03,29.356908798217773,2466600,36.747133899489036
2011-01-04,28.966569900512695,1543100,29.73774464991844
2011-01-05,29.11139488220215,1423100,32.75668435288085
2011-01-06,28.991756439208984,1715800,25.27011420745181
2011-01-07,29.004343032836914,1552200,23.381000400589073
2011-01-10,28.947677612304688,1455200,23.492446060636368
2011-01-11,28.953990936279297,2376800,23.802524963377053
2011-01-12,28.35589027404785,2313600,16.618706433913815
2011-01-13,28.110353469848633,2224200,18.537264922150968
2011-01-14,28.009620666503906,6680600,18.09588979833454
2011-01-18,27.73261070251465,2737400,20.21346310859009
2011-01-19,28.04740333557129,1975200,15.095418123784626
2011-01-20,28.11665916442871,1397700,16.20203761675903
2011-01-21,28.085166931152344,1616800,20.186619619310036
2011-01-24,28.009620666503906,1941900,22.423675521120842
2011-01-25,27.971845626831055,1533400,26.205853797412914
2011-01-26,28.23626708984375,1412600,30.199541345771266
2011-01-27,28.318117141723633,1008200,34.49321431864382
2011-01-28,27.798995971679688,1099000,27.500542950016552
2011-01-31,27.912939071655273,1301000,31.089553435420513
2011-02-01,27.7673282623291,2358600,29.363743650604633
2011-02-02,27.469778060913086,1960700,32.79152084821152
2011-02-03,28.223155975341797,2097400,51.82973652115857
2011-02-04,28.37510108947754,1113900,55.83146728733618
2011-02-07,28.887893676757812,2188600,67.14337064659014
2011-02-08,29.014507293701172,766800,65.19984531585843
2011-02-09,28.811931610107422,1045600,60.48798115792666
2011-02-10,28.92587661743164,924400,62.37404845028922
2011-02-11,28.77395248413086,1171900,61.00250070562291
2011-02-14,28.53968620300293,1164100,57.73638015408731
2011-02-15,28.01423454284668,1657800,47.17585357108026
2011-02-16,28.33710479736328,2251900,50.22756127010048
2011-02-17,28.875225067138672,1482800,62.83980586942789
2011-02-18,28.957530975341797,911700,62.5571548913031
2011-02-22,28.501707077026367,1039000,58.21533214585348
2011-02-23,27.91927719116211,1516300,54.727148947505455
2011-02-24,27.881282806396484,1278000,45.767910352611175
2011-02-25,28.242145538330078,1023000,48.43507188292909
2011-02-28,28.425752639770508,1078200,44.103525059927236
2011-03-01,28.21048355102539,1335600,39.96837780620792
2011-03-02,28.489044189453125,942100,46.046371282277406
2011-03-03,29.20445442199707,841400,52.973147927620936
2011-03-04,29.49566650390625,1856300,57.48016615123305
2011-03-07,29.755218505859375,2050200,62.53263004130943
2011-03-08,29.964147567749023,1165200,71.5082240371628
2011-03-09,29.964147567749023,1073600,69.32319361317234
2011-03-10,29.70458221435547,1166100,60.54753183747726
2011-03-11,29.666589736938477,1214600,59.12040969236272
2011-03-14,29.552631378173828,959500,64.82119195322096
2011-03-15,29.147464752197266,1669800,68.23275442224795
2011-03-16,28.881568908691406,1288700,63.90838739106682
2011-03-17,28.976526260375977,1177900,61.02648519203927
2011-03-18,29.29940414428711,1112200,62.59100782489993
2011-03-21,29.565290451049805,772700,69.24461182080495
2011-03-22,29.10947608947754,686800,58.39052376513292
2011-03-23,29.261411666870117,475100,50.90877330515696
2011-03-24,29.679258346557617,586100,52.81549944804452
2011-03-25,29.894512176513672,520400,52.16558175063695
2011-03-28,29.596952438354492,467700,44.444367489697676
2011-03-29,29.653932571411133,2128100,45.386026846048836
2011-03-30,29.94516372680664,949300,53.544890213906385
2011-03-31,29.653932571411133,1067600,49.82645227228269
2011-04-01,30.002145767211914,1148000,55.79144269647901
2011-04-04,29.87551498413086,1010900,60.10531331903741
2011-04-05,29.83120346069336,2134500,64.04481640372
2011-04-06,29.919836044311523,849500,63.97742431436388
2011-04-07,29.938812255859375,597700,60.41210613804705
2011-04-08,29.653932571411133,1079700,51.43457222126874
2011-04-11,29.710908889770508,834400,61.17631213315563
2011-04-12,28.913217544555664,1950400,44.781911250701725
2011-04-13,28.98918914794922,1449000,38.477873580972236
2011-04-14,28.109195709228516,4111100,25.60562434715166
2011-04-15,28.362438201904297,2213700,32.92493303103866
2011-04-18,28.052228927612305,1287800,29.29647552373072
2011-04-19,27.9952449798584,1127900,23.170761791339956
2011-04-20,28.43207359313965,1761700,33.83588148375428
2011-04-21,28.204158782958984,1293900,25.432252435109362
2011-04-25,28.90688705444336,1612300,38.564933362995816
2011-04-26,29.210773468017578,1600000,43.09853477211102
2011-04-27,29.25509262084961,1127600,42.531982341624676
2011-04-28,29.611934661865234,1002200,46.586824486882485
2011-04-29,29.847702026367188,1588300,52.04425972930477
2011-05-02,30.07072639465332,1581200,53.667563040371036
2011-05-03,29.91143798828125,1301000,61.69698145442143
2011-05-04,30.255523681640625,1350600,63.961440144408094
2011-05-05,30.140840530395508,1200000,76.94629244261087
2011-05-06,30.166318893432617,1009700,75.46386767392784
2011-05-09,29.898685455322266,638600,76.38199034515762
2011-05-10,30.338369369506836,603600,80.17807064261471
2011-05-11,30.408479690551758,1000000,78.11032029628248
2011-05-12,30.797178268432617,1300000,85.26737791733228
2011-05-13,30.618745803833008,854600,77.15569121360636
2011-05-16,30.4658145904541,641200,70.91053193227052
2011-05-17,29.90506362915039,1351900,59.23934026557694
2011-05-18,30.274658203125,669000,59.38658606824427
2011-05-19,30.567777633666992,904100,60.035855347279565
2011-05-20,30.26190948486328,704700,52.60441973159419
2011-05-23,30.210927963256836,887500,54.20389699610343
2011-05-24,29.956039428710938,1012500,45.68821205903417
2011-05-25,29.783994674682617,730000,44.94583569711214
2011-05-26,29.55457878112793,1432600,41.80885210330927
2011-05-27,28.993820190429688,1203800,38.765798355067176
2011-05-31,29.146766662597656,2399400,34.07178853319097
2011-06-01,28.90460777282715,2713600,30.781631765630394
2011-06-02,28.68795394897461,1359300,21.805924462667562
2011-06-03,28.26738739013672,2141000,20.48019439951993
2011-06-06,28.261011123657227,1649500,21.2626178753939
2011-06-07,27.73848533630371,1594800,21.476622306325908
2011-06-08,27.413501739501953,908300,11.884669408132112
2011-06-09,27.604671478271484,749500,9.424385157805276
2011-06-10,27.190479278564453,818900,9.15284814011747
2011-06-13,27.343406677246094,1103000,12.871413788930624
2011-06-14,27.76398468017578,1082400,22.78504393160385
2011-06-15,27.78309440612793,1338300,24.177686800749484
2011-06-16,27.70026397705078,837300,25.128413465006915
2011-06-17,27.630149841308594,863400,28.93706656296584
2011-06-20,28.082590103149414,676900,34.95492152726955
2011-06-21,28.025238037109375,869500,36.882205222842295
2011-06-22,27.942405700683594,1261200,38.41596341302948
2011-06-23,27.81495475769043,1129100,42.26579918499153
2011-06-24,27.623781204223633,707200,39.75409232762174
2011-06-27,27.878677368164062,811600,52.46638877945953
2011-06-28,28.433067321777344,1054500,66.59742611443134
2011-06-29,28.261011123657227,806200,60.75140582400751
2011-06-30,27.993377685546875,2098500,63.81551827803406
2011-07-01,28.84088897705078,1448300,70.7962365505952
2011-07-05,29.312442779541016,1614500,71.20394534767829
2011-07-06,28.949220657348633,1380800,64.59315342495834
2011-07-07,29.1085262298584,997500,67.29231122342631
2011-07-08,28.45217514038086,1398100,58.823481239625224
2011-07-11,27.458112716674805,2318100,43.9951683449564
2011-07-12,27.56007194519043,1473900,45.565114608621336
2011-07-13,27.01205062866211,2026700,41.852693932255164
2011-07-14,26.323841094970703,4096100,38.109796995680874
2011-07-15,26.362083435058594,5872600,39.6876550180885
2011-07-18,25.106739044189453,7007800,30.52829592074623
2011-07-19,25.11311912536621,3822000,24.73346600880535
2011-07-20,25.08762550354004,1566900,25.297818600129347
2011-07-21,25.144968032836914,1888800,27.077016308400474
2011-07-22,25.80767822265625,2609000,24.841481380232068
2011-07-25,25.756715774536133,2832300,18.295503981121087
2011-07-26,25.680240631103516,1729100,19.281468765223607
2011-07-27,25.418983459472656,2718900,15.981274060317645
2011-07-28,25.48960304260254,1828000,19.376440986536792
2011-07-29,25.399717330932617,1975900,23.831095833410117
2011-08-01,25.31626319885254,2286100,21.33903303265845
2011-08-02,24.3082218170166,2226400,19.094989873357008
2011-08-03,24.82830047607422,2304900,32.222557776562525
2011-08-04,23.92941665649414,2257800,25.994662209724723
2011-08-05,23.916574478149414,2735100,34.43996087977612
2011-08-08,22.150922775268555,3035600,23.474602266943492
2011-08-09,22.908544540405273,4150600,32.74904327952184
2011-08-10,22.792978286743164,4150300,31.550272634400585
2011-08-11,23.723953247070312,3135300,34.314768243145835
2011-08-12,24.04498863220215,2065500,37.61840929647839
2011-08-15,24.32106590270996,1714300,40.444483659454114
2011-08-16,24.089929580688477,2459000,40.61650352995296
2011-08-17,24.089929580688477,2031200,40.01837366162538
2011-08-18,22.934226989746094,1979300,34.737711611352765
2011-08-19,23.390087127685547,2459300,38.60179681202324
2011-08-22,23.569868087768555,1415000,45.1559297346404
2011-08-23,24.134870529174805,2088600,45.477317607730576
2011-08-24,24.39169692993164,1620400,53.29068277105554
2011-08-25,23.78816032409668,1529700,49.156809024495445
2011-08-26,23.640491485595703,2023100,62.419717275039
2011-08-29,24.192649841308594,2126100,61.086452264795284
2011-08-30,24.44948387145996,1588100,63.96105566250899
2011-08-31,24.873239517211914,2339200,60.59176806556185
2011-09-01,24.21190643310547,1476700,51.44751367325058
2011-09-02,23.428611755371094,953000,42.88641970128324
2011-09-06,22.792978286743164,2074000,40.28848224757589
2011-09-07,23.3194580078125,1827800,44.652375055634245
2011-09-08,23.357980728149414,1769300,53.480988362601
2011-09-09,23.29377555847168,2114200,49.15442470570229
2011-09-12,22.979171752929688,3031800,44.93386766597209
2011-09-13,23.133256912231445,2444200,40.758210598489875
2011-09-14,23.794578552246094,3519300,44.873141103828296
2011-09-15,23.210315704345703,2142800,45.02215046675195
2011-09-16,23.12684440612793,4965200,45.52569239045881
2011-09-19,22.940637588500977,1320100,38.351229037926494
2011-09-20,22.6966609954834,1587900,33.652555795741264
2011-09-21,22.227968215942383,1519500,25.5343380558774
2011-09-22,21.9647216796875,3069900,27.564064478092163
2011-09-23,22.118816375732422,1703900,35.043911499228585
2011-09-26,22.52330780029297,1843000,46.74912591874528
2011-09-27,22.484790802001953,1933200,38.596503114550416
2011-09-28,21.874828338623047,1721300,32.47336403203303
2011-09-29,21.849153518676758,2065900,32.77179644189117
2011-09-30,20.93743133544922,2504500,28.686251491321272
2011-10-03,20.539356231689453,2427000,24.234734572207287
2011-10-04,20.719139099121094,2782400,16.220127609722752
2011-10-05,21.54096794128418,3031400,32.573724566492984
2011-10-06,21.515283584594727,1464300,32.97151688011003
2011-10-07,21.34834861755371,2394900,33.106349188361364
2011-10-10,22.30501365661621,1548200,46.390595326069146
2011-10-11,22.375635147094727,2258700,51.46864995746948
2011-10-12,22.369213104248047,2672300,54.23952782451269
2011-10-13,22.048185348510742,1907700,49.28473610507509
2011-10-14,22.31143569946289,1974800,47.791236209393716
2011-10-17,22.465526580810547,3552800,49.803896289484804
2011-10-18,22.31143569946289,3804400,54.899236353674404
2011-10-19,21.97756576538086,1516400,51.3477167186536
2011-10-20,22.439847946166992,1671700,67.4107369810535
2011-10-21,22.52330780029297,2167500,74.79932365610983
2011-10-24,23.67900848388672,2454600,79.74187563726129
2011-10-25,23.16536521911621,1735000,67.4002407608238
2011-10-26,23.865205764770508,2418100,71.99519119189743
2011-10-27,24.905330657958984,2619200,78.61569306339702
2011-10-28,24.63357162475586,2244300,71.05316980115603
2011-10-31,24.62711524963379,2186600,70.59524706815066
2011-11-01,24.530046463012695,2523000,69.44361586699313
2011-11-02,24.924747467041016,1986100,75.54519619271396
2011-11-03,25.19651222229004,1605300,75.58212180221575
2011-11-04,25.015329360961914,1058000,72.5011251984877
2011-11-07,25.041213989257812,1030600,74.64704808550064
2011-11-08,25.19651222229004,949100,80.03215236104887
2011-11-09,23.5853328704834,3325200,58.800504088391314
2011-11-10,23.77944564819336,1692500,59.489284790067416
2011-11-11,24.174158096313477,968400,54.22646400990903
2011-11-14,23.844160079956055,665200,55.98153724518917
2011-11-15,24.090044021606445,715900,52.15357071085372
2011-11-16,23.481807708740234,1207600,35.13521265001498
2011-11-17,22.918867111206055,1260800,33.12106024642904
2011-11-18,23.313568115234375,1027500,37.988042409364866
2011-11-21,22.705331802368164,1371300,34.740208573260645
2011-11-22,22.588865280151367,1012900,29.511953974146422
2011-11-23,22.168272018432617,1093100,24.11506646702213
2011-11-25,22.097097396850586,291200,24.577283367695685
2011-11-28,22.7117977142334,1041800,31.595051806654794
2011-11-29,22.498268127441406,907000,28.875292793727766
2011-11-30,23.171215057373047,1346200,46.19952157280926
2011-12-01,22.905921936035156,1181200,42.086806033115366
2011-12-02,23.320043563842773,1093400,42.28974585545559
2011-12-05,23.798860549926758,1210600,49.60177225598448
2011-12-06,24.02533721923828,1248000,49.429215485497444
2011-12-07,23.960628509521484,1244600,54.67169019756426
2011-12-08,23.56591796875,1446400,56.52732737863659
2011-12-09,23.785924911499023,823200,54.93912919305745
2011-12-12,23.533571243286133,847100,59.356735730975856
2011-12-13,22.52416229248047,1511200,49.39175681030479
2011-12-14,21.902978897094727,1492600,47.59673533367521
2011-12-15,22.19416046142578,1860600,50.84557971951259
2011-12-16,22.012977600097656,2643600,43.41471498448324
2011-12-19,21.21061897277832,1933600,39.07800140234075
2011-12-20,21.20415687561035,2694200,31.1882345773639
2011-12-21,21.462976455688477,1562600,36.183426884312254
2011-12-22,20.809450149536133,2137700,27.014256576465826
2011-12-23,20.98415756225586,1010000,22.710342003972926
2011-12-27,20.796504974365234,1496300,18.45773565611954
2011-12-28,20.479448318481445,860200,17.5904653365519
2011-12-29,20.731800079345703,915200,22.89612602194002
2011-12-30,20.634748458862305,1371800,19.138167691954777
2012-01-03,20.796504974365234,2693900,22.709570822780165
2012-01-04,21.074743270874023,1758400,33.08148577591177
2012-01-05,21.120031356811523,2872700,39.44141268851589
2012-01-06,20.64121437072754,3105400,30.066255582709786
2012-01-09,21.016508102416992,2875000,37.81637518056094
2012-01-10,21.294740676879883,1880300,51.17974342239009
2012-01-11,21.514739990234375,1833400,54.10955619771096
2012-01-12,21.41121482849121,1783000,49.285750380575195
2012-01-13,21.152393341064453,2227900,55.31070399222124
2012-01-17,21.41767692565918,4309000,56.53014845098991
2012-01-18,21.398269653320312,2977300,59.548416072673746
2012-01-19,21.191211700439453,3774800,61.70230647412077
2012-01-20,21.191211700439453,1838300,58.23680682844089
2012-01-23,21.92238998413086,2295700,68.80922330232337
2012-01-24,22.17474937438965,2155500,69.6135415971124
2012-01-25,22.65357208251953,2144900,71.25460456818355
2012-01-26,22.582393646240234,1857200,69.5504188288093
2012-01-27,22.685922622680664,1781400,80.38480419666837
2012-01-30,22.490129470825195,2398800,73.13240588374784
2012-01-31,22.7838134765625,2167600,73.26211207366615
2012-02-01,22.77729034423828,2198100,71.13292987700925
2012-02-02,22.933931350708008,1874400,75.04237814479711
2012-02-03,23.403831481933594,1896100,84.62304241110188
2012-02-06,23.925949096679688,4066300,85.74878636092042
2012-02-07,23.762781143188477,1855700,82.37324872367373
2012-02-08,23.318981170654297,2063700,77.35840172337006
2012-02-09,23.88025665283203,3056100,80.21419025436914
2012-02-10,24.043415069580078,2433500,77.31906488605878
2012-02-13,23.952043533325195,2360200,73.88218300069303
2012-02-14,23.873737335205078,2452600,68.37351439222917
2012-02-15,23.15582847595215,2558700,57.22724132344011
2012-02-16,23.449514389038086,1570700,59.183672533078855
2012-02-17,23.612672805786133,1167600,63.60758001045072
2012-02-21,23.266775131225586,1096100,55.781323847381515
2012-02-22,22.529285430908203,2487000,47.473400224317196
2012-02-23,22.907814025878906,1299700,49.74543358833973
2012-02-24,22.751182556152344,1890300,43.22486013166315
2012-02-27,23.09056282043457,1586300,40.9858711423485
2012-02-28,23.012239456176758,1157800,41.75032348795065
2012-02-29,23.05140495300293,1726700,46.771741676742
2012-03-01,23.103618621826172,1301400,39.317866291131445
2012-03-02,22.979618072509766,1238000,35.20886063864319
2012-03-05,23.266775131225586,1352600,40.963923904186075
2012-03-06,22.61412811279297,1840900,35.57541260036521
2012-03-07,22.56844711303711,1090700,42.049435663466554
2012-03-08,22.751182556152344,1074700,40.25495480772456
2012-03-09,22.960033416748047,658000,41.00726155528165
2012-03-12,23.110137939453125,862800,47.71859389176662
2012-03-13,23.286354064941406,690100,63.18183750408485
2012-03-14,23.14276885986328,711600,54.45548493691342
2012-03-15,23.175405502319336,1046300,58.44158505879486
2012-03-16,23.136249542236328,1496900,51.032480928435405
2012-03-19,23.723621368408203,1477900,63.06956318800499
2012-03-20,23.5147762298584,891800,58.01347387753972
2012-03-21,23.325510025024414,972000,53.66368600162375
2012-03-22,23.449514389038086,803100,57.75852675509345
2012-03-23,23.743200302124023,876900,57.84940248959526
2012-03-26,24.213109970092773,1307400,78.03216087795386
2012-03-27,24.369741439819336,1496200,80.39646853968387
2012-03-28,24.291423797607422,1789000,76.94065602647593
2012-03-29,24.239215850830078,1816800,73.67156715332692
2012-03-30,23.965106964111328,1207600,65.1271456417622
2012-04-02,24.33711051940918,1140200,67.3866676934361
2012-04-03,24.369741439819336,1117600,71.0763817218569
2012-04-04,24.115211486816406,1462600,65.00008219573422
2012-04-05,24.14784812927246,889900,66.17962261203915
2012-04-09,23.60614776611328,1238100,48.09325733193483
2012-04-10,23.208038330078125,1767800,45.30944935124632
2012-04-11,23.5147762298584,862600,52.79383245226581
2012-04-12,23.664892196655273,906600,53.154954888503696
2012-04-13,23.612672805786133,3932600,47.94241380471542
2012-04-16,23.33856773376465,6414600,35.3070223224872
2012-04-17,23.88025665283203,1002200,42.71841134133587
2012-04-18,23.710573196411133,1772000,41.58791841082198
2012-04-19,23.351619720458984,1544200,38.19442330368214
2012-04-20,23.442991256713867,2083300,42.70071766494641
2012-04-23,22.216020584106445,5351000,26.06778636783484
2012-04-24,22.927396774291992,3301600,35.88758801082108
2012-04-25,23.25372886657715,1942200,41.687741846196765
2012-04-26,23.81500244140625,2807300,47.08573993685411
2012-04-27,24.177528381347656,1559400,55.164823039364435
2012-04-30,24.21707534790039,1447700,59.75310553853301
2012-05-01,24.309358596801758,1746000,58.01241242103757
2012-05-02,24.414817810058594,1286300,57.63082724015339
2012-05-03,24.37527084350586,1094500,57.77983862839192
2012-05-04,23.788633346557617,2994900,54.31622408864389
2012-05-07,23.96000862121582,2902600,50.82331647700176
2012-05-08,23.683170318603516,1596100,49.72323070503641
2012-05-09,23.294269561767578,1202200,49.42424585934963
2012-05-10,23.386554718017578,1369800,49.43352185944358
2012-05-11,23.51837730407715,1264000,66.75615585843366
2012-05-14,23.13607406616211,1355200,52.93322487708858
2012-05-15,23.72930145263672,2333600,56.218218347032334
2012-05-16,23.82818031311035,1517700,50.19600411469631
2012-05-17,22.89219093322754,1220800,33.668278624202244
2012-05-18,22.569204330444336,1466000,30.468679000618067
2012-05-21,22.68126678466797,1559700,30.79316519485873
2012-05-22,22.720809936523438,1127400,29.699826928720782
2012-05-23,22.839466094970703,1000000,31.938112546623756
2012-05-24,22.799907684326172,3236700,36.65481233269505
2012-05-25,23.010828018188477,1072300,37.323884824649
2012-05-29,23.412914276123047,1604900,46.507616635429805
2012-05-30,23.261316299438477,1570900,49.546338012709995
2012-05-31,23.347002029418945,2153800,49.4544936079183
2012-06-01,23.043798446655273,1773000,43.750113033291065
2012-06-04,22.76694679260254,1990400,44.99996641307679
2012-06-05,22.71422004699707,1735100,33.89141830099781
2012-06-06,22.991056442260742,1658000,37.42568187027275
2012-06-07,22.98446273803711,940100,51.92288277001325
2012-06-08,22.74058723449707,1994800,53.693281773551284
2012-06-11,22.31873321533203,1372300,43.10769962694144
2012-06-12,22.621938705444336,978000,48.29158391596638
2012-06-13,22.3121395111084,1443500,41.45280992456043
2012-06-14,22.450565338134766,1847600,44.513514614571676
2012-06-15,22.74058723449707,2435600,45.85871387583975
2012-06-18,22.70762825012207,856200,37.813155239045045
2012-06-19,22.925151824951172,1081900,44.320706235825696
2012-06-20,22.76694679260254,1281400,40.434702745954546
2012-06-21,22.37805938720703,1470500,39.32345817679723
2012-06-22,22.325319290161133,1421600,42.369033714145594
2012-06-25,21.857336044311523,1330000,37.05187045126243
2012-06-26,21.73209571838379,1395600,30.062790649907996
2012-06-27,21.27069091796875,4559600,26.27751487226172
2012-06-28,21.771636962890625,2183000,37.478661108079415
2012-06-29,22.325319290161133,1331300,50.08230486025336
2012-07-02,22.496706008911133,1186400,48.38167425654819
2012-07-03,22.31873321533203,857400,50.0882129440566
2012-07-05,22.65488624572754,1122300,52.59612947130305
2012-07-06,22.5230712890625,915000,47.12044290855946
2012-07-09,22.397830963134766,1183400,45.99660351036324
2012-07-10,22.186901092529297,1334200,40.44357140458681
2012-07-11,22.068256378173828,1100800,40.862077653443706
2012-07-12,21.672771453857422,1525000,40.791682147755836
2012-07-13,21.69253921508789,2210500,41.66660386960516
2012-07-16,21.323423385620117,1347200,42.78064108806708
2012-07-17,21.92323875427246,2777700,52.29058686602807
2012-07-18,21.929832458496094,1511500,58.86527187894098
2012-07-19,22.226455688476562,3251900,56.47295083124224
2012-07-20,22.305545806884766,4675000,49.674631964090565
2012-07-23,23.195392608642578,7029100,59.29823296691693
2012-07-24,23.043798446655273,2192000,59.717510860345946
2012-07-25,22.879011154174805,1578100,53.14839742696627
2012-07-26,23.287677764892578,1391100,59.96567349848901
2012-07-27,23.900684356689453,2026700,67.37817842403453
2012-07-30,24.173646926879883,1609200,72.64872297650777
2012-07-31,23.84742546081543,1172500,69.36583737377805
2012-08-01,23.75421905517578,1150500,74.25195877461691
2012-08-02,23.541179656982422,1335200,70.61112467389076
2012-08-03,24.013870239257812,1214200,79.319553574732
2012-08-06,24.27351951599121,1467200,77.66352186008754
2012-08-07,24.499866485595703,1309200,78.76218099726005
2012-08-08,24.65964698791504,1034200,78.09113141577701
2012-08-09,24.87934684753418,1650400,78.78007279620432
2012-08-10,25.00583839416504,1152400,74.41175638523045
2012-08-13,25.019161224365234,992900,77.6671380889818
2012-08-14,25.059106826782227,804000,81.64116913632468
2012-08-15,25.112369537353516,1087800,79.52932795177837
2012-08-16,25.458553314208984,1396700,77.59435715241338
2012-08-17,25.458553314208984,1075400,75.1958146420207
2012-08-20,25.378662109375,1180700,83.23702102255274
2012-08-21,25.292118072509766,754300,83.47846305876882
2012-08-22,25.132335662841797,621700,85.460023395631
2012-08-23,24.826087951660156,934600,69.55126792430653
2012-08-24,24.959239959716797,1523500,67.5767060427123
2012-08-27,25.07908058166504,1066200,65.70413802162251
2012-08-28,24.965900421142578,1196500,58.51866078259311
2012-08-29,24.965900421142578,1207900,52.742778741485296
2012-08-30,24.899320602416992,1179100,46.491353724520444
2012-08-31,24.972549438476562,750100,48.52292315912393
2012-09-04,24.76616859436035,1262800,41.60286144808869
2012-09-05,24.719572067260742,792600,38.69717795801789
2012-09-06,25.265483856201172,1148200,45.017140516794946
2012-09-07,25.059106826782227,859500,40.68330303766362
2012-09-10,25.198911666870117,1214300,45.92148597592906
2012-09-11,25.671602249145508,1291600,57.326590989602934
2012-09-12,25.87133026123047,1628100,64.05082938646436
2012-09-13,26.01112937927246,1013900,74.05423151882788
2012-09-14,26.60366439819336,1720000,78.13239079247569
2012-09-17,25.937898635864258,1810900,62.37997199942372
2012-09-18,25.751495361328125,749200,61.090330029661956
2012-09-19,25.56508445739746,969400,58.035808840118754
2012-09-20,25.431926727294922,1047800,57.01759632642947
2012-09-21,25.30543327331543,1002200,54.32535195978763
2012-09-24,25.36534881591797,905600,58.09355288996388
2012-09-25,24.985872268676758,969400,53.30031240190164
2012-09-26,24.83941078186035,912800,44.139328585363494
2012-09-27,25.065757751464844,793900,50.090984189572744
2012-09-28,25.411954879760742,1202200,52.758639766537115
2012-10-01,25.23885726928711,1635800,43.92517308797298
2012-10-02,25.165624618530273,1415200,39.72859662769567
2012-10-03,24.905994415283203,1152500,34.45715429240376
2012-10-04,24.93926239013672,1105500,22.221606782233565
2012-10-05,25.13899803161621,1066700,34.21037155880991
2012-10-08,25.445253372192383,687700,44.22114965861524
2012-10-09,25.012496948242188,889000,40.459551184146484
2012-10-10,24.8460636138916,858900,39.99994790978236
2012-10-11,25.172286987304688,800200,47.872403327495725
2012-10-12,26.164262771606445,2524300,59.83619992851712
2012-10-15,25.132335662841797,3787700,51.55364505374399
2012-10-16,25.55176544189453,1759900,57.14281889268033
2012-10-17,25.937898635864258,1770500,58.473482297626404
2012-10-18,25.997819900512695,1409000,56.02739349698789
2012-10-19,25.997819900512695,3559100,58.09659963773203
2012-10-22,25.558425903320312,3924700,53.88674846778605
2012-10-23,24.486547470092773,2568200,46.42435440793751
2012-10-24,24.53315544128418,1578800,46.545929307680396
2012-10-25,24.34674644470215,1647100,43.24633430131409
2012-10-26,24.200279235839844,2192000,39.089810470505846
2012-10-31,24.200279235839844,2153700,42.29804237056994
2012-11-01,24.428895950317383,2617900,46.0902630897783
2012-11-02,23.92458724975586,2103800,38.68416391160365
2012-11-05,24.32130241394043,1401800,31.26238195930108
2012-11-06,25.41063690185547,7254700,52.796875994366
2012-11-07,25.0206241607666,1703200,44.63037929088944
2012-11-08,25.047521591186523,1718500,40.293635743633246
2012-11-09,25.02735137939453,1179300,39.32803347877101
2012-11-12,24.845800399780273,966500,37.81798804690879
2012-11-13,24.865970611572266,1023400,41.96527135351425
2012-11-14,24.52975845336914,1085100,50.60460766820263
2012-11-15,24.435623168945312,1163000,48.65324130723692
2012-11-16,24.509586334228516,1061300,52.32061225565957
2012-11-19,25.14165687561035,1141600,61.78443227580107
2012-11-20,25.05424690246582,1389400,60.4612702268359
2012-11-21,25.3366641998291,1103200,60.97566375354915
2012-11-23,25.719940185546875,533500,72.36176917214496
2012-11-26,25.76700210571289,710000,69.72476109233668
2012-11-27,25.753562927246094,1003600,56.623295291283235
2012-11-28,25.91493797302246,936900,68.94612727675332
2012-11-29,25.955286026000977,983200,69.12210213347262
2012-11-30,25.86113929748535,1669000,67.0329284971186
2012-12-03,25.350114822387695,1341000,59.080038517171324
2012-12-04,25.094593048095703,1600400,53.79468723525769
2012-12-05,24.879419326782227,1857300,56.046644022357576
2012-12-06,25.02735137939453,1013200,60.04577388168734
2012-12-07,25.188722610473633,1092800,61.197379270525474
2012-12-10,25.282869338989258,1011800,52.83031274275334
2012-12-11,25.55855941772461,1217800,59.398560383897625
2012-12-12,25.397174835205078,1528200,51.18097573723038
2012-12-13,25.254613876342773,1011000,39.97649891328017
2012-12-14,25.098461151123047,1227100,36.24552646449425
2012-12-17,24.94910430908203,1662400,34.32578674317314
2012-12-18,24.928754806518555,1895400,29.667663403807524
2012-12-19,24.82691764831543,1721900,27.311462583990433
2012-12-20,24.84728240966797,1273400,28.9906145037655
2012-12-21,24.467103958129883,2022200,30.652872364255174
2012-12-24,24.365266799926758,687100,32.86627993988499
2012-12-26,24.025827407836914,1281400,31.0531984433689
2012-12-27,24.14124298095703,1182700,30.043369038904984
2012-12-28,23.97151756286621,1800300,22.689293564224243
2012-12-31,24.372055053710938,1071800,32.03401704012322
2013-01-02,24.3177433013916,2460900,23.182580807393762
2013-01-03,24.521408081054688,2271100,31.412003413538528
2013-01-04,24.26344108581543,2228900,29.945013383884387
2013-01-07,23.998668670654297,2372900,28.684190291422937
2013-01-08,24.019044876098633,2953400,31.025213380205514
2013-01-09,24.22270965576172,1728300,36.59794225005667
2013-01-10,25.166357040405273,5557800,54.88275183908462
2013-01-11,25.044157028198242,2704400,52.75138410195307
2013-01-14,24.820125579833984,1791000,55.15873524652168
2013-01-15,25.261396408081055,1993000,61.913371131824775
2013-01-16,25.505800247192383,2043200,70.18517882618102
2013-01-17,25.756990432739258,1747000,71.24997303357031
2013-01-18,26.48340606689453,3177500,78.81628035718585
2013-01-22,26.388351440429688,1640100,74.87430138677901
2013-01-23,25.879188537597656,2370800,67.31928660313946
2013-01-24,26.10321617126465,1873900,67.46624893168828
2013-01-25,25.32929801940918,7321900,60.56530715652391
2013-01-28,25.132410049438477,3041900,61.39151985692542
2013-01-29,25.26819610595703,1108100,62.26663674842115
2013-01-30,25.28177261352539,2551300,60.80329639712418
2013-01-31,25.370019912719727,1749700,52.51673454764868
2013-02-01,25.560102462768555,1555400,56.2705208743828
2013-02-04,25.410755157470703,1379100,57.31090937078866
2013-02-05,25.723047256469727,1055500,55.90287058841892
2013-02-06,25.913137435913086,1506600,55.28175353762386
2013-02-07,26.286518096923828,1806900,56.655251157971755
2013-02-08,27.046876907348633,2649100,57.02194618158308
2013-02-11,26.94504737854004,3309100,56.9258229411226
2013-02-12,27.080825805664062,2206600,66.48063720540395
2013-02-13,27.44062614440918,2341400,67.68417123574423
2013-02-14,27.752920150756836,2162000,86.50306290239735
2013-02-15,27.515304565429688,1925000,85.4546816742997
2013-02-19,27.773290634155273,1749500,85.96504679540858
2013-02-20,27.915847778320312,1427600,86.46626706450846
2013-02-21,27.915847778320312,1639800,86.12730155585257
2013-02-22,27.922645568847656,1164900,85.36605700469795
2013-02-25,27.230180740356445,2403900,73.42661052222095
2013-02-26,27.189443588256836,1460500,70.30069192201381
2013-02-27,27.508525848388672,1515200,71.3248300143535
2013-02-28,27.169078826904297,1494600,61.90478150708757
2013-03-01,27.230180740356445,2154700,53.047453310265404
2013-03-04,27.209810256958008,1433400,54.524263338904525
2013-03-05,27.63072395324707,1031600,58.562275440921326
2013-03-06,27.800439834594727,1664100,55.9550431272326
2013-03-07,27.87511444091797,930300,52.195003621507574
2013-03-08,28.289241790771484,778700,63.07336907492847
2013-03-11,28.703353881835938,1459100,64.92350350577053
2013-03-12,28.6151065826416,1008400,61.419108792900346
2013-03-13,28.38429069519043,1197700,57.11355375012673
2013-03-14,28.6694278717041,910300,60.45636028105896
2013-03-15,28.771242141723633,1271900,75.8541574135347
2013-03-18,28.662626266479492,637200,74.16498865543431
2013-03-19,28.397871017456055,962700,64.85287381366034
2013-03-20,28.676206588745117,730400,75.694898344757
2013-03-21,29.11747932434082,1152500,78.48401594087919
2013-03-22,29.762420654296875,1809900,82.41427300202047
2013-03-25,29.64701271057129,1376200,77.75748345762
2013-03-26,29.75563621520996,985400,77.37694760625371
2013-03-27,29.64701271057129,660400,74.57672586164111
2013-03-28,29.830320358276367,993000,72.83749200798438
2013-04-01,29.572338104248047,980000,63.50243258237824
2013-04-02,29.456932067871094,1006700,62.970961039419045
2013-04-03,29.21251678466797,1494200,62.708162005074726
2013-04-04,29.50444984436035,1034800,62.785772195314564
2013-04-05,29.416194915771484,1822300,59.916629470373664
2013-04-08,29.36188507080078,1124800,60.93422577629952
2013-04-09,29.8099365234375,860300,70.88319801957297
2013-04-10,30.353052139282227,1705600,72.99792609272521
2013-04-11,30.59067726135254,1456600,71.40033403561347
2013-04-12,30.488832473754883,713200,62.52908986952079
2013-04-15,29.735279083251953,840000,51.24774122089202
2013-04-16,30.0950870513916,723700,54.4803345611855
2013-04-17,29.694547653198242,1150900,50.58251510397481
2013-04-18,30.101869583129883,1346600,53.15449654793452
2013-04-19,30.563514709472656,1393800,60.99395869845028
2013-04-22,31.602210998535156,5200300,69.74989710156532
2013-04-23,32.42366409301758,1870100,76.72325287412517
2013-04-24,32.09779739379883,2169100,71.46069834739833
2013-04-25,32.42366409301758,1290400,73.94597205052895
2013-04-26,32.09099578857422,1351000,70.80731522172229
2013-04-29,32.625057220458984,1244200,71.18522571599505
2013-04-30,32.4333381652832,1156900,66.52944027454168
2013-05-01,32.2142448425293,1362400,62.938571891088344
2013-05-02,32.049930572509766,1240100,62.31809155781082
2013-05-03,32.33064651489258,1034400,72.13053751353152
2013-05-06,32.28272247314453,1218700,69.70173358614011
2013-05-07,32.49496841430664,1585700,76.10583247127468
2013-05-08,32.59082794189453,1119300,74.63276364774455
2013-05-09,32.5839729309082,1011500,71.9742110001535
2013-05-10,32.529205322265625,1183400,62.82713669483992
2013-05-13,32.49496841430664,1228000,51.261489870017684
2013-05-14,32.529205322265625,1875200,58.51049259430391
2013-05-15,32.59767150878906,1431600,53.82070374992671
2013-05-16,32.32379913330078,1060100,55.24717470405756
2013-05-17,32.803070068359375,932600,54.11385319014262
2013-05-20,32.659297943115234,735900,55.340245221781466
2013-05-21,33.179649353027344,1692200,69.97204741995003
2013-05-22,32.508663177490234,1499300,57.84544242256593
2013-05-23,32.15946578979492,1353700,47.139400213681206
2013-05-24,32.28955841064453,1320000,50.111181978592505
2013-05-28,31.988309860229492,928300,41.99139550238629
2013-05-29,30.43408203125,4442700,26.66658412572636
2013-05-30,30.694265365600586,1239900,30.618027534404305
2013-05-31,30.454622268676758,1308700,29.499299792482233
2013-06-03,30.68057632446289,1067100,32.72502088403009
2013-06-04,30.577861785888672,1532100,31.660238304719414
2013-06-05,30.19443702697754,649300,28.675595253206225
2013-06-06,30.249210357666016,1231300,30.847027251660535
2013-06-07,30.8106632232666,972600,31.880694399779088
2013-06-10,30.529945373535156,1182500,31.105902964649374
2013-06-11,30.60524559020996,1204000,25.198023822762934
2013-06-12,29.995882034301758,961000,25.500808382331556
2013-06-13,30.345069885253906,800900,32.30991357155024
2013-06-14,30.187593460083008,794200,29.615009683487756
2013-06-17,30.338224411010742,998400,33.5157967263293
2013-06-18,30.632631301879883,679100,52.650695490224734
2013-06-19,30.728506088256836,1212600,50.47809936327988
2013-06-20,29.995882034301758,1117300,44.36976859381862
2013-06-21,30.3587646484375,1891200,46.17876257877019
2013-06-24,30.023263931274414,951000,43.75961214472891
2013-06-25,30.112281799316406,1236100,49.00998951448045
2013-06-26,30.214982986450195,1170700,49.59225342863856
2013-06-27,30.55731964111328,772500,46.8157088341215
2013-06-28,30.694265365600586,1353500,52.14279211899409
2013-07-01,31.31047248840332,1343100,58.05944786083785
2013-07-02,31.433712005615234,1274300,68.48570334182943
2013-07-03,31.515878677368164,517200,66.16241270957994
2013-07-05,31.91299057006836,538400,72.34017331690222
2013-07-08,31.981460571289062,1263500,71.73888578524065
2013-07-09,32.337493896484375,1008800,72.19230438826347
2013-07-10,32.14577865600586,1183500,67.99961435920889
2013-07-11,32.371726989746094,1065600,84.63051300200783
2013-07-12,32.61820983886719,841200,84.09066055187387
2013-07-15,32.488121032714844,912300,89.64749397293173
2013-07-16,32.28955841064453,1308800,83.82955065423397
2013-07-17,31.515878677368164,1979500,66.72537335393217
2013-07-18,31.823997497558594,1448700,66.43000282037198
2013-07-19,31.070833206176758,2424000,54.21123627716731
2013-07-22,32.09101486206055,3772900,58.00562231868805
2013-07-23,32.74830627441406,3351400,62.15188079052655
2013-07-24,32.26218032836914,1622400,56.41927464002864
2013-07-25,32.24848556518555,914500,53.08952411464415
2013-07-26,32.23479461669922,612700,52.356692780379376
2013-07-29,32.28272247314453,1646100,49.45949323820695
2013-07-30,32.04102325439453,1255400,48.976329697808325
2013-07-31,31.76481056213379,805800,44.12690502426212
2013-08-01,32.42772674560547,1581300,48.29418785865132
2013-08-02,32.44844436645508,875600,49.637588747376256
2013-08-05,32.31723403930664,616200,50.255941511984624
2013-08-06,31.944351196289062,1218500,54.279731102964796
2013-08-07,31.716482162475586,711400,48.908603347628684
2013-08-08,31.992691040039062,630600,60.36114447022184
2013-08-09,31.737197875976562,1036200,45.19784658747902
2013-08-12,31.315961837768555,2554900,29.2286543286026
2013-08-13,31.55074119567871,814100,38.87172736912012
2013-08-14,31.385019302368164,477100,37.10692504555389
2013-08-15,31.101898193359375,690000,34.34359303105323
2013-08-16,31.005231857299805,1314800,32.5799966188538
2013-08-19,30.998323440551758,1118300,34.80890355116108
2013-08-20,31.1295166015625,669300,40.33604229107611
2013-08-21,30.90854263305664,685800,23.300638915519684
2013-08-22,31.253814697265625,450200,31.154505792086667
2013-08-23,31.840778350830078,824900,43.428722952013366
2013-08-26,32.03412628173828,1529900,51.30269106947539
2013-08-27,31.460975646972656,794500,46.630123340016446
2013-08-28,31.516216278076172,681700,43.32681178622718
2013-08-29,31.509323120117188,948400,46.5696684173593
2013-08-30,31.474790573120117,1036700,52.705987409840496
2013-09-03,31.958166122436523,1253100,56.39928867500141
2013-09-04,32.2689094543457,1489300,63.27807357003973
2013-09-05,32.84207534790039,1634400,74.04604295613616
2013-09-06,33.13899230957031,1609300,77.93847120529728
2013-09-09,33.25638961791992,1364300,78.73466940774703
2013-09-10,32.572750091552734,2604800,66.10171871967641
2013-09-11,32.56583786010742,1179300,69.4174019610034
2013-09-12,32.110076904296875,1328000,59.77905804507715
2013-09-13,32.331058502197266,1100600,56.11008265374329
2013-09-16,32.72467803955078,826900,58.19679108742054
2013-09-17,32.98017120361328,684400,69.50350893517407
2013-09-18,33.608558654785156,2841200,73.41570100033128
2013-09-19,34.04359436035156,957100,75.88124012912104
2013-09-20,33.691429138183594,1529800,71.25825658285851
2013-09-23,33.50497817993164,1397500,65.73028193956671
2013-09-24,33.42902374267578,1054400,62.389403964876514
2013-09-25,33.07684326171875,1151300,52.63139891756179
2013-09-26,32.91801452636719,932700,47.44404773040546
2013-09-27,32.7177619934082,970500,43.88709847798718
2013-09-30,32.552040100097656,1089200,49.73365032983401
2013-10-01,32.883487701416016,1067800,53.770521198597386
2013-10-02,32.69014358520508,971300,57.342870084302895
2013-10-03,32.43464279174805,1027800,51.299878791592384
2013-10-04,32.75230026245117,804500,50.35336809917146
2013-10-07,32.199859619140625,962300,40.722434080906226
2013-10-08,31.716482162475586,1552100,26.700620115492455
2013-10-09,31.757904052734375,886400,18.832155136988078
2013-10-10,31.971973419189453,803800,25.635774161255938
2013-10-11,32.26199722290039,994900,32.88952019870506
2013-10-14,32.1238899230957,1798300,32.33619836895353
2013-10-15,31.757904052734375,1617800,32.215812121879225
2013-10-16,31.8338680267334,3918500,35.04755330773938
2013-10-17,32.337974548339844,1499000,45.167076372222354
2013-10-18,32.62109375,1906500,50.853237655580834
2013-10-21,34.33362579345703,5335700,63.35880142758145
2013-10-22,34.52007293701172,3184000,66.87892060480586
2013-10-23,34.57529830932617,2541000,70.50248553726405
2013-10-24,34.92058181762695,995000,70.65776055253863
2013-10-25,35.94256591796875,2997200,82.72942468444077
2013-10-28,35.99782943725586,1832500,90.46998834215154
2013-10-29,36.860992431640625,2208300,91.75142350287197
2013-10-30,36.35309600830078,1626400,84.20025740608281
2013-10-31,35.935646057128906,1410500,78.11812576388512
2013-11-01,36.06783676147461,954700,80.21435351438296
2013-11-04,36.34614181518555,1604500,85.62888086984805
2013-11-05,36.24176788330078,865000,84.07814910510923
2013-11-06,36.380924224853516,1162300,83.12595134727965
2013-11-07,35.205101013183594,1840400,68.47013887601283
2013-11-08,35.12161636352539,2721200,57.34237497307484
2013-11-11,35.657352447509766,1463600,59.949367291377015
2013-11-12,35.657352447509766,899500,59.55859557180252
2013-11-13,36.840118408203125,2594500,64.7711361147886
2013-11-14,36.694007873535156,915100,56.683381963764674
2013-11-15,36.68705368041992,950400,56.18314675339964
2013-11-18,36.23482131958008,820000,43.93536454611757
2013-11-19,36.026084899902344,853500,46.6379844535607
2013-11-20,36.10958480834961,969200,51.9201210766524
2013-11-21,36.24872970581055,888500,51.993827627673085
2013-11-22,36.79141616821289,1330000,54.63759340662833
2013-11-25,37.285404205322266,1812200,60.05368176503056
2013-11-26,37.396728515625,1316700,59.83832293294613
2013-11-27,37.4662971496582,1015800,77.8731083957089
2013-11-29,37.44541931152344,340600,79.09390059269944
2013-12-02,37.334110260009766,1163300,73.4892758356811
2013-12-03,36.85404968261719,1427000,64.776742858381
2013-12-04,36.22786331176758,4121300,41.235166587482325
2013-12-05,36.43658447265625,2764600,46.379713261187256
2013-12-06,36.01218032836914,1898500,41.50619820823291
2013-12-09,36.46440887451172,1489400,52.88953927728151
2013-12-10,36.35309600830078,974100,54.21915758595912
2013-12-11,35.907814025878906,898700,47.618996172783824
2013-12-12,35.817359924316406,938100,44.85042783695291
2013-12-13,36.01218032836914,598300,39.85512140758502
2013-12-16,35.69908142089844,791000,28.326844598714757
2013-12-17,35.85214614868164,850800,29.13509987148265
2013-12-18,36.492252349853516,1275400,38.59946779061668
2013-12-19,36.36701583862305,1662500,37.67900928943696
2013-12-20,36.520084381103516,1510700,40.78748778238661
2013-12-23,36.98623275756836,1585900,51.50067084330504
2013-12-24,37.188018798828125,449300,62.06306559323967
2013-12-26,37.68199157714844,1066500,64.60037207971092
2013-12-27,37.848976135253906,1178000,72.91660915760086
2013-12-30,38.245548248291016,892700,72.53518203730034
2013-12-31,38.27338409423828,776800,74.81998568168774
2014-01-02,37.97420883178711,2326100,77.75678043831377
2014-01-03,37.647193908691406,848600,73.11047043837047
2014-01-06,37.3828239440918,900000,67.01211139835043
2014-01-07,37.4176025390625,1461800,72.91291566216037
2014-01-08,37.37584686279297,1045700,70.9368261153528
2014-01-09,36.86100769042969,1750200,55.24763504380312
2014-01-10,36.90273666381836,1615900,57.80927129927644
2014-01-13,36.35309600830078,1249400,47.818059835254175
2014-01-14,36.39483642578125,1231500,41.30860612312402
2014-01-15,36.36701583862305,733400,37.2840057618158
2014-01-16,36.422664642333984,927300,27.430652882244928
2014-01-17,36.17916488647461,868000,20.872886487493602
2014-01-21,36.046958923339844,915800,7.752821013527097
2014-01-22,36.43658447265625,844300,19.013223434077176
2014-01-23,36.081748962402344,913300,18.66274185295846
2014-01-24,35.67125701904297,1512500,18.160673101983207
2014-01-27,35.552982330322266,1197700,19.057964470475923
2014-01-28,36.158287048339844,1905400,32.14958526641361
2014-01-29,35.3581657409668,1340300,26.4607371131589
2014-01-30,35.650386810302734,1074600,35.102470771255796
2014-01-31,34.44425964355469,4776500,26.485416744200307
2014-02-03,33.71499252319336,2313900,25.605572216801733
2014-02-04,34.1357421875,1641800,30.478581449562768
2014-02-05,34.19184112548828,1716500,31.295166277508173
2014-02-06,34.82292938232422,2096200,37.48233663288315
2014-02-07,35.12446975708008,1775200,41.82147226633032
2014-02-10,36.716251373291016,6195600,54.231995488470076
2014-02-11,36.723262786865234,1855000,51.90486112061629
2014-02-12,36.428749084472656,2264400,52.32430736335585
2014-02-13,37.10893630981445,1148800,59.29419377685886
2014-02-14,37.038818359375,841100,59.6656960513144
2014-02-18,37.136993408203125,1896100,56.816452454180066
2014-02-19,37.775108337402344,2261800,67.22206426549488
2014-02-20,38.05559158325195,1646700,67.16714241994875
2014-02-21,38.076637268066406,1257900,81.20505412512355
2014-02-24,38.20286178588867,2047800,93.01088005615513
2014-02-25,38.34311294555664,979900,92.6137597373946
2014-02-26,38.59553909301758,1257600,92.89627111086338
2014-02-27,38.58852767944336,1282500,91.75753842925877
2014-02-28,38.679691314697266,1367600,91.35413745487332
2014-03-03,38.32207107543945,769400,76.20166811900908
2014-03-04,38.53944396972656,1246400,77.73043118662233
2014-03-05,38.44828414916992,1067600,82.876951375977
2014-03-06,38.62358856201172,866400,79.50846109827062
2014-03-07,38.40620803833008,967700,75.19388126608649
2014-03-10,38.45529556274414,631300,74.73690841077075
2014-03-11,38.21687316894531,1226200,59.75218275889946
2014-03-12,38.272979736328125,1283500,55.32663457494041
2014-03-13,38.31504440307617,1457000,55.782101455309146
2014-03-14,38.32906723022461,996100,53.237042632215434
2014-03-17,38.53944396972656,1175700,54.86083433288315
2014-03-18,38.60955047607422,843500,50.38132434682763
2014-03-19,38.385169982910156,873200,45.05108681323374
2014-03-20,38.518409729003906,808300,46.15381816263148
2014-03-21,38.70774459838867,2580600,60.000039564161206
2014-03-24,38.53242492675781,1130100,49.81394746847219
2014-03-25,38.279991149902344,1319100,45.890442860043855
2014-03-26,38.19585418701172,981500,39.06840436608679
2014-03-27,38.2238883972168,933100,44.841179035719065
2014-03-28,38.69371795654297,879100,55.44888504518579
2014-03-31,39.00225067138672,752900,67.3916202061159
2014-04-01,39.54219436645508,1214500,73.14601348202049
2014-04-02,39.472076416015625,1202200,70.88648912185695
2014-04-03,39.10742950439453,890300,62.47202027376427
2014-04-04,38.56047821044922,1292000,50.30422606081873
2014-04-07,38.23090744018555,1169200,44.90588154387319
2014-04-08,38.25894546508789,1255500,48.20710439421705
2014-04-09,38.63059616088867,846500,51.49241991354733
2014-04-10,38.076637268066406,1128100,42.34680991022915
2014-04-11,37.60680389404297,1038800,39.52367218505304
2014-04-14,37.62084197998047,1058300,42.114088140098254
2014-04-15,37.50162124633789,1307800,41.76349668845398
2014-04-16,37.761077880859375,828100,44.794956741548454
2014-04-17,38.294002532958984,1999800,45.56746874093151
2014-04-21,39.030303955078125,1563600,50.2841326189192
2014-04-22,38.77785873413086,957600,41.77984292076787
2014-04-23,38.59553909301758,1932900,40.7952980424801
2014-04-24,38.53242492675781,891800,43.55350538355476
2014-04-25,38.37113571166992,796700,47.67630103266147
2014-04-28,39.051334381103516,1696700,59.27080208150132
2014-04-29,38.994808197021484,875300,58.262035292102105
2014-04-30,39.05133819580078,1156700,55.08368877749026
2014-05-01,39.33401107788086,712000,66.25828543017154
2014-05-02,39.411739349365234,573000,75.97204489240731
2014-05-05,39.23506164550781,842800,72.18916356588822
2014-05-06,39.143211364746094,764700,72.7364851656207
2014-05-07,39.11493682861328,964800,70.03429877188269
2014-05-08,39.058414459228516,753300,63.16838840259706
2014-05-09,39.164405822753906,598000,52.95100297501125
2014-05-12,39.284542083740234,982400,61.839327989959784
2014-05-13,39.2209358215332,790600,65.47155281753942
2014-05-14,38.832271575927734,596200,56.388773743629756
2014-05-15,38.189178466796875,1573400,46.78347114571519
2014-05-16,38.295196533203125,645000,33.22892500029613
2014-05-19,38.06904602050781,793900,30.90358269792182
2014-05-20,37.69450759887695,587000,25.257693950435396
2014-05-21,37.948909759521484,621300,24.479031949708173
2014-05-22,37.948909759521484,665000,22.25206659411397
2014-05-23,38.05491638183594,970500,26.997498758301532
2014-05-27,37.82878112792969,1289800,25.65454422130152
2014-05-28,37.72984313964844,937800,25.00013770462907
2014-05-29,37.70158004760742,921700,25.25779650075684
2014-05-30,37.948909759521484,1046100,28.921656181574022
2014-06-02,36.87474822998047,1554200,18.60045510260686
2014-06-03,36.38007736206055,2199700,16.72198747372485
2014-06-04,36.81114196777344,1319500,26.55721950403658
2014-06-05,37.06556701660156,911500,35.675909103287836
2014-06-06,36.88182067871094,943700,32.332060442599754
2014-06-09,37.51076889038086,1424500,43.659731241817376
2014-06-10,37.51782989501953,1396300,47.81076791161959
2014-06-11,37.390625,1146500,42.857073133114746
2014-06-12,37.072628021240234,1229200,39.63213842109823
2014-06-13,37.02315139770508,707700,37.62700265052988
2014-06-16,36.888893127441406,843000,38.474830293459476
2014-06-17,37.03727722167969,703400,41.609312058979576
2014-06-18,37.01608657836914,1066200,41.680740584363875
2014-06-19,37.05849075317383,929700,38.62809025111762
2014-06-20,37.20689010620117,1388100,55.55564063199886
2014-06-23,37.99836730957031,1639800,74.62372956124516
2014-06-24,37.82878112792969,915800,66.82293440286554
2014-06-25,37.48957443237305,919800,56.818284985185784
2014-06-26,37.34823226928711,638300,57.6038677627152
2014-06-27,37.63090515136719,595400,52.20785047777287
2014-06-30,37.48957443237305,682500,49.50514629150337
2014-07-01,38.03371047973633,971100,59.82751524719045
2014-07-02,37.91358184814453,772500,63.67852236640776
2014-07-03,38.24571990966797,507900,68.2111129673257
2014-07-07,37.8641242980957,761500,63.529872507978176
2014-07-08,37.8641242980957,1187200,61.963842374211666
2014-07-09,38.238651275634766,1016100,66.04860129074645
2014-07-10,37.970115661621094,1156800,61.2962541041492
2014-07-11,38.4365119934082,939900,64.12360708489464
2014-07-14,38.273990631103516,1219900,53.70051881936583
2014-07-15,37.82878112792969,1306300,50.0
2014-07-16,37.136226654052734,1911400,45.941412767628044
2014-07-17,37.39768981933594,2574100,50.552819528834874
2014-07-18,37.60262680053711,1032500,49.67832417875681
2014-07-21,36.59206771850586,3064800,41.47618668077182
2014-07-22,36.500221252441406,2288900,34.06735391920225
2014-07-23,36.1609992980957,1347700,32.58391528599016
2014-07-24,36.606204986572266,981500,34.065588576165695
2014-07-25,36.36593246459961,1445900,35.027813951502466
2014-07-28,36.13979721069336,1621900,33.513099882408895
2014-07-29,35.82180404663086,1269800,26.639120610723054
2014-07-30,36.128265380859375,845500,32.326530373198906
2014-07-31,35.6008415222168,828100,23.10531617138409
2014-08-01,35.35138702392578,1006700,22.730485826414593
2014-08-04,35.42979049682617,801400,25.97132060476615
2014-08-05,35.672115325927734,1274300,33.88146953585647
2014-08-06,35.828922271728516,1018800,32.32193750564204
2014-08-07,35.40839767456055,754400,26.419493957332364
2014-08-08,35.92158126831055,999200,41.93207231225144
2014-08-11,36.035606384277344,836700,44.43899588161703
2014-08-12,35.814666748046875,468700,45.73393240940791
2014-08-13,35.864559173583984,735400,39.87884896101219
2014-08-14,36.35633850097656,823300,49.87748262104376
2014-08-15,36.19954299926758,524700,50.77672464412106
2014-08-18,36.76972961425781,800300,61.56514033541248
2014-08-19,36.99067687988281,743900,60.74605809286416
2014-08-20,37.161712646484375,815300,71.34495663432716
2014-08-21,37.489585876464844,940200,78.6259721317135
2014-08-22,37.396934509277344,693600,76.23581940415296
2014-08-25,37.5679817199707,599000,75.77524365096816
2014-08-26,37.22587203979492,1167700,68.08119210791381
2014-08-27,37.247249603271484,894500,76.54351307121162
2014-08-28,37.1474723815918,528400,70.09369052115039
2014-08-29,37.532344818115234,792400,72.53251862103818
2014-09-02,37.53947067260742,763000,77.75253036747871
2014-09-03,37.9599723815918,1009400,80.12312477653062
2014-09-04,38.38048553466797,1158200,79.70732614021651
2014-09-05,38.50165557861328,775100,84.14392517230806
2014-09-08,38.487403869628906,626800,80.50655689279975
2014-09-09,38.25220489501953,1251900,72.29237277852826
2014-09-10,38.287837982177734,609100,70.89981776810531
2014-09-11,38.40899658203125,900100,68.48144478831509
2014-09-12,38.25220489501953,827800,66.75995861664782
2014-09-15,38.159542083740234,638100,61.9596804047384
2014-09-16,38.088279724121094,750300,69.57972975079636
2014-09-17,38.323463439941406,806800,72.2716845051921
2014-09-18,38.423255920410156,406600,76.4015087523742
2014-09-19,38.572933197021484,1292400,73.85660013013454
2014-09-22,38.06689453125,714800,59.840598545486635
2014-09-23,37.731903076171875,498900,45.60445942945535
2014-09-24,39.16449737548828,2862000,60.86970778444634
2014-09-25,38.950679779052734,988200,56.06944523221459
2014-09-26,39.43533706665039,966500,61.36757673154321
2014-09-29,39.23576736450195,810900,61.89650065195786
2014-09-30,39.200130462646484,956400,61.03445730210583
2014-10-01,39.09321975708008,1535100,58.304511887399585
2014-10-02,39.38544845581055,739800,63.31653561096224
2014-10-03,39.49948501586914,933400,65.66672494629948
2014-10-06,39.27140426635742,1204400,63.34386274987287
2014-10-07,39.02907180786133,1257000,57.94538730171003
2014-10-08,39.570743560791016,804200,61.751641402006946
2014-10-09,39.09321975708008,748400,54.99306630428893
2014-10-10,39.200130462646484,970700,61.77764210075605
2014-10-13,38.95781707763672,1118100,62.99109849862961
2014-10-14,39.0789680480957,1111300,48.74474153018252
2014-10-15,38.722599029541016,1984700,46.787045435981646
2014-10-16,38.6370849609375,1763000,37.33033509764246
2014-10-17,38.38048553466797,2197600,36.66655169255765
2014-10-20,40.2763671875,3105700,60.61896040487165
2014-10-21,41.138755798339844,2876700,67.56427432007939
2014-10-22,40.56144332885742,1470500,59.62654212658272
2014-10-23,40.96770095825195,1179200,61.46988738838075
2014-10-24,41.06036376953125,716100,64.27766374414466
2014-10-27,40.846534729003906,1063000,64.57144499951372
2014-10-28,41.1458854675293,916700,63.13918086078605
2014-10-29,41.06747817993164,678900,67.64322463901513
2014-10-30,41.060306549072266,911600,66.92543608767848
2014-10-31,41.311614990234375,1110600,71.38182014756455
2014-11-03,41.39063262939453,804000,71.16106516818463
2014-11-04,41.189552307128906,741700,73.24340235820812
2014-11-05,41.541419982910156,635100,76.0565626531523
2014-11-06,41.73530578613281,1041400,80.44068495919763
2014-11-07,41.63477325439453,854000,68.28236217044329
2014-11-10,40.988494873046875,1474200,47.85277879533204
2014-11-11,40.69407272338867,1375900,52.06197795211333
2014-11-12,41.2685432434082,1082300,54.4446949288186
2014-11-13,39.480506896972656,3957700,34.44918226316872
2014-11-14,38.791141510009766,1886100,31.50025991219981
2014-11-17,40.478641510009766,2112200,45.1950821797692
2014-11-18,40.29912567138672,1103900,44.546400232636095
2014-11-19,40.30632019042969,859100,44.6483854425297
2014-11-20,40.579200744628906,1119600,44.81736976616377
2014-11-21,40.70844650268555,1274700,45.2068599707637
2014-11-24,40.6869010925293,1587600,46.376892090682865
2014-11-25,41.31881332397461,1229600,48.457715966016096
2014-11-26,41.749656677246094,1272100,50.096266339944535
2014-11-28,42.5108528137207,750500,55.39829715256567
2014-12-01,41.26136779785156,1415400,51.56506670984172
2014-12-02,41.26136779785156,1082400,53.36745937324084
2014-12-03,40.988494873046875,905400,48.275902560183596
2014-12-04,40.75152587890625,1716600,59.67212486588668
2014-12-05,41.09620666503906,981500,68.51207701644601
2014-12-08,40.60791015625,785300,51.28583603437194
2014-12-09,40.478641510009766,1493500,51.80367503723561
2014-12-10,39.88981246948242,1238000,46.25309625306193
2014-12-11,40.42839050292969,670500,48.705207597792295
2014-12-12,40.256046295166016,948600,46.14441803125195
2014-12-15,40.35657501220703,1206100,47.222191925484566
2014-12-16,40.859230041503906,1855200,46.04934636172073
2014-12-17,41.19673538208008,1357900,45.16948220528492
2014-12-18,41.90766143798828,1075800,44.68360805768438
2014-12-19,39.22917938232422,5091100,35.69271591476745
2014-12-22,39.01374435424805,1583100,34.6418657025709
2014-12-23,39.65284729003906,2225700,41.30845343832074
2014-12-24,39.67438507080078,331800,42.788455644683445
2014-12-26,39.88264465332031,463700,41.72392550575606
2014-12-29,40.141143798828125,1240400,46.71381625946564
2014-12-30,39.523582458496094,1144800,43.708640890730784
2014-12-31,39.48768615722656,885000,47.1428981851041
2015-01-02,39.47333908081055,839400,42.668205099671134
2015-01-05,39.58822250366211,1053500,44.82757805639891
2015-01-06,39.07120895385742,903500,40.64794466330758
2015-01-07,39.25789260864258,1899300,37.78748565008254
2015-01-08,39.49486541748047,1789100,36.81865535423156
2015-01-09,38.216670989990234,1517000,23.721634348232996
2015-01-12,37.77863693237305,1792200,34.834643207254146
2015-01-13,37.275978088378906,1418400,32.86106531565257
2015-01-14,37.484222412109375,1467900,26.625083262748447
2015-01-15,37.31188201904297,1288800,25.33710003966351
2015-01-16,37.72835922241211,1062300,28.447690904441885
2015-01-20,37.39805221557617,1668300,22.945757199754098
2015-01-21,37.92943572998047,1103600,34.005548164466944
2015-01-22,38.66189193725586,1138800,42.73068019183641
2015-01-23,39.4517822265625,2560800,49.83303600288605
2015-01-26,39.38715362548828,2473100,48.430445468930806
2015-01-27,39.24354553222656,1517000,51.428547938586696
2015-01-28,39.5307731628418,1146600,52.22489981823588
2015-01-29,40.04779052734375,1301700,54.31132844335778
2015-01-30,39.74386978149414,1307800,64.04141443191942
2015-02-02,39.584659576416016,1364400,67.5023549018187
2015-02-03,40.633968353271484,755500,79.4249762167243
2015-02-04,40.94514846801758,1315400,79.78956949217321
2015-02-05,40.6195068359375,1030100,77.7380244022598
2015-02-06,40.3372688293457,1548900,72.38247653457958
2015-02-09,43.174041748046875,4926600,84.65115214650076
2015-02-10,44.585205078125,2821000,86.11666329947373
2015-02-11,44.288482666015625,1657200,82.04745356740435
2015-02-12,44.98321533203125,940200,81.85071875601307
2015-02-13,45.40293884277344,1436200,83.27879023204383
2015-02-17,45.207550048828125,1311700,82.80440998861077
2015-02-18,44.95426559448242,1216800,79.94318583891871
2015-02-19,44.70821762084961,1948300,76.52389924025944
2015-02-20,44.744407653808594,1668200,79.35413166824836
2015-02-23,44.881900787353516,1370500,81.17532483276804
2015-02-24,44.90361022949219,576100,78.58514317587333
2015-02-25,44.92532730102539,1040100,77.72165795377616
2015-02-26,45.22927474975586,606900,82.20401993605157
2015-02-27,45.099002838134766,730900,83.98730751344235
2015-03-02,45.699649810791016,697700,76.47921291019257
2015-03-03,45.38847351074219,711600,60.94653885342372
2015-03-04,45.17860412597656,645800,62.42423209790299
2015-03-05,45.17860412597656,782200,53.383395073797914
2015-03-06,44.614139556884766,1158600,36.992986318603556
2015-03-09,44.84571838378906,622100,44.103898493464385
2015-03-10,44.39704513549805,864500,41.4635885280429
2015-03-11,44.0786247253418,726400,40.56410467506866
2015-03-12,44.65032958984375,1182900,48.78504654480676
2015-03-13,43.94837188720703,1278400,39.4781353968976
2015-03-16,44.505592346191406,832700,45.99712419664724
2015-03-17,44.57796859741211,660300,46.54184212285275
2015-03-18,44.45494079589844,930800,42.002976816602725
2015-03-19,44.21612548828125,1309000,41.08192463750245
2015-03-20,44.201656341552734,2512600,32.835955284055345
2015-03-23,44.41875457763672,1128300,38.644116254344354
2015-03-24,44.49835968017578,898600,41.783320216528644
2015-03-25,43.91218185424805,1053800,36.60037859677022
2015-03-26,43.82534408569336,1012700,40.71560321773599
2015-03-27,44.165462493896484,783500,42.19263750283486
2015-03-30,45.27992248535156,1021500,58.789590775374975
2015-03-31,45.764774322509766,1437300,66.2482208394109
2015-04-01,46.162803649902344,1663600,65.07936628674703
2015-04-02,45.916748046875,997300,71.58712866647924
2015-04-06,46.423309326171875,1053200,71.2678699554605
2015-04-07,46.032527923583984,1089600,65.06725465092386
2015-04-08,46.343711853027344,925800,68.8310473246396
2015-04-09,46.466739654541016,461100,72.9689304226157
2015-04-10,46.473976135253906,779600,73.22473614235642
2015-04-13,46.2279167175293,854100,68.38210955444428
2015-04-14,46.6621208190918,806300,70.50730930617812
2015-04-15,46.908172607421875,1208400,80.35169241637624
2015-04-16,47.79829025268555,1593500,84.61514940413832
2015-04-17,47.6824951171875,2173900,81.88944022811748
2015-04-20,53.667236328125,7883600,90.38304571966356
2015-04-21,53.22581100463867,3901300,86.07408161563937
2015-04-22,51.90872573852539,3905100,75.51401216941237
2015-04-23,51.89425277709961,2025600,77.09966279492474
2015-04-24,51.821876525878906,1515800,75.47801821913369
2015-04-27,51.38768768310547,1050100,75.17003570507757
2015-04-28,51.46002960205078,1310500,74.59975319764584
2015-04-29,51.387210845947266,985100,73.77288413236582
2015-04-30,51.56202697753906,1319400,74.19081149549702
2015-05-01,52.195701599121094,1316500,77.3648418179522
2015-05-04,51.85337829589844,906900,74.00641626101968
2015-05-05,51.11770248413086,665600,68.62318422337904
2015-05-06,51.270660400390625,791400,66.43384241972564
2015-05-07,51.80239486694336,1177000,68.75984668440967
2015-05-08,51.87520980834961,552700,32.32264468880459
2015-05-11,52.44334411621094,1263600,42.469640889109485
2015-05-12,51.68584060668945,738300,47.59606206428934
2015-05-13,51.30708312988281,866100,44.12844239676339
2015-05-14,52.4215087890625,828900,54.962062429999534
2015-05-15,52.72742462158203,633300,61.327027424511
2015-05-18,52.4215087890625,746300,57.820122840395605
2015-05-19,52.31954574584961,644900,57.54729915845357
2015-05-20,52.2903938293457,704000,56.038576146269044
2015-05-21,52.843963623046875,583100,55.44680758318386
2015-05-22,53.098907470703125,619300,60.621102980211724
2015-05-26,52.57447814941406,587300,62.886761445506664
2015-05-27,52.734718322753906,519400,62.93451621861359
2015-05-28,52.77113723754883,412500,59.379432100224555
2015-05-29,52.53805923461914,1023000,56.22458395783839
2015-06-01,52.72742462158203,627600,52.87200728125385
2015-06-02,52.56718826293945,615200,60.13413339649622
2015-06-03,53.01149368286133,1114500,69.30704792095364
2015-06-04,52.58176040649414,806400,52.14856716158368
2015-06-05,52.60359573364258,773400,48.20287111007768
2015-06-08,52.69099044799805,640500,54.17585366689878
2015-06-09,52.47978210449219,530900,52.40168830025306
2015-06-10,52.945953369140625,565000,58.68767131320831
2015-06-11,53.36840057373047,894300,57.2002287682339
2015-06-12,53.04063415527344,752900,49.21562425546948
2015-06-15,53.09162902832031,675900,57.97777934703292
2015-06-16,53.200870513916016,734300,57.3060095110434
2015-06-17,54.329864501953125,807500,68.19764443490398
2015-06-18,54.985382080078125,786000,76.00651185340547
2015-06-19,55.48800277709961,1389900,77.50419782891102
2015-06-22,55.81576919555664,658900,81.32069809147335
2015-06-23,56.646114349365234,1192700,82.61483039359858
2015-06-24,57.061283111572266,1401100,90.30180017544606
2015-06-25,57.119529724121094,1022900,90.36492696755258
2015-06-26,56.58784866333008,1367400,82.26853752992982
2015-06-29,55.06552505493164,947400,67.59179910836403
2015-06-30,54.475528717041016,1998700,60.23386051573457
2015-07-01,55.196624755859375,1858100,61.761971609761844
2015-07-02,55.29859161376953,1399800,64.96136751514564
2015-07-06,55.24761199951172,1402900,64.28570706386455
2015-07-07,55.473419189453125,1356000,64.82900968346891
2015-07-08,56.121681213378906,2135900,62.47474318251835
2015-07-09,55.31318664550781,1589500,52.234597937758295
2015-07-10,56.245506286621094,1629800,54.87802181875351
2015-07-13,56.9738883972168,1088400,57.09191263039472
2015-07-14,57.316219329833984,2423700,54.364335993051405
2015-07-15,56.8646240234375,1061400,48.72522493339657
2015-07-16,57.119529724121094,1064200,50.0
2015-07-17,56.9957275390625,2458900,52.718372601850945
2015-07-20,60.56480026245117,3993900,78.7949981144256
2015-07-21,58.5763053894043,3089600,68.72926702125287
2015-07-22,58.1611442565918,1437500,63.92895102388314
2015-07-23,57.74595642089844,1026000,61.170289448813854
2015-07-24,58.008182525634766,1178700,62.36145469030727
2015-07-27,57.913490295410156,1084700,61.05612671723002
2015-07-28,57.95721435546875,1134600,58.7989674735139
2015-07-29,58.823974609375,1273400,66.73612075919664
2015-07-30,58.596858978271484,1034400,62.01699008021686
2015-07-31,57.68118667602539,1874200,53.54686908182434
2015-08-03,56.94862365722656,986700,48.22605627917132
2015-08-04,57.74711608886719,907900,54.12076363268453
2015-08-05,58.04746627807617,729400,54.31465346443332
2015-08-06,56.35525894165039,1588900,47.40105849263095
2015-08-07,56.70689010620117,1080100,28.812653144682557
2015-08-10,58.24525451660156,1120300,48.0873283602945
2015-08-11,57.96687698364258,1142400,48.859581077546515
2015-08-12,58.230587005615234,1127700,52.89646873533731
2015-08-13,59.00711441040039,765800,55.62449739850027
2015-08-14,59.12431716918945,519800,56.80033627718701
2015-08-17,59.058387756347656,569600,56.169105107261466
2015-08-18,58.88254928588867,654000,50.35568863218668
2015-08-19,58.296531677246094,738900,48.252465069944456
2015-08-20,57.03652572631836,806200,46.39339126307495
2015-08-21,55.07328796386719,1476500,40.77814944707314
2015-08-24,52.143096923828125,2393100,27.218676882538148
2015-08-25,52.399478912353516,2737200,26.957567034722402
2015-08-26,53.32250213623047,1860800,36.79853316112612
2015-08-27,55.04401397705078,1181300,43.532845311875505
2015-08-28,55.315032958984375,1088500,37.357717957326905
2015-08-31,54.641090393066406,1242900,36.12467871438007
2015-09-01,53.12471008300781,1127600,30.713922401806315
2015-09-02,54.582496643066406,2911400,34.105227614759784
2015-09-03,56.303977966308594,1811900,40.91546362364055
2015-09-04,55.21249771118164,1575900,38.37980173981919
2015-09-08,55.88642120361328,1314400,41.211836261277845
2015-09-09,55.146568298339844,991300,40.84324587585447
2015-09-10,55.695960998535156,742400,45.93512175745856
2015-09-11,56.223392486572266,759200,53.819981080835205
2015-09-14,56.8314208984375,966200,68.41210335092923
2015-09-15,57.93024444580078,1181200,70.37252804168659
2015-09-16,58.787330627441406,1134000,70.2279079986377
2015-09-17,56.7801399230957,1631200,56.29312988752386
2015-09-18,56.45049285888672,1390800,54.098408960228404
2015-09-21,56.54572296142578,769900,57.174440960676854
2015-09-22,55.344337463378906,1028600,58.56420971570678
2015-09-23,55.21979522705078,879900,52.740952252199634
2015-09-24,54.68505096435547,934700,42.245596314652005
2015-09-25,54.90481185913086,593400,48.39194845813819
2015-09-28,52.839027404785156,844500,36.09626115197315
2015-09-29,53.24925231933594,971900,41.07504306632214
2015-09-30,52.846336364746094,2280300,36.40808849484098
2015-10-01,52.509361267089844,1632100,31.957302891876623
2015-10-02,52.27494430541992,1201500,27.030942624132976
2015-10-05,53.94517517089844,1200600,31.005634333432965
2015-10-06,53.37377166748047,761000,23.474525202651478
2015-10-07,53.78401184082031,973600,32.59583275165585
2015-10-08,54.062374114990234,1316500,36.044541122204095
2015-10-09,54.465267181396484,932600,38.2644183863664
2015-10-12,54.531211853027344,972700,44.739393197509926
2015-10-13,54.304100036621094,1144700,44.1534021936311
2015-10-14,53.967140197753906,998400,45.297460674741274
2015-10-15,55.18317794799805,1181200,51.61287470625577
2015-10-16,56.97793960571289,2667700,74.75876547435678
2015-10-19,52.875648498535156,5352700,48.449846754235075
2015-10-20,53.43238067626953,2228400,52.40096271059294
2015-10-21,54.20155715942383,1513800,56.69563385124491
2015-10-22,56.23072814941406,2125100,63.70555443800731
2015-10-23,57.77641677856445,2546200,63.38960680561055
2015-10-26,57.366180419921875,1902000,64.11183257797748
2015-10-27,57.30025863647461,1211500,62.738835105758135
2015-10-28,57.270957946777344,825800,61.83784711911018
2015-10-29,57.29305648803711,690600,60.734554907710006
2015-10-30,56.61512756347656,1065800,57.55950338200618
2015-11-02,56.91725158691406,1151600,59.42802232043566
2015-11-03,56.90988540649414,1185100,60.87582613069832
2015-11-04,56.74776840209961,743300,56.27094657735984
2015-11-05,56.78462600708008,585200,49.098099238271516
2015-11-06,57.654136657714844,704300,81.9237124773057
2015-11-09,57.76467514038086,1172400,80.77772158924301
2015-11-10,58.81104278564453,913300,81.5060988932768
2015-11-11,57.897315979003906,1075600,63.44069415149554
2015-11-12,57.36674118041992,1210100,46.04916380331536
2015-11-13,56.01087188720703,1032900,38.945826503930874
2015-11-16,55.834022521972656,1386900,38.25362859627859
2015-11-17,55.08977127075195,1836200,34.321951872229604
2015-11-18,55.6866340637207,1288100,39.334522680671384
2015-11-19,55.708736419677734,1361700,43.40817779346169
2015-11-20,55.6276969909668,1334300,40.30997841559581
2015-11-23,55.406612396240234,1423300,39.05556728173568
2015-11-24,55.76770782470703,869900,43.06567175942145
2015-11-25,56.34246826171875,575900,47.09283981160857
2015-11-27,55.539268493652344,453900,35.97255438165381
2015-11-30,53.85917663574219,1858600,28.559772991424353
2015-12-01,53.88865280151367,1793200,19.581018980171166
2015-12-02,53.4317626953125,1142200,20.752771023652272
2015-12-03,51.88430404663086,3109600,18.31339050434427
2015-12-04,50.631591796875,3049500,18.534399274536383
2015-12-07,50.73475646972656,1220800,19.91295806627899
2015-12-08,51.44953536987305,1627200,28.44666834106387
2015-12-09,50.41053009033203,1619500,20.315139225553168
2015-12-10,50.2705078125,1626100,19.80365584446669
2015-12-11,50.38105773925781,2135700,20.96263752039978
2015-12-14,50.985286712646484,1593000,26.525848981093063
2015-12-15,50.985286712646484,1414300,23.596278956136416
2015-12-16,51.00003433227539,1526300,18.560330378882398
2015-12-17,48.922000885009766,1962800,16.138782276139565
2015-12-18,48.50934600830078,2456900,18.54418625515879
2015-12-21,48.12617111206055,1617300,17.470886163175308
2015-12-22,49.20201110839844,926300,27.682642198171308
2015-12-23,49.5630989074707,1801000,35.99997054998818
2015-12-24,49.8283805847168,417200,44.50048972875557
2015-12-28,49.850494384765625,641600,43.877589829896074
2015-12-29,50.42527389526367,921700,42.768067710347786
2015-12-30,49.73996353149414,572100,45.016468603057625
2015-12-31,49.63679885864258,892700,45.26444458000783
2016-01-04,49.34203338623047,1214900,42.44366050264997
2016-01-05,50.241031646728516,1661000,44.80990231756368
2016-01-06,51.501121520996094,3295000,53.05950309631496
2016-01-07,50.9337272644043,1808100,49.63091748706236
2016-01-08,50.137882232666016,1231000,57.894820275036665
2016-01-11,51.58955383300781,1275300,67.62229966495156
2016-01-12,52.19377899169922,1054500,72.69726717239423
2016-01-13,50.462100982666016,1309400,56.55177174029893
2016-01-14,51.729557037353516,1346300,60.2941400378904
2016-01-15,53.10752868652344,2433200,64.09117926985637
2016-01-19,51.91376876831055,1699600,58.055191258946536
2016-01-20,51.38322448730469,1514600,53.75287943280218
2016-01-21,53.01911544799805,1345200,61.955965395421295
2016-01-22,53.72651290893555,1036700,64.28203371117013
2016-01-25,52.25273895263672,1597900,59.39137438625668
2016-01-26,53.299129486083984,1030900,59.77397242236292
2016-01-27,52.436946868896484,840100,53.06904830115882
2016-01-28,53.31386947631836,954200,57.65038123161403
2016-01-29,55.08631134033203,1324500,64.96593671439564
2016-02-01,54.708072662353516,2351000,60.086500737454934
2016-02-02,55.13079071044922,2857800,59.61229702836796
2016-02-03,55.62025451660156,2384100,68.37583723337839
2016-02-04,56.2877082824707,4598300,66.9635292327192
2016-02-05,54.95280456542969,2478800,56.88942857940429
2016-02-08,55.70182800292969,3899700,64.62870966972092
2016-02-09,53.3509521484375,2495900,56.6622787734633
2016-02-10,53.52151107788086,1829800,51.88837238646108
2016-02-11,51.58592987060547,1678700,42.63418752663037
2016-02-12,51.9715576171875,2573200,48.95412391027969
2016-02-16,52.6834831237793,1410100,47.65162410852574
2016-02-17,53.432525634765625,1527500,53.830687951838
2016-02-18,53.595680236816406,1513600,51.14734361415336
2016-02-19,53.45477294921875,1130000,42.33981780251145
2016-02-22,55.27911376953125,1006700,52.360536813777536
2016-02-23,55.25686264038086,1034600,50.538994188471996
2016-02-24,56.17645263671875,1019700,52.293555757044544
2016-02-25,56.458255767822266,867300,50.72637777493273
2016-02-26,56.69557571411133,672200,58.18817329375493
2016-02-29,56.26544189453125,795300,52.729864138688946
2016-03-01,57.42976379394531,770100,72.32137861812522
2016-03-02,58.54216003417969,1105100,74.90797659795207
2016-03-03,58.50507354736328,967800,92.29356548860427
2016-03-04,57.77831268310547,918300,84.07306497001886
2016-03-07,58.29001998901367,688700,83.68982584313963
2016-03-08,58.27519226074219,774400,81.91591637494707
2016-03-09,57.84505844116211,772400,77.05376368111236
2016-03-10,57.80055618286133,1045900,78.01137646133729
2016-03-11,57.83022689819336,1184600,71.39296304945186
2016-03-14,58.14168930053711,886200,73.07227629130182
2016-03-15,58.20103454589844,1561500,68.7757810919084
2016-03-16,58.13429641723633,717600,66.18922830672
2016-03-17,58.297420501708984,1015600,65.69755531530885
2016-03-18,58.20843505859375,2241700,70.40503684046908
2016-03-21,57.733829498291016,901100,53.73421570179868
2016-03-22,57.90439987182617,733200,39.81057674140799
2016-03-23,57.89697265625,720100,40.1914817686221
2016-03-24,57.32594680786133,1002100,42.317484791748996
2016-03-28,57.9340705871582,1240900,44.14661380573608
2016-03-29,58.0156135559082,888400,45.82302599352525
2016-03-30,58.25295639038086,750900,56.99781416473606
2016-03-31,59.402427673339844,1970200,69.92657100745868
2016-04-01,58.72756576538086,1110500,59.618548843477775
2016-04-04,59.10578536987305,988200,60.188308672712495
2016-04-05,57.69673538208008,1352100,45.853545621693705
2016-04-06,59.13543701171875,1040600,56.71631248870775
2016-04-07,58.18617248535156,1166800,49.324885235351445
2016-04-08,58.408687591552734,982400,51.195862695508005
2016-04-11,58.92039108276367,1050100,57.05461892130216
2016-04-12,60.0253791809082,1122400,61.34912897789622
2016-04-13,60.44066619873047,755000,63.04177583480868
2016-04-14,60.314613342285156,651200,66.05579867587888
2016-04-15,61.11555099487305,1513100,66.74474130564676
2016-04-18,64.65296936035156,3719300,75.61535546592177
2016-04-19,64.53433227539062,1772200,74.46569579970824
2016-04-20,64.1487045288086,1810900,69.65614448832108
2016-04-21,64.37115478515625,1196700,74.28216247906913
2016-04-22,64.83837890625,1608000,74.47763912004845
2016-04-25,64.69745635986328,1123400,83.52280054668266
2016-04-26,64.98670196533203,954000,81.48456801020069
2016-04-27,64.63814544677734,729500,87.11628384659342
2016-04-28,63.64601135253906,860600,77.67794683720179
2016-04-29,63.13874435424805,709400,72.30340092697547
2016-05-02,63.84740447998047,736700,71.09187477764422
2016-05-03,63.32525634765625,491700,65.7330717875054
2016-05-04,62.870201110839844,746100,63.455724565898365
2016-05-05,62.325653076171875,1195000,56.548245941780614
2016-05-06,63.47443389892578,858100,41.399130074565036
2016-05-09,64.23533630371094,924600,48.004970519990515
2016-05-10,64.39944458007812,902200,51.724009501068025
2016-05-11,63.0343017578125,927300,42.0564387074078
2016-05-12,63.631103515625,694300,42.93517811619632
2016-05-13,63.489356994628906,861800,42.9310380233263
2016-05-16,63.75045394897461,612000,42.74242419492024
2016-05-17,63.13127899169922,748200,41.426145420575025
2016-05-18,63.332725524902344,852400,48.04119954167609
2016-05-19,63.31034469604492,493600,51.14217580122932
2016-05-20,62.95225524902344,872500,43.750199752413536
2016-05-23,63.384925842285156,457500,50.421874696580346
2016-05-24,64.69036865234375,849500,61.48757314165309
2016-05-25,64.72021484375,753500,66.16280423056998
2016-05-26,64.7127456665039,516900,59.88069481663479
2016-05-27,65.10810089111328,413700,57.395342282261005
2016-05-31,65.11557006835938,643800,56.23353854123085
2016-06-01,64.98876953125,886200,71.68839942903877
2016-06-02,64.69784545898438,681800,62.69957183677843
2016-06-03,63.99659729003906,720700,55.3288096360203
2016-06-06,64.3322982788086,687600,56.01822588065584
2016-06-07,64.8619384765625,707600,68.23864833268743
2016-06-08,64.98128509521484,366500,67.67936273130118
2016-06-09,64.9514389038086,524700,67.5711684541319
2016-06-10,64.09358978271484,446700,61.038886289812
2016-06-13,63.45205307006836,457200,50.62403585980913
2016-06-14,63.73552703857422,1208900,39.04120024657802
2016-06-15,64.16818237304688,741900,44.200505600235964
2016-06-16,64.0711898803711,710500,43.384438916398
2016-06-17,63.72061538696289,786400,35.55923468759802
2016-06-20,64.26516723632812,601900,42.039127292257675
2016-06-21,64.01898193359375,972300,41.12001587208441
2016-06-22,64.05630493164062,514200,43.83954448615494
2016-06-23,64.30245971679688,1234400,53.218363860559506
2016-06-24,61.44540023803711,2621100,30.153837439284004
2016-06-27,60.13251876831055,983200,20.648170288525506
2016-06-28,61.736328125,1286200,32.99448080195499
2016-06-29,61.96757888793945,1825300,34.68605673317319
2016-06-30,62.65386962890625,2309100,42.47853252724687
2016-07-01,62.58673858642578,1046800,45.190738381103614
2016-07-05,61.41555404663086,1482700,38.26405042293779
2016-07-06,61.92280960083008,3448600,38.72651448958649
2016-07-07,61.99741744995117,1301000,39.56462298794002
2016-07-08,63.19095230102539,3082800,47.54312901403825
2016-07-11,63.78028869628906,727300,47.7601704066471
2016-07-12,64.33975982666016,1083400,51.44010735812827
2016-07-13,63.810115814208984,831100,48.941541996035596
2016-07-14,63.601234436035156,664800,46.97547963678509
2016-07-15,63.78028869628906,1418600,63.09625951980432
2016-07-18,59.543174743652344,7940300,47.51091461035268
2016-07-19,60.48310852050781,3289100,44.39259801910167
2016-07-20,60.669620513916016,2197400,44.16907442633626
2016-07-21,60.37867736816406,1288900,39.402532753947035
2016-07-22,59.975852966308594,1078500,38.20769865872367
2016-07-25,60.53532409667969,1733600,45.791830117210225
2016-07-26,60.333900451660156,1009200,42.174982894874766
2016-07-27,60.39359664916992,1203800,42.08992863416033
2016-07-28,60.79896545410156,991900,37.208180791126416
2016-07-29,60.97914505004883,953800,34.33455518894672
2016-08-01,60.82148361206055,882500,29.39807565412525
2016-08-02,60.35606002807617,1004700,29.620856920617086
2016-08-03,60.66385269165039,910100,32.869210421519355
2016-08-04,60.48366165161133,695100,30.77664326710601
2016-08-05,61.474586486816406,1098500,68.12393237657092
2016-08-08,61.361968994140625,628300,59.76288182738122
2016-08-09,61.189327239990234,745600,55.79104330424167
2016-08-10,61.647247314453125,655400,63.628413168597454
2016-08-11,62.19525909423828,675000,73.12207001909206
2016-08-12,61.87245559692383,619900,64.65299358818399
2016-08-15,61.399513244628906,733900,61.021661077135526
2016-08-16,60.693851470947266,962700,52.73948096389635
2016-08-17,60.85151672363281,660600,50.502168188432634
2016-08-18,60.558738708496094,662900,46.06731950250113
2016-08-19,60.57375717163086,616300,47.61911046975457
2016-08-22,60.596275329589844,726500,52.52354186319951
2016-08-23,61.66227722167969,709000,59.047476167200514
2016-08-24,60.964115142822266,414300,53.9801189978094
2016-08-25,60.67133331298828,434300,42.47541452258434
2016-08-26,61.07670974731445,638400,47.46674164687709
2016-08-29,61.24937057495117,374800,50.53321589484738
2016-08-30,61.722328186035156,690400,50.664980958069904
2016-08-31,61.361968994140625,712200,42.365904801845254
2016-09-01,61.27190399169922,553400,44.25303846347601
2016-09-02,62.24031066894531,570200,57.34909694232754
2016-09-06,62.09016799926758,805200,63.517378093365615
2016-09-07,62.0376091003418,555200,61.72077204870653
2016-09-08,61.03168869018555,781300,54.09627320778755
2016-09-09,60.003231048583984,900600,45.7965290729767
2016-09-12,60.02574920654297,999400,45.7965290729767
2016-09-13,58.47930145263672,1312700,28.09923819602804
2016-09-14,58.34419631958008,775100,30.45932796540245
2016-09-15,58.366695404052734,990300,32.08870220344299
2016-09-16,58.006370544433594,1535700,25.96950952625774
2016-09-19,58.05142593383789,736100,24.460650387878403
2016-09-20,58.08144760131836,576000,18.70957293280607
2016-09-21,59.28256607055664,616800,34.38568268650714
2016-09-22,59.6053466796875,724700,37.90835237538526
2016-09-23,60.175907135009766,789900,34.10410430992195
2016-09-26,59.58283996582031,1033700,31.926394606084102
2016-09-27,59.958194732666016,1030700,35.6774484435859
2016-09-28,59.76299285888672,860700,40.16288076647545
2016-09-29,59.59784698486328,917200,46.370909080974535
2016-09-30,59.552818298339844,1296400,45.78320957151837
2016-10-03,60.461177825927734,1125900,69.93990437203561
2016-10-04,60.371055603027344,1015300,70.5787531032987
2016-10-05,60.386077880859375,887300,70.53401654764721
2016-10-06,60.4161376953125,951300,76.26793454576907
2016-10-07,59.530296325683594,1587100,63.62339976174328
2016-10-10,59.89060974121094,1055500,65.71005135088402
2016-10-11,59.07237243652344,1113600,48.04474507274055
2016-10-12,58.28413391113281,1897800,38.68931842258923
2016-10-13,57.51842498779297,1568400,27.98530927688448
2016-10-14,57.173095703125,2977300,29.183143519983133
2016-10-17,61.42205047607422,9315500,57.575666644687665
2016-10-18,61.1442985534668,2830500,57.08789791262864
2016-10-19,60.73139190673828,1618400,55.67233355349309
2016-10-20,61.90999984741211,1709100,60.59364211061931
2016-10-21,62.16523361206055,1619200,58.13599304691945
2016-10-24,62.96848678588867,1581700,61.610749058471775
2016-10-25,62.5330810546875,1224100,59.24966523161633
2016-10-26,61.962554931640625,636100,56.36579083076378
2016-10-27,62.16523361206055,1177800,61.493080687322276
2016-10-28,62.89792251586914,1115100,62.70460589484147
2016-10-31,63.003684997558594,1025200,67.67192301360842
2016-11-01,62.09727096557617,1261700,66.96050894201511
2016-11-02,61.22858428955078,976500,66.35267034185729
2016-11-03,61.39476776123047,1202300,68.90573899876044
2016-11-04,61.273929595947266,960200,48.94754731280198
2016-11-07,62.414466857910156,922100,58.03932173270589
2016-11-08,62.92058563232422,703300,63.69455447907221
2016-11-09,63.01877212524414,1153300,58.020036709317615
2016-11-10,63.3737907409668,1107300,58.617410642399875
2016-11-11,63.89497756958008,997800,56.8830521059463
2016-11-14,65.86644744873047,2078800,70.16239339904752
2016-11-15,64.52947998046875,1124400,64.20900907901505
2016-11-16,64.44639587402344,703700,62.79662079659255
2016-11-17,64.92225646972656,736700,61.692816105757046
2016-11-18,63.66080856323242,731700,53.34857086873002
2016-11-21,64.68054962158203,847300,63.01356911292476
2016-11-22,65.15641784667969,1073100,70.60230742449647
2016-11-23,65.6323013305664,744600,71.52735035712126
2016-11-25,66.4254150390625,418600,74.49709013031557
2016-11-28,64.54456329345703,1923500,59.46305863180922
2016-11-29,65.42835998535156,1255400,60.77919343710074
2016-11-30,64.499267578125,1104000,55.93938052785855
2016-12-01,63.547523498535156,1188100,50.665127559090074
2016-12-02,63.434200286865234,881700,48.179069017188716
2016-12-05,63.736351013183594,956300,40.302690972342816
2016-12-06,63.781681060791016,963100,46.14190126167431
2016-12-07,65.35281372070312,1189600,54.05398765302348
2016-12-08,65.51142120361328,920200,52.712024527380834
2016-12-09,64.96756744384766,817800,56.44073271445262
2016-12-12,64.88447570800781,1216400,51.10735029704447
2016-12-13,64.58235931396484,1232200,46.82281972374328
2016-12-14,64.26512145996094,1449600,42.29796221510467
2016-12-15,62.60332489013672,1730000,30.387720779027575
2016-12-16,61.08509063720703,6199500,31.562278138629352
2016-12-19,60.29197311401367,2457100,22.357757125231217
2016-12-20,61.160621643066406,1111100,31.914914720480724
2016-12-21,60.43549728393555,873500,32.71819523336819
2016-12-22,59.46107864379883,1935100,29.86225132578555
2016-12-23,59.18915557861328,927900,26.881722515505672
2016-12-27,59.068302154541016,1170100,26.21945210878991
2016-12-28,58.63021469116211,927800,11.703805565467277
2016-12-29,58.864356994628906,1212300,12.457189050738847
2016-12-30,58.75860595703125,1049600,13.105771907252716
2017-01-03,60.27686309814453,1750000,26.610411449542653
2017-01-04,61.137977600097656,1881600,33.454324227253736
2017-01-05,63.23027038574219,3326700,45.753154450671595
2017-01-06,62.595794677734375,2195200,49.96625172588058
2017-01-09,62.391841888427734,1331300,56.63853944651739
2017-01-10,62.588226318359375,982700,62.41831993540276
2017-01-11,62.30120086669922,1339000,56.582439665299376
2017-01-12,63.03388977050781,1320800,64.98259901361416
2017-01-13,63.34358596801758,1155100,74.24553121786998
2017-01-17,64.33309173583984,1653900,79.48075298512813
2017-01-18,63.8647575378418,1828100,76.43633935412142
2017-01-19,63.27556610107422,919000,75.18402782804354
2017-01-20,63.44176483154297,950500,74.99985416022541
2017-01-23,63.38890075683594,969300,75.43563995423361
2017-01-24,64.54456329345703,1131500,74.4164719172336
2017-01-25,65.53409576416016,1468100,74.78695644318566
2017-01-26,61.56852340698242,4222800,42.26452927875055
2017-01-27,62.38426971435547,1649500,49.03168798873999
2017-01-30,63.36473846435547,1336100,54.15807869403471
2017-01-31,62.71111297607422,1828300,50.50545211714364
2017-02-01,62.42227554321289,1265000,50.49792493364715
2017-02-02,62.65790939331055,963800,48.38785446477671
2017-02-03,62.802284240722656,1856400,47.6456028211817
2017-02-06,71.67960357666016,12332700,68.95056159608536
2017-02-07,72.18882751464844,6446000,71.42700312709215
2017-02-08,73.4353256225586,2509500,75.29624296672276
2017-02-09,74.28654479980469,1775400,76.11113784880288
2017-02-10,74.20295715332031,1378500,75.99869989992457
2017-02-13,74.58296966552734,1766000,75.0688760870609
2017-02-14,74.33214569091797,1978700,72.81303635991001
2017-02-15,74.36254119873047,1010600,91.68038873319954
2017-02-16,74.21055603027344,894700,90.26927844993043
2017-02-17,74.86417388916016,1562500,90.04775161930917
2017-02-21,75.15299224853516,1563600,94.45958435227821
2017-02-22,75.10739135742188,1134500,96.13067583880905
2017-02-23,73.76211547851562,1038000,87.36587428465215
2017-02-24,74.31694793701172,1110300,87.70549714544966
2017-02-27,74.12696075439453,1082800,68.59163092616205
2017-02-28,73.62530517578125,1309700,60.92493048689347
2017-03-01,74.43095397949219,1502200,58.11636657648413
2017-03-02,74.12696075439453,1055900,48.57163148269801
2017-03-03,74.29415893554688,1027900,50.8042704243243
2017-03-06,73.75452423095703,867300,42.8943304366035
2017-03-07,73.8761215209961,1022300,45.99995717012295
2017-03-08,74.01294708251953,836000,46.989720033846105
2017-03-09,73.99014282226562,1001100,48.0588851859815
2017-03-10,74.08133697509766,949800,42.347734777952454
2017-03-13,74.24856567382812,913500,40.943919450577155
2017-03-14,74.6209716796875,943500,45.42862878939972
2017-03-15,75.63184356689453,1267100,68.75023909387629
2017-03-16,75.42660522460938,953700,61.96709819364245
2017-03-17,76.19425201416016,1341200,69.82464201158322
2017-03-20,76.42228698730469,1355300,78.30768232906794
2017-03-21,75.06180572509766,818600,55.74007200167716
2017-03-22,75.0770034790039,1492600,59.1238672465739
2017-03-23,75.9510498046875,998200,64.01008443260875
2017-03-24,75.9814453125,887400,70.60449606033525
2017-03-27,75.28221893310547,1171500,61.75352669574756
2017-03-28,75.5482177734375,925200,62.56200441724899
2017-03-29,75.73823547363281,819200,63.922403107181225
2017-03-30,75.68502044677734,665000,62.8500165058871
2017-03-31,75.86743927001953,840400,62.94023157019128
2017-04-03,75.692626953125,1323200,58.845540579005565
2017-04-04,74.37014770507812,865400,40.09534932470878
2017-04-05,73.38968658447266,2023000,35.74471266024871
2017-04-06,73.2908935546875,1598200,27.582245775342344
2017-04-07,72.7740478515625,971100,23.03349116083291
2017-04-10,72.79686737060547,805200,29.1316365149615
2017-04-11,73.18447875976562,848400,33.68271488807467
2017-04-12,73.31370544433594,946300,23.9100048303345
2017-04-13,72.58405303955078,916000,20.475831186276153
2017-04-17,72.83487701416016,709400,26.934393695352043
2017-04-18,72.7284927368164,673700,22.600413084059497
2017-04-19,72.5916748046875,982600,19.10509299350079
2017-04-20,72.9716796875,1018400,24.965261108350134
2017-04-21,72.98687744140625,1997700,22.576160585489717
2017-04-24,77.29630279541016,5715000,58.542419693200024
2017-04-25,77.19752502441406,1713300,67.31858456707045
2017-04-26,76.7947006225586,1129600,72.44510203096334
2017-04-27,76.83290100097656,1284600,73.53614542121497
2017-04-28,75.75518035888672,1474900,68.43508234248397
2017-05-01,75.50294494628906,1316500,66.27245375744023
2017-05-02,76.18321228027344,977300,67.41918614442346
2017-05-03,75.73223876953125,826500,63.54267239243256
2017-05-04,75.95391845703125,786800,70.00790903432774
2017-05-05,76.58831024169922,488500,71.31445416073119
2017-05-08,76.24435424804688,430500,69.44081875440321
2017-05-09,77.34502410888672,1093600,73.75172410638108
2017-05-10,77.82655334472656,1090500,74.0153646886907
2017-05-11,77.490234375,588700,71.59061147989752
2017-05-12,77.48262786865234,472700,51.5204869144239
2017-05-15,77.42144775390625,502700,51.83858075347357
2017-05-16,77.21509552001953,650700,53.566851109114495
2017-05-17,76.03034210205078,713100,44.29971204043789
2017-05-18,76.07622528076172,669000,52.67190210475787
2017-05-19,77.23802185058594,748600,62.5414703442921
2017-05-22,77.39854431152344,782700,59.49832329216694
2017-05-23,77.18451690673828,608400,61.78669483622728
2017-05-24,79.46228790283203,1171400,71.34886493523135
2017-05-25,79.622802734375,954100,69.59536888779407
2017-05-26,79.65338134765625,637300,72.9424933251181
2017-05-30,79.6762924194336,503600,68.35139861819789
2017-05-31,80.45594024658203,664900,69.77023006822998
2017-06-01,80.99862670898438,746100,75.58542719159638
2017-06-02,81.9082260131836,1057900,78.52197788149311
2017-06-05,82.39741516113281,1048000,80.39228843619581
2017-06-06,82.55029296875,674100,82.80066080224995
2017-06-07,82.85603332519531,633700,97.04942241126338
2017-06-08,82.94010925292969,524900,97.06487655489977
2017-06-09,82.47383880615234,722900,89.68685122107783
2017-06-12,82.8865966796875,708700,90.06668404506799
2017-06-13,84.15542602539062,930800,94.10041885433348
2017-06-14,83.55159759521484,868500,82.82209490590486
2017-06-15,83.30699157714844,1712000,79.17661588136347
2017-06-16,83.80382537841797,1322200,80.60865426056857
2017-06-19,85.07266235351562,690700,83.61897609688627
2017-06-20,85.1338119506836,706200,82.0082900039675
2017-06-21,85.01150512695312,542700,79.13413391234988
2017-06-22,84.43824768066406,486700,69.31149144823812
2017-06-23,85.53890228271484,1470200,71.9315551360812
2017-06-26,85.48538970947266,813400,70.77897456782148
2017-06-27,84.4000244140625,936800,59.84401267044394
2017-06-28,84.70574951171875,612900,60.94775941477223
2017-06-29,84.12486267089844,846200,60.09362123698318
2017-06-30,85.2331771850586,768200,63.22150166745906
2017-07-03,84.64461517333984,381900,52.98510311615733
2017-07-05,85.60770416259766,741000,62.01965618622176
2017-07-06,84.93506622314453,643700,59.06386051351754
2017-07-07,85.55419158935547,463500,59.61377937050161
2017-07-10,85.70706176757812,427800,53.971222581791366
2017-07-11,85.83699798583984,528800,54.3642300567831
2017-07-12,86.3490982055664,414500,57.91846538378504
2017-07-13,85.40897369384766,695500,55.507412617682064
2017-07-14,86.47906494140625,453500,55.352574321160546
2017-07-17,86.24977111816406,466400,54.26641536623235
2017-07-18,86.67779541015625,466900,63.72022058823529
2017-07-19,87.16697692871094,584200,64.50470574058987
2017-07-20,87.8243179321289,640400,71.60722131566118
2017-07-21,88.62689208984375,1321100,70.5556320604662
2017-07-24,80.25723266601562,5715800,36.32025089955311
2017-07-25,81.26615142822266,3151500,36.50172400378768
2017-07-26,81.0979995727539,1141500,37.6838609826816
2017-07-27,81.51073455810547,968200,36.847126233677535
2017-07-28,81.25716400146484,1305400,35.619236976843624
2017-07-31,81.36475372314453,1341400,35.526114357785616
2017-08-01,81.41854858398438,1214400,33.55502321483918
2017-08-02,80.51176452636719,1540300,33.62981672878401
2017-08-03,79.87393188476562,1009200,27.26358804126309
2017-08-04,79.52811431884766,1000400,27.046619003279048
2017-08-07,79.16693878173828,824800,24.23399188961841
2017-08-08,77.94510650634766,1182000,19.878480139512092
2017-08-09,76.84619903564453,1575200,15.147376977548774
2017-08-10,75.17094421386719,1223900,9.523739582004168
2017-08-11,74.96345520019531,1515500,18.712359651891603
2017-08-14,75.49369812011719,943100,13.837085810369658
2017-08-15,75.5628662109375,907300,14.888373736249378
2017-08-16,76.04698181152344,882600,15.652221458026986
2017-08-17,74.66378021240234,835100,13.705636199617985
2017-08-18,73.39581298828125,1399600,11.102769380187041
2017-08-21,72.88092041015625,1729300,10.121988419795258
2017-08-22,72.6580810546875,2229700,10.812843849500325
2017-08-23,72.17394256591797,1616000,10.981270292192107
2017-08-24,73.04232025146484,1824900,18.787092832500846
2017-08-25,73.15757751464844,988200,20.378804004052483
2017-08-28,72.71955108642578,1090600,22.085345992641123
2017-08-29,72.87324523925781,1159200,26.392680567254217
2017-08-30,73.21905517578125,1117000,36.225629230494235
2017-08-31,75.50138092041016,1687500,52.93625747213748
2017-09-01,75.57054901123047,1071700,50.441723462606774
2017-09-05,73.40349578857422,1378500,40.00001413260767
2017-09-06,71.97416687011719,3335100,32.65718380983692
2017-09-07,71.21337890625,1403500,34.48514110342735
2017-09-08,72.3045883178711,1356400,45.0140102307104
2017-09-11,73.61864471435547,1644200,53.141371632109795
2017-09-12,72.94242095947266,1682400,51.16576153765789
2017-09-13,73.74161529541016,657300,56.265421294833814
2017-09-14,73.05766296386719,880900,50.06223674722472
2017-09-15,72.88092041015625,1454300,48.88332807773036
2017-09-18,71.65138244628906,1796900,45.947485511537806
2017-09-19,72.99620819091797,1960800,50.427839597182526
2017-09-20,73.40349578857422,1305000,50.639012344634764
2017-09-21,72.88092041015625,1710800,39.66038446973005
2017-09-22,73.87995147705078,1548900,43.78539344497694
2017-09-25,74.2334213256836,1164600,53.520146837822125
2017-09-26,74.86356353759766,907300,63.14672424506458
2017-09-27,74.66378021240234,890800,66.54387583469111
2017-09-28,74.54849243164062,1030400,61.86985786665181
2017-09-29,75.0556869506836,934100,58.31116798305609
2017-10-02,75.04029846191406,1022900,63.13733059540406
2017-10-03,74.97884368896484,1045600,58.53652630559381
2017-10-04,75.06336212158203,711900,65.08670705994834
2017-10-05,74.21806335449219,1378500,59.13873871619028
2017-10-06,73.97215270996094,1325700,68.32524067134956
2017-10-09,74.24878692626953,628000,61.89764624036176
2017-10-10,73.91837310791016,644100,54.96305252072413
2017-10-11,74.24112701416016,908100,63.636753032386764
2017-10-12,74.2334213256836,798500,54.42284413794157
2017-10-13,74.24878692626953,967900,50.210035833322905
2017-10-16,74.64071655273438,1259000,46.741659768996854
2017-10-17,74.20267486572266,1507600,43.69712669570005
2017-10-18,74.32563781738281,821700,46.96016684219509
2017-10-19,74.28721618652344,876500,37.98062580695972
2017-10-20,75.45527648925781,2270300,54.770441365809845
2017-10-23,68.96947479248047,7220400,22.111240622428554
2017-10-24,71.43621826171875,4445000,36.21491438416737
2017-10-25,72.5428237915039,2730300,43.757189508477865
2017-10-26,72.9500732421875,2011400,46.23645764153669
2017-10-27,74.64840698242188,2576100,51.33203230100131
2017-10-30,73.36505889892578,2131900,48.26583403234955
2017-10-31,71.57923889160156,1944000,42.35809428855165
2017-11-01,69.94034576416016,1854200,38.73065171729277
2017-11-02,69.2754898071289,1402400,37.3755390756755
2017-11-03,70.11041259765625,1066200,38.7530030706895
2017-11-06,70.3577880859375,704400,40.36339966965057
2017-11-07,69.49193572998047,1362000,38.32003713619197
2017-11-08,68.81163024902344,1630600,37.16709723378507
2017-11-09,68.5642318725586,1637900,33.12135904731542
2017-11-10,70.69793701171875,1421900,55.38079261790204
2017-11-13,74.85711669921875,5587900,59.63424654237672
2017-11-14,74.19998168945312,2382800,54.78826287333248
2017-11-15,73.24908447265625,1424400,50.83765927324209
2017-11-16,74.13816833496094,967300,48.50271301827873
2017-11-17,74.13040924072266,1080800,52.427651550351584
2017-11-20,73.45782470703125,966900,56.411578389311934
2017-11-21,73.48104095458984,717500,63.58225222251099
2017-11-22,73.46556091308594,471800,66.91605377397951
2017-11-24,73.17179107666016,294000,62.92403356645879
2017-11-27,72.43736267089844,703800,58.432443067845874
2017-11-28,72.49921417236328,741500,63.04473008392683
2017-11-29,71.77251434326172,979200,62.79199773752226
2017-11-30,71.91167449951172,1075000,64.59859163364906
2017-12-01,70.99943542480469,949100,51.47165943957922
2017-12-04,71.23136901855469,1177300,21.298204333467822
2017-12-05,70.43510437011719,1637900,20.839173732269032
2017-12-06,70.20316314697266,1429400,23.45098905015807
2017-12-07,70.62064361572266,1023700,16.59399277463558
2017-12-08,70.62837982177734,933800,16.741007381902605
2017-12-11,70.86802673339844,859700,23.20075159477041
2017-12-12,71.13860321044922,973700,26.940917051951047
2017-12-13,73.79025268554688,2174000,52.10418582574387
2017-12-14,74.1149673461914,1283600,56.087896892229686
2017-12-15,72.7234115600586,2334400,51.701972932216144
2017-12-18,70.7752685546875,1660500,41.62298870687782
2017-12-19,70.86802673339844,1502100,45.31635067813417
2017-12-20,70.43510437011719,993700,42.57972301395052
2017-12-21,71.77251434326172,1094600,53.72577742773583
2017-12-22,72.3214111328125,775500,55.09761078706591
2017-12-26,71.74160766601562,551800,56.23615268643346
2017-12-27,70.86802673339844,1036100,52.99033498477466
2017-12-28,70.75205993652344,817300,50.60754477137624
2017-12-29,70.26500701904297,854700,48.391398093508855
2018-01-02,71.18499755859375,1223300,51.32346663778439
2018-01-03,70.57425689697266,1677500,47.70873808060583
2018-01-04,70.12586975097656,1291400,31.880880344653264
2018-01-05,71.44007110595703,1644200,37.952448106088724
2018-01-08,72.02764129638672,1257000,46.621629631385844
2018-01-09,72.62291717529297,1324700,60.32834036034362
2018-01-10,71.36279296875,1239300,52.44644972423212
2018-01-11,71.44007110595703,1218100,55.150358741764585
2018-01-12,71.47102355957031,1328800,48.21599317403062
2018-01-16,70.65156555175781,1521300,40.42561754263787
2018-01-17,70.8293685913086,1387000,44.51672785738329
2018-01-18,69.97898864746094,1909800,44.64123774678873
2018-01-19,71.5560531616211,1859900,54.120388653203264
2018-01-22,70.2418441772461,1695300,49.89057030317361
2018-01-23,73.10221862792969,3606800,57.65429887628677
2018-01-24,74.03764343261719,2354200,63.47778221805509
2018-01-25,73.86753845214844,1475000,64.8830665621108
2018-01-26,72.19770050048828,2644900,52.93067362051401
2018-01-29,72.82389831542969,935500,53.07091646408099
2018-01-30,72.87804412841797,1351800,51.026803753974875
2018-01-31,73.55469512939453,947200,59.25643591599076
2018-02-01,74.4646987915039,1462000,61.933722811952144
2018-02-02,73.2046890258789,1823300,56.235459923309065
2018-02-05,71.0346908569336,1990900,51.25596694973882
2018-02-06,73.05690002441406,2692700,56.514540893851404
2018-02-07,79.50472259521484,7270600,70.98729053589528
2018-02-08,75.0402603149414,3362700,56.81002632856667
2018-02-09,76.01250457763672,2911500,61.431810143915555
2018-02-12,75.15692901611328,1313000,54.4216440638507
2018-02-13,74.32469940185547,1987900,50.62048734601606
2018-02-14,75.21913146972656,1370200,52.832837090599746
2018-02-15,75.72471618652344,1270600,57.77164434883797
2018-02-16,76.88358306884766,2570400,58.740190279585036
2018-02-20,76.04359436035156,1403700,56.592128053932434
2018-02-21,77.05469512939453,1916800,57.18847367157585
2018-02-22,75.68582916259766,1426100,52.461619855861066
2018-02-23,75.81025695800781,1290000,55.50445540517061
2018-02-26,76.62693786621094,1230900,62.53052767620406
2018-02-27,75.6313705444336,979600,56.04680742631192
2018-02-28,74.33247375488281,1398000,33.97585565773407
2018-03-01,73.4224853515625,1150800,43.57232539683983
2018-03-02,74.39470672607422,888400,43.572222767853354
2018-03-05,75.28915405273438,768100,50.523734090190686
2018-03-06,74.56582641601562,701800,50.963398478437
2018-03-07,73.282470703125,1152100,42.495494494058875
2018-03-08,72.6291275024414,864000,38.140487340636284
2018-03-09,71.13579559326172,3198300,28.52986941925481
2018-03-12,70.05470275878906,1980400,28.025074017172884
2018-03-13,69.49468994140625,1353500,21.31049765858478
2018-03-14,68.8569107055664,2079300,22.562444746622262
2018-03-15,68.56134033203125,1707200,21.270064358345707
2018-03-16,68.24244689941406,1928200,15.404317046819642
2018-03-19,67.23909759521484,1536400,15.394430853794816
2018-03-20,66.65576934814453,1636300,16.359876084643844
2018-03-21,67.35578918457031,1689200,22.916712079432372
2018-03-22,65.84690856933594,1957400,13.585273119308468
2018-03-23,65.50466918945312,1586600,6.2588251665441135
2018-03-26,66.17355346679688,754800,12.299138631873774
2018-03-27,65.38800048828125,908700,12.874983675302857
2018-03-28,65.19355010986328,1052100,13.455737990139824
2018-03-29,65.56689453125,1084300,19.24413915848605
2018-04-02,65.13910675048828,1454500,20.740824165294455
2018-04-03,65.52799987792969,1057700,25.898025937614733
2018-04-04,66.24354553222656,830600,34.269609774601136
2018-04-05,66.4224624633789,685600,36.942275249629475
2018-04-06,65.6679916381836,1024100,35.07677012656302
2018-04-09,65.68354034423828,984000,39.816803348283415
2018-04-10,66.9591064453125,1075700,51.82072880441603
2018-04-11,67.92357635498047,1094500,53.303181077758204
2018-04-12,67.53467559814453,975300,61.290059170752066
2018-04-13,68.25801086425781,1157500,67.52455669746654
2018-04-16,68.47579956054688,1140800,65.54611285356897
2018-04-17,66.935791015625,1461800,59.48514147855847
2018-04-18,66.49244689941406,2302800,57.724244879737
2018-04-19,65.32577514648438,2693500,48.68974632387693
2018-04-20,64.40799713134766,2775000,46.22798661680771
2018-04-23,66.98245239257812,9536700,56.1230821806932
2018-04-24,67.09136962890625,3022900,53.761362682473106
2018-04-25,67.6435546875,1791900,55.24369171937628
2018-04-26,66.7413330078125,2443100,54.55145438839983
2018-04-27,67.9469223022461,1726900,58.71790139855043
2018-04-30,69.01236724853516,1468100,58.038693258698814
2018-05-01,68.4639663696289,2201600,52.18692108188218
2018-05-02,67.8685531616211,1173800,51.32896600480544
2018-05-03,67.46119689941406,1300600,46.74652285408821
2018-05-04,68.05658721923828,895800,48.33951328008606
2018-05-07,68.96534729003906,1383100,58.462176629940345
2018-05-08,68.3934555053711,1133200,57.842136901970534
2018-05-09,67.9077377319336,1041500,61.28527325245215
2018-05-10,68.13493347167969,630400,67.33629785255717
2018-05-11,68.35428619384766,883400,58.17167289130946
2018-05-14,67.8685531616211,790000,54.43059116012968
2018-05-15,68.29161071777344,759200,53.74966229996239
2018-05-16,69.16122436523438,766900,64.05456279223104
2018-05-17,69.4667739868164,812000,59.857801424756886
2018-05-18,69.49810028076172,873800,53.63858109853533
2018-05-21,68.44829559326172,750400,49.890813677314554
2018-05-22,68.59715270996094,633500,55.41338883957268
2018-05-23,68.73817443847656,460000,59.878723349001476
2018-05-24,68.7695083618164,465900,56.04250784380165
2018-05-25,68.65983581542969,633600,47.00486473872225
2018-05-29,68.14276123046875,1031600,47.51557162493819
2018-05-30,68.00958251953125,699500,51.08512398978362
2018-05-31,67.96256256103516,1195900,48.09011369880383
2018-06-01,68.22891998291016,994700,48.6252501522666
2018-06-04,69.45108032226562,745100,64.94069819537543
2018-06-05,68.20543670654297,1135000,49.2958045036092
2018-06-06,69.27873229980469,941100,50.92931374867862
2018-06-07,69.57644653320312,656300,50.86842369168573
2018-06-08,70.76727294921875,648500,58.49062959677511
2018-06-11,70.84559631347656,443600,68.4337428560366
2018-06-12,71.4566650390625,837300,70.52863696712369
2018-06-13,71.0962905883789,1052000,66.41217807050987
2018-06-14,71.77005004882812,1264300,69.16919063666433
2018-06-15,71.51148986816406,1863800,67.87790836718177
2018-06-18,71.37832641601562,1150700,71.31059891902322
2018-06-19,70.50872039794922,1716300,65.00465850885575
2018-06-20,71.52718353271484,976300,69.16603767393016
2018-06-21,71.76219940185547,873100,69.06176632322773
2018-06-22,71.82488250732422,980900,64.63774361425558
2018-06-25,71.30782318115234,862800,71.0191254005996
2018-06-26,71.25299072265625,654100,65.51736131099725
2018-06-27,71.24514770507812,1320300,63.74190451537671
2018-06-28,72.08340454101562,1393300,61.506639523373735
2018-06-29,72.31843566894531,1786000,62.53327308470386
2018-07-02,72.87468719482422,2397800,62.18043742963234
2018-07-03,72.98436737060547,1121900,66.94799876181006
2018-07-05,74.66873168945312,1930800,72.02374327583009
2018-07-06,75.24845886230469,1141700,77.07172671158982
2018-07-09,75.7890396118164,985100,80.1715346790431
2018-07-10,75.67152404785156,1052600,89.36681408155405
2018-07-11,75.78121185302734,807000,87.65607187815723
2018-07-12,76.30611419677734,794500,88.25864638470631
2018-07-13,75.6166763305664,675600,78.87810716900442
2018-07-16,73.91661834716797,2469600,66.8349140579459
2018-07-17,73.65809631347656,1669500,65.12291487969482
2018-07-18,73.36042022705078,823200,62.832757080504145
2018-07-19,73.39958190917969,1243300,58.84219223467375
2018-07-20,73.58758544921875,1617000,58.58047437876024
2018-07-23,83.0749282836914,9757400,81.23799047462391
2018-07-24,79.212646484375,3966600,65.50923331265062
2018-07-25,79.6513442993164,1476300,63.22799108953126
2018-07-26,79.01677703857422,1749700,59.97519938442772
2018-07-27,79.36930084228516,1526800,59.57269727501493
2018-07-30,77.7162857055664,1064200,55.05231761787723
2018-07-31,78.53626251220703,1389700,56.576503138276486
2018-08-01,77.91339111328125,785000,53.818823716227804
2018-08-02,77.78724670410156,995600,55.29902606292129
2018-08-03,78.47318267822266,793500,61.70347186132934
2018-08-06,78.22087860107422,837300,61.723187154093715
2018-08-07,78.02375793457031,466400,62.04377692314665
2018-08-08,77.01455688476562,681100,58.890746097485184
2018-08-09,77.52703857421875,595800,59.53656552731915
2018-08-10,77.12494659423828,621700,24.285280928514894
2018-08-13,77.21956634521484,492700,37.22638658667175
2018-08-14,77.3693618774414,548300,34.812399334618334
2018-08-15,77.82666015625,705000,41.8878313570049
2018-08-16,77.45609283447266,669100,36.99103989508502
2018-08-17,77.68473052978516,930100,49.73389334115697
2018-08-20,78.56780242919922,719800,50.26317732829813
2018-08-21,78.94622039794922,1042700,58.98473640127376
2018-08-22,79.2300796508789,504200,62.216210419969165
2018-08-23,78.7885513305664,492600,52.78545225189286
2018-08-24,79.6242904663086,563000,61.2373086368468
2018-08-27,80.19197082519531,679000,66.38863258903856
2018-08-28,80.30235290527344,736300,78.75872562497497
2018-08-29,79.4902572631836,611500,66.31722724511445
2018-08-30,78.67817687988281,532400,62.085939976657464
2018-08-31,78.29972076416016,973900,58.04930853882348
2018-09-04,78.2839584350586,1108600,56.95449682900285
2018-09-05,78.9146957397461,1243400,58.06069814053021
2018-09-06,79.65583801269531,899500,65.44853666874201
2018-09-07,79.63218688964844,824300,64.08219695005357
2018-09-10,81.122314453125,1071100,66.98103925532443
2018-09-11,80.08157348632812,604100,56.93643369805471
2018-09-12,81.11443328857422,851300,60.54716858661638
2018-09-13,81.47712707519531,595600,65.18257590706322
2018-09-14,83.25110626220703,1224500,68.51854448900981
2018-09-17,83.424560546875,1272700,67.19798739442588
2018-09-18,84.85163879394531,1542200,71.2288649105893
2018-09-19,85.9317855834961,1865200,79.32523451740542
2018-09-20,84.37068939208984,1071200,74.26077580740925
2018-09-21,84.72550201416016,1875900,77.44117792715889
2018-09-24,83.73992919921875,827600,71.51731645627513
2018-09-25,83.22744750976562,1005100,67.1688201559551
2018-09-26,83.88186645507812,737400,66.94055084299971
2018-09-27,83.55860137939453,688000,65.37030499711196
2018-09-28,82.88054656982422,1253500,57.35006605188342
2018-10-01,83.32992553710938,1447000,64.28563759398092
2018-10-02,82.89631652832031,972800,58.27240585668837
2018-10-03,81.62692260742188,1248100,50.64142688569834
2018-10-04,79.97908020019531,1383600,35.83612787911973
2018-10-05,80.13677215576172,1010900,35.748448139586415
2018-10-08,79.43506622314453,871100,24.945247064021586
2018-10-09,79.3956527709961,621400,16.545663569737158
2018-10-10,77.55859375,1584800,16.09109669833714
2018-10-11,77.11705017089844,1240700,12.451249936932712
2018-10-12,77.51127624511719,945200,17.355358682317714
2018-10-15,77.90550994873047,846100,21.757430933835593
2018-10-16,80.34966278076172,1004900,34.24750752455047
2018-10-17,79.54544067382812,659600,32.83878052647755
2018-10-18,77.65319061279297,1024800,29.749484249664548
2018-10-19,77.29841613769531,3348500,26.461701532176903
2018-10-22,74.9094467163086,7593800,22.95791027395596
2018-10-23,74.1604232788086,3557100,23.796439642989682
2018-10-24,72.57568359375,1862500,23.902306782864642
2018-10-25,73.71888732910156,1417000,28.846114191074875
2018-10-26,73.09603118896484,1544100,28.99683715173785
2018-10-29,72.55989074707031,1373000,28.07278846403281
2018-10-30,72.41008758544922,1344000,31.48037865569215
2018-10-31,72.80704498291016,2712800,34.4466500557521
2018-11-01,77.44331359863281,2048100,49.81223293570896
2018-11-02,78.03079223632812,1468200,50.34247275296705
2018-11-05,77.69734954833984,1185500,41.80379505102411
2018-11-06,78.45950317382812,662100,46.63547725845858
2018-11-07,79.70588684082031,973100,56.62493665643485
2018-11-08,78.11809539794922,1044700,52.450430091683856
2018-11-09,77.26072692871094,1109700,57.737726699597324
2018-11-12,75.94288635253906,845800,55.65415125655066
2018-11-13,75.86349487304688,674500,61.53045105056766
2018-11-14,76.76058959960938,854600,60.85471612015818
2018-11-15,77.45126342773438,1109700,65.46735416604574
2018-11-16,77.57032775878906,1201100,68.33751426841826
2018-11-19,75.33158111572266,1274100,59.2741962828232
2018-11-20,74.59326171875,1048500,55.55000846287217
2018-11-21,74.78379821777344,662800,38.58213091106334
2018-11-23,76.23661041259766,375600,42.82993774707715
2018-11-26,77.42742919921875,1346100,48.990498778463284
2018-11-27,75.89522552490234,948800,40.93192814934765
2018-11-28,76.59386444091797,881700,38.55141826354986
2018-11-29,76.88760375976562,777100,44.99688241589502
2018-11-30,72.2433853149414,3746900,34.40278914226761
2018-12-03,71.3463134765625,4109000,35.32696159421418
2018-12-04,70.18722534179688,1668500,33.04885484078227
2018-12-06,69.45684814453125,2250900,27.969337549305237
2018-12-07,66.630615234375,1589900,21.08613627486237
2018-12-10,66.68620300292969,1349800,20.817524328207625
2018-12-11,66.57503509521484,1096700,23.49844094622003
2018-12-12,67.34512329101562,869500,28.105716313756574
2018-12-13,66.49565887451172,1058700,25.92268346729776
2018-12-14,66.73381805419922,1172400,20.29793870484656
2018-12-17,66.3606948852539,1713700,13.54629132126
2018-12-18,65.33659362792969,1294200,14.015439698590455
2018-12-19,63.90761184692383,1768800,8.814616391550473
2018-12-20,62.788238525390625,1413700,6.5559426585986245
2018-12-21,62.01021957397461,1983900,8.606498310814459
2018-12-24,61.93876647949219,630300,9.222497658643448
2018-12-26,64.36011505126953,992800,27.23336419475244
2018-12-27,64.61414337158203,843300,30.347966352003624
2018-12-28,64.4077377319336,750200,38.54340582382867
2018-12-31,64.50300598144531,1147100,38.793752986050734
2019-01-02,63.49480056762695,1759000,35.52251897214933
2019-01-03,61.843502044677734,1472700,26.11983917591732
2019-01-04,64.1378402709961,2072400,40.906357052101804
2019-01-07,66.12254333496094,1951600,47.922339190749284
2019-01-08,67.80557250976562,1888100,54.50944974060002
2019-01-09,67.61503601074219,942500,57.501297354702544
2019-01-10,67.67855834960938,972900,63.6415674297333
2019-01-11,69.00433349609375,873100,72.15613576995098
2019-01-14,68.6629638671875,996400,74.47430767248791
2019-01-15,69.66328430175781,802200,76.59930590037227
2019-01-16,69.13135528564453,759400,68.88742913922086
2019-01-17,70.17134857177734,890000,70.71003830990593
2019-01-18,70.5365219116211,1030200,72.57302191851804
2019-01-22,70.70325469970703,856500,72.7166481246471
2019-01-23,70.02051544189453,1092500,74.49324067957164
2019-01-24,70.9731674194336,814300,86.16335171252904
2019-01-25,71.55269622802734,932600,83.98814045130074
2019-01-28,72.0290298461914,665900,81.41870037150099
2019-01-29,71.94964599609375,885800,76.5782376036859
2019-01-30,72.28307342529297,747500,79.39984527636429
2019-01-31,72.39498901367188,969800,79.5246573719945
2019-02-01,72.57085418701172,1454200,76.0811080723108
2019-02-04,73.02651977539062,1122300,81.38499157125798
2019-02-05,73.14645385742188,1039600,78.68565698301276
2019-02-06,72.7467269897461,1143100,80.43717868676825
2019-02-07,72.1471939086914,2076500,67.96676629009565
2019-02-08,71.45967102050781,6386300,57.929524945443106
2019-02-11,71.05195617675781,1702100,52.87615269504412
2019-02-12,71.60359191894531,1413000,63.34614152646048
2019-02-13,71.92332458496094,1346400,58.96726568924078
2019-02-14,71.74746704101562,863000,51.98979265750999
2019-02-15,69.06941986083984,4487900,29.145817250521986
2019-02-19,69.91679382324219,1550300,37.07487019085243
2019-02-20,69.485107421875,1307200,32.4297183944777
2019-02-21,68.98148345947266,960400,29.56943829254817
2019-02-22,68.74967193603516,1745900,27.28155181266773
2019-02-25,68.88556671142578,959300,24.40726717182909
2019-02-26,67.66243743896484,906200,20.1738115807443
2019-02-27,67.5345458984375,1408300,20.78850441226902
2019-02-28,67.87030792236328,2428600,25.300058161053244
2019-03-01,70.36446380615234,1880700,44.76694379251943
2019-03-04,70.8761215209961,1375100,49.168100271223786
2019-03-05,70.7562026977539,711600,45.82012724509772
2019-03-06,70.42042541503906,662700,42.59844294817843
2019-03-07,69.30927276611328,1230300,39.00514067532689
2019-03-08,69.58905029296875,808400,52.98995140324769
2019-03-11,69.6130142211914,979900,48.069083710703474
2019-03-12,69.26929473876953,1181400,48.61271455180876
2019-03-13,69.41317749023438,1016500,52.909579506292445
2019-03-14,69.15736389160156,625000,52.73894595916158
2019-03-15,69.32522583007812,1393900,52.941074397796044
2019-03-18,69.62902069091797,694800,65.00033752563448
2019-03-19,69.49312591552734,566900,64.92107462658808
2019-03-20,68.59778594970703,617500,55.10674944408025
2019-03-21,67.92626190185547,942900,26.998439596252737
2019-03-22,66.75911712646484,1100600,15.435660408297124
2019-03-25,67.11885070800781,653300,20.644647253032787
2019-03-26,67.69444274902344,622400,28.819738367750503
2019-03-27,67.84632110595703,801700,36.64195948393569
2019-03-28,68.39790344238281,778400,39.63810418840245
2019-03-29,67.96621704101562,1204400,36.623256863165544
2019-04-01,68.49384307861328,925700,43.88382885311562
2019-04-02,68.04618835449219,569300,39.71125311233818
2019-04-03,68.15808868408203,745500,42.312338222605696
2019-04-04,68.77365112304688,1303800,46.03007426313442
2019-04-05,69.19731903076172,589900,46.9455594445608
2019-04-08,69.17333984375,541100,47.70099244286625
2019-04-09,68.07014465332031,1356600,46.316757080332714
2019-04-10,68.42989349365234,568900,53.675632093793986
2019-04-11,68.62974548339844,528000,65.89681048467097
2019-04-12,70.00474548339844,953600,70.91553719300728
2019-04-15,70.27655029296875,719600,69.5758400255426
2019-04-16,71.69148254394531,1011800,74.46594089839795
2019-04-17,72.09121704101562,1037100,73.96281108737276
2019-04-18,70.9720230102539,1172900,67.90480631231259
2019-04-22,70.4364242553711,966300,61.56047161210412
2019-04-23,80.4610824584961,7378300,84.5264268809826
2019-04-24,82.48361206054688,3572200,86.01285563096506
2019-04-25,81.12461853027344,1552500,79.93029122235887
2019-04-26,82.01193237304688,1176600,80.37137024372868
2019-04-29,81.31645202636719,1686100,77.89207130289712
2019-04-30,81.97640228271484,1026200,82.60584748288333
2019-05-01,82.16149139404297,993800,82.46220497152072
2019-05-02,83.33648681640625,1565500,83.23516105495027
2019-05-03,84.30224609375,1177300,82.91922607228028
2019-05-06,83.44916534423828,1439700,79.53857466400096
2019-05-07,81.43716430664062,1373000,71.28400579576461
2019-05-08,81.13135528564453,684500,69.82447052887049
2019-05-09,80.84967803955078,878700,72.48710019640633
2019-05-10,81.0347671508789,748900,74.51909499630045
2019-05-13,77.23614501953125,1364500,39.52016263992364
2019-05-14,77.8799819946289,752900,33.567499647334415
2019-05-15,78.38699340820312,982400,39.59530163899821
2019-05-16,79.09522247314453,850000,38.761682971038994
2019-05-17,78.18580627441406,1274400,38.133012978089134
2019-05-20,77.37296295166016,896600,32.75020383612147
2019-05-21,78.07312774658203,645500,35.249655099517426
2019-05-22,79.73101043701172,1324300,37.42985137988433
2019-05-23,78.81354522705078,1476800,30.79951255158322
2019-05-24,79.12741088867188,532800,34.289001321867175
2019-05-28,78.75720977783203,779100,38.936883605585685
2019-05-29,78.17774963378906,669000,38.07661200657621
2019-05-30,78.885986328125,506300,42.33670787935953
2019-05-31,76.56818389892578,848700,35.05663451897925
2019-06-03,78.12142944335938,886300,53.48546471461098
2019-06-04,82.92604064941406,1407700,64.96420023973599
2019-06-05,83.28820037841797,699300,64.6605916625018
2019-06-06,84.06885528564453,708800,64.81305085623862
2019-06-07,85.24385070800781,736400,70.69372168099468
2019-06-10,85.09901428222656,1075100,73.57576113137318
2019-06-11,85.05070495605469,1222900,72.17394972774895
2019-06-12,85.91182708740234,628100,70.68966574012498
2019-06-13,86.53150177001953,951300,76.3606259374417
2019-06-14,86.48323059082031,556800,75.58798582146038
2019-06-17,85.78307342529297,672400,73.89174677333489
2019-06-18,86.82125854492188,498200,78.50336226971824
2019-06-19,86.3786392211914,693400,75.14879390002628
2019-06-20,86.83734893798828,672600,89.3830265592577
2019-06-21,86.33032989501953,1043000,84.22849515214793
2019-06-24,85.62210845947266,571600,67.07466624146579
2019-06-25,84.60001373291016,1428700,57.667055499668244
2019-06-26,84.83341979980469,638700,54.77397994426315
2019-06-27,85.24385070800781,453700,50.0
2019-06-28,85.05070495605469,1782300,49.66872241533378
2019-07-01,85.64624786376953,932900,53.798783556107956
2019-07-02,84.25395965576172,683600,40.09609477121204
2019-07-03,85.62210845947266,788100,45.01332891546304
2019-07-05,86.04863739013672,720700,47.71182389684468
2019-07-08,87.05464172363281,900100,56.4860411592971
2019-07-09,87.09487915039062,629200,51.55388601485255
2019-07-10,87.1592788696289,792100,54.63222857639555
2019-07-11,86.60396575927734,747700,48.630827375932995
2019-07-12,87.93992614746094,957300,58.60588097563204
2019-07-15,88.2376937866211,795400,64.62647723879005
2019-07-16,88.40672302246094,780900,73.53247740622203
2019-07-17,87.40876007080078,751200,64.54540832111718
2019-07-18,88.02845001220703,976700,65.3641213796866
2019-07-19,86.64420318603516,1047900,57.770796422642505
2019-07-22,87.32828521728516,1616900,58.13233768743978
2019-07-23,96.02005004882812,3924500,83.3484484220842
2019-07-24,98.04814910888672,1716500,83.94891527289099
2019-07-25,98.33786010742188,1201000,83.82801438323742
2019-07-26,99.5289535522461,1205900,83.9911404452313
2019-07-29,101.46045684814453,958700,85.48699405460805
2019-07-30,100.1003646850586,1217200,80.04479936290389
2019-07-31,98.0449447631836,1230400,74.83236902329247
2019-08-01,92.9225845336914,2472600,59.288094817535296
2019-08-02,91.85442352294922,1859600,56.553657507483344
2019-08-05,90.15507507324219,1499900,53.00161371447733
2019-08-06,91.42555236816406,1103200,56.83219746488385
2019-08-07,92.05672454833984,830300,56.84905243320541
2019-08-08,94.38729095458984,867800,62.75470398688966
2019-08-09,92.67984008789062,720200,58.52777085473567
2019-08-12,91.55502319335938,513000,40.62373832853765
2019-08-13,94.07169342041016,1623200,41.817602949921785
2019-08-14,92.58273315429688,975600,38.714593221119976
2019-08-15,91.55502319335938,598200,34.262834228383355
2019-08-16,92.55036163330078,598800,31.740518817273227
2019-08-19,93.01971435546875,562800,34.939788362707574
2019-08-20,92.56654357910156,422800,37.49540698069278
2019-08-21,93.46477508544922,375100,51.533220570087245
2019-08-22,92.5341567993164,517500,51.937237118136366
2019-08-23,84.26396179199219,2044600,37.785239400828786
2019-08-26,86.7482681274414,1026100,40.76677816718451
2019-08-27,86.79682159423828,858700,39.37219053491598
2019-08-28,87.6141128540039,557500,35.42315785878668
2019-08-29,89.12734985351562,504400,42.2900848297312
2019-08-30,89.3944091796875,679300,45.129516783454434
2019-09-03,88.52045440673828,704500,36.48543028595586
2019-09-04,88.66612243652344,619800,39.797669687736246
2019-09-05,89.8152084350586,683800,45.49645607168036
2019-09-06,90.9561996459961,677600,45.904364209141455
2019-09-09,92.202392578125,580600,47.98078039497751
2019-09-10,94.31444549560547,1088700,53.991110541259125
2019-09-11,95.07511901855469,755500,53.70025921151035
2019-09-12,96.81493377685547,850600,59.48372205286099
2019-09-13,96.92823028564453,601400,93.93599794180409
2019-09-16,96.35367584228516,433700,88.41417498312705
2019-09-17,96.539794921875,735200,88.54026771707724
2019-09-18,96.82301330566406,814300,88.03470244468716
2019-09-19,97.8507308959961,1027100,87.53477262625327
2019-09-20,95.18840789794922,2461200,70.66972735254845
2019-09-23,95.55255889892578,520600,76.03353217642805
2019-09-24,94.6785888671875,598100,71.11984777831377
2019-09-25,96.14328002929688,525700,71.74629942209687
2019-09-26,95.0022964477539,497300,63.90434311135535
2019-09-27,96.1513900756836,536800,63.66183666175906
2019-09-30,96.04618835449219,672100,56.957132882608136
2019-10-01,94.75951385498047,651700,48.78349598674541
2019-10-02,93.31100463867188,664300,36.18379371610755
2019-10-03,94.35490417480469,491100,40.54696236340655
2019-10-04,95.68202209472656,512600,47.66197033476304
2019-10-07,95.21269226074219,430900,45.46967490295844
2019-10-08,94.42774963378906,602900,42.09411157971713
2019-10-09,95.6173095703125,531700,42.7062180986271
2019-10-10,96.66118621826172,622600,55.37824341176326
2019-10-11,98.15016174316406,611900,58.76571968790018
2019-10-14,97.83454132080078,509100,61.06693449095638
2019-10-15,98.69233703613281,541700,59.33612393396448
2019-10-16,98.71659851074219,647400,64.81589123105792
2019-10-17,99.04029846191406,802400,62.335782973879695
2019-10-18,98.69233703613281,911300,61.06969096171204
2019-10-21,97.2357406616211,2064600,60.213648155863844
2019-10-22,80.93806457519531,6939000,27.06277806190569
2019-10-23,80.43634796142578,3201900,23.66815343237343
2019-10-24,77.81449127197266,2428400,17.775907081880433
2019-10-25,77.69310760498047,2241500,18.001837681500305
2019-10-28,78.20292663574219,1520500,20.06578539906468
2019-10-29,79.82132720947266,2531400,21.31095385306088
2019-10-30,80.34736633300781,1357500,19.802422884283573
2019-10-31,79.2880859375,1142600,14.521105456966794
2019-11-01,78.5792236328125,1089000,14.309419344839355
2019-11-04,79.60587310791016,885300,14.842467842190985
2019-11-05,78.04959106445312,2386300,13.96490761310578
2019-11-06,77.29183197021484,8392300,12.644700898404238
2019-11-07,77.57701873779297,1941500,13.65382165646919
2019-11-08,77.83773803710938,1988000,15.17618212393738
2019-11-11,77.82146453857422,719900,36.531813023521416
2019-11-12,76.91703033447266,1336700,35.30304246812946
2019-11-13,76.59111022949219,1151900,43.67893029324692
2019-11-14,77.67479705810547,1006900,49.91394863881088
2019-11-15,77.739990234375,1270800,47.72952123798305
2019-11-18,77.69924926757812,1538900,37.68671682082711
2019-11-19,77.609619140625,1151200,33.26686873397061
2019-11-20,77.33258056640625,1441800,36.7842263746236
2019-11-21,77.74813079833984,1691400,44.1514053314005
2019-11-22,78.31849670410156,1258200,40.31870324704608
2019-11-25,80.81993103027344,2047400,68.24048175921683
2019-11-26,81.83841705322266,2612400,78.94195969795808
2019-11-27,83.0524673461914,1269000,81.16886162633743
2019-11-29,82.86506652832031,652300,78.85884113013987
2019-12-02,81.87916564941406,1124200,70.9595627209351
2019-12-03,80.85250854492188,990500,70.07476017201455
2019-12-04,81.03990936279297,698300,73.01848464297473
2019-12-05,81.73249053955078,874800,71.88042022255208
2019-12-06,82.29471588134766,743600,73.31103480429175
2019-12-09,82.05026245117188,771100,71.813580741797
2019-12-10,81.42288970947266,770400,68.1395701636148
2019-12-11,81.78137969970703,500300,71.00001944736354
2019-12-12,83.72875213623047,1164800,74.6640010773109
2019-12-13,84.6739273071289,1090600,75.42375519527013
2019-12-16,83.32137298583984,1311900,61.01945105240834
2019-12-17,83.83467102050781,753500,59.20362555022382
2019-12-18,84.34799194335938,899000,56.38554144376481
2019-12-19,85.0487289428711,811500,60.24468378307759
2019-12-20,84.40504455566406,4982500,62.24333419622056
2019-12-23,85.72501373291016,772500,72.96480749661092
2019-12-24,85.6353759765625,190200,71.8605395588674
2019-12-26,85.52130889892578,533000,69.07310650810305
2019-12-27,86.17316436767578,458200,69.34969648340974
2019-12-30,85.70056915283203,521400,67.80614884202143
2019-12-31,86.05095672607422,530800,73.20264687882496
2020-01-02,85.82279205322266,1043200,70.52974999186121
2020-01-03,85.59464263916016,708100,61.484387326536286
2020-01-06,85.84722900390625,779400,57.894634172384514
2020-01-07,84.24208068847656,984900,55.99138123631597
2020-01-08,85.5131607055664,920900,59.94202971903303
2020-01-09,84.6576156616211,683300,51.76250884880807
2020-01-10,82.84877014160156,1096200,38.87979193645794
2020-01-13,85.43983459472656,900400,54.37022401457944
2020-01-14,85.75759887695312,1646800,50.15034359724953
2020-01-15,83.94874572753906,1972000,43.283625620840056
2020-01-16,84.42947387695312,868200,45.7755372051106
2020-01-17,85.65982818603516,1164400,48.09893322815175
2020-01-21,85.31761169433594,758700,48.567943036114826
2020-01-22,86.189453125,875100,50.4984631200996
2020-01-23,85.94500732421875,818200,50.43935072963652
2020-01-24,85.29316711425781,1217500,48.948266362888695
2020-01-27,84.4457778930664,931500,45.30568706693033
2020-01-28,85.54576110839844,658900,54.519778195580194
2020-01-29,84.97538757324219,710600,48.04036317516379
2020-01-30,84.40129852294922,1166300,49.04642423279101
2020-01-31,83.54833984375,923000,52.80188719603493
2020-02-03,83.46632385253906,636100,40.107570306189885
2020-02-04,85.221435546875,991200,47.65092056530866
2020-02-05,86.17282104492188,914400,60.53591435779187
2020-02-06,84.05682373046875,1566300,48.47149273236165
2020-02-07,81.80142974853516,1849000,35.40149019526338
2020-02-10,82.75279998779297,1118600,40.72346872042231
2020-02-11,82.09667205810547,4045500,34.96238978612327
2020-02-12,80.53839111328125,2776300,31.884126881872177
2020-02-13,79.54601287841797,1374000,31.172742464133307
2020-02-14,80.13652038574219,936900,35.641526634036026
2020-02-18,79.898681640625,1160400,30.03694993149429
2020-02-19,80.11193084716797,1124100,32.361787243414824
2020-02-20,81.0960922241211,1340000,38.359307824591575
2020-02-21,73.78860473632812,3638000,26.37017475934755
2020-02-24,71.42658233642578,2284600,23.748250380200247
2020-02-25,68.08038330078125,1565900,15.050214672391263
2020-02-26,67.66212463378906,1820200,11.418805071490766
2020-02-27,65.20985412597656,2369400,11.260952992694143
2020-02-28,63.356327056884766,2288300,11.450113044050894
2020-03-02,65.02943420410156,1485900,14.043281726538893
2020-03-03,61.87187194824219,2577300,12.749269853903328
2020-03-04,63.848411560058594,2367600,19.72625901809404
2020-03-05,61.076316833496094,1286300,18.529893130644254
2020-03-06,59.66566467285156,1800600,16.068496930661098
2020-03-09,54.318302154541016,2254700,13.740969095155975
2020-03-10,55.15486526489258,2008000,15.23873333691094
2020-03-11,51.652835845947266,2602400,11.678070836832447
2020-03-12,44.11568832397461,2547500,11.608670841525068
2020-03-13,45.124473571777344,3069000,14.73501161018423
2020-03-16,36.68516159057617,2488500,12.964415807032822
2020-03-17,38.341854095458984,3130400,16.394062196754945
2020-03-18,38.39927291870117,2507100,17.485610731650368
2020-03-19,38.78472900390625,2495200,19.10066501743495
2020-03-20,37.816959381103516,2739100,15.161687162749843
2020-03-23,42.54100799560547,3802400,26.206335373629656
2020-03-24,51.759456634521484,3305500,37.37150024591138
2020-03-25,54.77759552001953,3121500,43.453809802990904
2020-03-26,56.00782012939453,1758700,46.18413257007654
2020-03-27,53.83442687988281,1322400,49.459422808713704
2020-03-30,58.62407302856445,1841500,53.561192558896614
2020-03-31,58.681488037109375,2456300,57.764082045506285
2020-04-01,57.47587585449219,2343100,67.15820333072537
2020-04-02,57.76292037963867,1468600,66.53787156129997
2020-04-03,54.90061950683594,1628400,77.90904537327705
2020-04-06,58.394439697265625,1250700,79.08638903745639
2020-04-07,61.027122497558594,1919200,80.54020501911828
2020-04-08,60.81387710571289,1194000,79.87101089844317
2020-04-09,62.06049346923828,1507900,82.62693543639143
2020-04-13,60.87128448486328,1003700,77.26275613024106
2020-04-14,61.232154846191406,1306900,69.12886552433211
2020-04-15,58.66509246826172,1598100,57.99595637251087
2020-04-16,59.878910064697266,1349700,57.967587361881975
2020-04-17,61.675025939941406,1306700,66.39232423938006
2020-04-20,62.068702697753906,1045800,58.82356504903246
2020-04-21,59.329402923583984,1267700,51.45917744753097
2020-04-22,60.81387710571289,787300,57.42430204754441
2020-04-23,59.673858642578125,1209400,54.09488935221356
2020-04-24,61.404396057128906,1540000,64.64719098498
2020-04-27,62.95444869995117,1045700,61.255013483844714
2020-04-28,63.85662078857422,1926500,57.63607867425083
2020-04-29,59.796905517578125,3835300,47.727299464716374
2020-04-30,59.780330657958984,1860600,44.60791167861969
2020-05-01,56.89936065673828,1742400,41.3031276185436
2020-05-04,57.180843353271484,1120000,41.09835464561037
2020-05-05,55.64099884033203,1212700,43.04126254243722
2020-05-06,54.54820251464844,1229400,37.664814081506805
2020-05-07,56.60960388183594,911900,38.420842431303065
2020-05-08,57.702388763427734,719200,40.32808378767674
2020-05-11,56.791725158691406,772700,43.883194266190564
2020-05-12,54.258460998535156,819700,34.959314441557126
2020-05-13,52.023216247558594,1063900,33.28642083048463
2020-05-14,53.4968147277832,1064700,32.528979933643114
2020-05-15,53.64584732055664,1135100,28.076305640877464
2020-05-18,56.51026153564453,1264900,34.16172280095296
2020-05-19,56.27016830444336,848100,40.897411080919454
2020-05-20,57.00697708129883,677400,43.09850084543644
2020-05-21,56.95730209350586,691400,50.167838148730524
2020-05-22,55.210506439208984,1010100,44.739151496287036
2020-05-26,60.070072174072266,2309300,60.04500919926987
2020-05-27,60.72410202026367,1102400,64.29118595370997
2020-05-28,60.81516647338867,1289000,60.708242136195544
2020-05-29,60.85657501220703,1642000,58.48553781219219
2020-06-01,60.15287780761719,745400,59.14415599942215
2020-06-02,60.69927215576172,1050600,69.64641525820929
2020-06-03,63.90311813354492,1307000,84.21547151560857
2020-06-04,63.79550552368164,927000,82.19460004016365
2020-06-05,66.94139862060547,1154500,85.00432363052393
2020-06-08,69.47467041015625,1153000,84.73821092605192
2020-06-09,65.57540893554688,1110100,70.84570398591526
2020-06-10,63.01731491088867,813800,62.448604020406066
2020-06-11,58.84484100341797,918800,53.33919190809443
2020-06-12,61.51057815551758,800400,60.79431862418428
2020-06-15,62.512298583984375,856300,54.82186408807671
2020-06-16,63.83688735961914,680900,55.98726236159925
2020-06-17,63.45607376098633,548700,55.02363721383036
2020-06-18,62.2225456237793,755000,52.48566795128582
2020-06-19,59.060081481933594,3198300,48.17476066153346
2020-06-22,60.550254821777344,1204900,49.75871138140576
2020-06-23,61.071800231933594,697700,44.97943036540476
2020-06-24,58.72894287109375,999100,41.67571587568662
2020-06-25,58.248779296875,1235900,34.34703893680229
2020-06-26,58.45574188232422,3389700,28.343627662375596
2020-06-29,61.0883674621582,1011800,40.71918539410507
2020-06-30,62.0486946105957,981400,47.85475480715453
2020-07-01,61.83344650268555,731600,58.02579292922567
2020-07-02,61.758941650390625,692600,50.774803112874174
2020-07-06,61.9576301574707,743600,48.17836792650681
2020-07-07,60.88140106201172,680000,40.132677755920106
2020-07-08,60.64958953857422,595300,40.53598254418817
2020-07-09,59.19255447387695,1182700,39.93400979461322
2020-07-10,61.411231994628906,670300,58.33336488169634
2020-07-13,60.9393424987793,649300,51.486364824695606
2020-07-14,61.7755012512207,589800,52.62512725686149
2020-07-15,64.84689331054688,765200,71.64617291628875
2020-07-16,64.16805267333984,599500,70.65286775952677
2020-07-17,64.15147399902344,789400,70.14048546449986
2020-07-20,64.57368469238281,762700,64.60786417294823
2020-07-21,65.26082611083984,910800,63.778395284549276
2020-07-22,65.52574157714844,689100,65.77085173838759
2020-07-23,66.0638656616211,858500,67.68706907252559
2020-07-24,64.23426818847656,1653100,58.248328724108525
2020-07-27,59.47403335571289,5159500,45.975409540993375
2020-07-28,59.94591522216797,1411100,48.014987028717606
2020-07-29,61.28706359863281,1123000,55.947339266414346
2020-07-30,60.68271255493164,761400,47.72258889114405
2020-07-31,60.7996826171875,1111300,49.55350402567141
2020-08-03,62.5628662109375,1113100,52.37636682280919
2020-08-04,62.55449295043945,1140500,41.51186129453723
2020-08-05,64.64354705810547,981800,51.59414603302577
2020-08-06,64.25080871582031,707800,50.32483716975512
2020-08-07,64.13381958007812,543800,48.532286190700454
2020-08-10,65.98889923095703,787600,52.25372775497731
2020-08-11,65.77998352050781,664600,50.78973599157085
2020-08-12,66.69915771484375,732600,51.92773377091201
2020-08-13,65.96382141113281,476900,55.62148093299881
2020-08-14,66.54039001464844,473400,81.54689911377949
2020-08-17,65.50422668457031,546700,73.62414936537614
2020-08-18,65.72148895263672,462900,70.83815242355124
2020-08-19,65.67135620117188,363300,74.73067952007001
2020-08-20,64.71875762939453,500000,67.94190338607011
2020-08-21,64.19230651855469,591100,58.41232666173524
2020-08-24,66.79946899414062,517000,67.27900154002432
2020-08-25,66.33150482177734,452800,57.91536678210595
2020-08-26,66.38999938964844,483100,60.35597414589104
2020-08-27,67.41780090332031,658300,64.60962086221737
2020-08-28,67.63507843017578,689100,58.57268634253557
2020-08-31,65.96382141113281,750400,50.83081977251758
2020-09-01,68.437255859375,711100,56.887427789877464
2020-09-02,68.98876190185547,646000,62.163915032836144
2020-09-03,66.85794067382812,755800,51.135055888317176
2020-09-04,66.06409454345703,613400,52.036474096653365
2020-09-08,65.25354766845703,869900,48.36832528146083
2020-09-09,65.48751831054688,1463900,49.36708594771105
2020-09-10,65.65464782714844,1098500,53.406293266275064
2020-09-11,65.72148895263672,782200,55.75830809460687
2020-09-14,64.49313354492188,1099800,40.30890105394901
2020-09-15,64.68533325195312,1169500,42.9187673488838
2020-09-16,65.60450744628906,1105500,46.85404602022582
2020-09-17,67.19219207763672,1257000,49.13520371010505
2020-09-18,66.77436065673828,1765700,46.75068375733584
2020-09-21,63.56559753417969,1066900,41.888083735909824
2020-09-22,63.04751205444336,716800,28.990229466131467
2020-09-23,64.24243927001953,987500,32.38210701062495
2020-09-24,63.640811920166016,702500,36.52904537870213
2020-09-25,64.31765747070312,693700,42.61485243513166
2020-09-28,65.38724517822266,482400,50.55324528049321
2020-09-29,67.88575744628906,941600,58.35765227878446
2020-09-30,69.12246704101562,1427800,61.24663244844998
2020-10-01,69.31466674804688,765300,61.55919903278393
2020-10-02,69.33137512207031,812400,66.88050409556351
2020-10-05,69.43164825439453,808700,66.66668452707862
2020-10-06,69.39822387695312,815900,64.2052921105136
2020-10-07,70.96917724609375,521300,64.16038580463206
2020-10-08,73.50111389160156,742000,71.76864752226395
2020-10-09,74.50387573242188,836100,91.29349823443684
2020-10-12,73.3172836303711,708600,86.90694980430327
2020-10-13,72.60700988769531,644200,81.14506206507856
2020-10-14,71.73796844482422,607000,79.56068570753733
2020-10-15,72.54016876220703,492100,79.74606542726222
2020-10-16,73.20030212402344,636100,79.12772107189198
2020-10-19,72.32290649414062,711900,68.8164626010568
2020-10-20,72.41480255126953,548200,65.4630867192455
2020-10-21,72.65714263916016,669400,65.62498885470603
2020-10-22,75.05536651611328,1165900,71.8849743332748
2020-10-23,76.87702178955078,1972000,75.15528078395144
2020-10-26,69.69070434570312,3951200,50.66619028685664
2020-10-27,71.11124420166016,2330000,50.32582209669083
2020-10-28,70.22547149658203,1717000,41.873929460306044
2020-10-29,70.08344268798828,1015900,38.544783481886014
2020-10-30,69.68749237060547,1198400,40.19175154185458
2020-11-02,69.41790008544922,839700,41.17230149964204
2020-11-03,71.36395263671875,755200,49.02295224159147
2020-11-04,69.40104675292969,839300,42.268478657520276
2020-11-05,70.85005950927734,818800,44.42798036513839
2020-11-06,71.05224609375,588900,46.88784445276605
2020-11-09,71.94523620605469,1742700,48.893344893693
2020-11-10,72.15587615966797,947800,48.81686746293684
2020-11-11,72.89723205566406,981900,44.4739734387521
2020-11-12,70.95115661621094,700700,34.922552684634496
2020-11-13,73.89972686767578,1152500,63.65353479506272
2020-11-16,76.57029724121094,891800,66.3800709201999
2020-11-17,77.41273498535156,641800,71.62185300199911
2020-11-18,77.57281494140625,1032200,72.5062602283258
2020-11-19,77.29481506347656,628300,73.02392984851095
2020-11-20,78.36470031738281,832900,75.82680803623539
2020-11-23,78.02774047851562,679300,71.20649133711444
2020-11-24,77.58966064453125,1144700,78.85988584015686
2020-11-25,77.62336730957031,587300,76.51719752376208
2020-11-27,77.77499389648438,227900,76.42386425519562
2020-11-30,78.3731460571289,1223400,75.8644677197233
2020-12-01,81.03529357910156,1914000,79.84147016245282
2020-12-02,79.13135528564453,1192100,69.43277405852766
2020-12-03,78.06143951416016,907300,73.44450677581085
2020-12-04,76.72193145751953,1477800,60.41019158183626
2020-12-07,75.45826721191406,1079300,45.42302967575973
2020-12-08,75.58462524414062,702000,42.0044340097356
2020-12-09,74.77588653564453,1366700,38.42396202190295
2020-12-10,74.70848846435547,783700,39.10568922797083
2020-12-11,74.97807312011719,889400,34.70327470918812
2020-12-14,75.9131851196289,682700,40.93860157885204
2020-12-15,77.7160415649414,1001300,50.48486058319084
2020-12-16,79.8305892944336,1485500,57.30213032752252
2020-12-17,78.5247802734375,934500,52.30452049577815
2020-12-18,79.03023529052734,1873700,52.03118352299474
2020-12-21,78.85334014892578,1095500,42.03072203982841
2020-12-22,77.82555389404297,583300,44.90463873944036
2020-12-23,78.13724517822266,671600,50.314405306918566
2020-12-24,78.4742431640625,201000,57.926935753852526
2020-12-28,78.6343002319336,476100,65.96110800545675
2020-12-29,78.6679916381836,459600,65.64109272427932
2020-12-30,79.1903305053711,507400,73.06343810686964
2020-12-31,78.80280303955078,559200,70.69853156714092
2021-01-04,77.47171020507812,990000,61.384538433780435
2021-01-05,78.49949645996094,537700,61.708559306286354
2021-01-06,79.6031265258789,693700,59.120488502780276
2021-01-07,79.85587310791016,646900,50.14901749179369
2021-01-08,81.93672180175781,908900,68.42590578277034
2021-01-11,81.59130859375,575500,64.07414643636079
2021-01-12,83.50366973876953,843600,71.46180010281472
2021-01-13,83.6131820678711,640800,79.18417752198636
2021-01-14,83.57948303222656,1058800,78.23410249732234
2021-01-15,81.88615417480469,1018100,65.5171025877683
2021-01-19,81.1195297241211,769200,60.71164093194801
2021-01-20,79.81372833251953,664900,54.450254022517086
2021-01-21,81.71765899658203,706500,58.8651423188499
2021-01-22,82.12205505371094,437900,61.62922048102404
2021-01-25,80.73199462890625,638000,61.37562024831229
2021-01-26,80.19284057617188,1081400,56.116906639386094
2021-01-27,78.59215545654297,1162600,46.47464275528578
2021-01-28,80.15071105957031,1059900,50.942313216183656
2021-01-29,79.0386734008789,726700,40.12627660763534
2021-02-01,80.07396697998047,418800,45.06248575580977
2021-02-02,81.03289031982422,757000,41.428049613289495
2021-02-03,81.88997650146484,645200,44.31644552882844
2021-02-04,82.20396423339844,633900,45.545560829634724
2021-02-05,82.55188751220703,1244400,52.36168451798727
2021-02-08,79.04718017578125,2631700,43.844217062696174
2021-02-09,77.00203704833984,1355500,41.99945987768227
2021-02-10,78.3173828125,1447600,39.98935326713192
2021-02-11,76.92566680908203,1068700,35.541988881081906
2021-02-12,77.6300048828125,717300,41.026878051665676
2021-02-16,75.89037322998047,894900,38.362509621674725
2021-02-17,77.1208267211914,750700,45.9389535324471
2021-02-18,77.58757781982422,509100,42.471707981461776
2021-02-19,76.37407684326172,705000,42.2200659187323
2021-02-22,77.86763000488281,808400,43.72595889956249
2021-02-23,77.54513549804688,850300,39.709593202681944
2021-02-24,77.14630889892578,889800,35.615112966901165
2021-02-25,77.93549346923828,1880900,37.41871299948863
2021-02-26,79.52237701416016,2478700,41.67832572316188
2021-03-01,80.6679916381836,1000100,55.11508785142859
2021-03-02,80.86317443847656,753500,63.79620456962969
2021-03-03,78.9453353881836,617500,52.15111626382621
2021-03-04,78.27493286132812,1017100,54.86234032175671
2021-03-05,80.43887329101562,802200,59.15880057236907
2021-03-08,82.56037902832031,715800,71.22025102611963
2021-03-09,81.31291961669922,1167100,63.322493640206886
2021-03-10,82.1106185913086,661400,64.07811348283016
2021-03-11,80.5152587890625,927800,62.59028216234621
2021-03-12,80.52372741699219,763600,58.876819908717714
2021-03-15,82.66222381591797,717500,65.25043236013838
2021-03-16,82.66222381591797,690600,66.83936568745918
2021-03-17,80.59162139892578,1135500,57.520413365245865
2021-03-18,81.06682586669922,713000,54.6666359298278
2021-03-19,81.40628051757812,2762400,52.345022621693076
2021-03-22,82.18699645996094,811600,54.05405152820145
2021-03-23,82.10212707519531,737000,60.88986046286388
2021-03-24,81.15169525146484,770300,59.735758345662376
2021-03-25,83.45987701416016,756100,60.12505938709956
2021-03-26,83.58717346191406,628900,53.97235901171543
2021-03-29,83.07801818847656,608500,57.24235945242873
2021-03-30,82.21244049072266,973300,50.415470210418576
2021-03-31,81.56752014160156,1411500,54.654633371941394
2021-04-01,81.00743103027344,878700,52.04008345678949
2021-04-05,81.08380889892578,811800,41.94100525720412
2021-04-06,81.2704849243164,750700,43.027048102504516
2021-04-07,82.47552490234375,603300,60.33522826679302
2021-04-08,81.64387512207031,1743600,53.046582277257315
2021-04-09,80.82073211669922,718000,47.05876491810038
2021-04-12,82.40762329101562,737700,51.025189063326465
2021-04-13,83.8757095336914,1723200,57.302590038795614
2021-04-14,84.85159301757812,1069300,65.20218355860868
2021-04-15,84.01997375488281,845300,52.61913341301129
2021-04-16,83.16287231445312,1016600,48.14264874439929
2021-04-19,83.1713638305664,644700,50.42734624791042
2021-04-20,82.08515930175781,771300,49.42883143080756
2021-04-21,82.89981079101562,616300,55.88888724021599
2021-04-22,83.57020568847656,673400,61.218382881402576
2021-04-23,82.44157409667969,891200,55.44217832694108
2021-04-26,82.33125305175781,987300,54.277943072345685
2021-04-27,83.45987701416016,1256700,53.99438647850906
2021-04-28,83.16287231445312,703900,56.44350115731751
2021-04-29,84.08785247802734,756700,63.74022973753449
2021-04-30,84.97649383544922,1035600,61.47776863453867
2021-05-03,84.89959716796875,837200,55.224211772821164
2021-05-04,83.90840911865234,669500,45.19506949027509
2021-05-05,84.91667938232422,534400,54.48738653917668
2021-05-06,84.95941925048828,637000,59.78827005461183
2021-05-07,84.72015380859375,583400,58.231401969506145
2021-05-10,84.92523193359375,700000,66.65402063331574
2021-05-11,83.91695404052734,682900,55.83203337914888
2021-05-12,80.96907043457031,705800,38.174295735565074
2021-05-13,82.2934799194336,550400,49.33848612800878
2021-05-14,82.2849349975586,728600,49.79120595670043
2021-05-17,82.09695434570312,708000,43.286863234508274
2021-05-18,81.15704345703125,641800,40.708651399491096
2021-05-19,80.18295288085938,745600,31.993749107291748
2021-05-20,81.00322723388672,568200,31.562244207222946
2021-05-21,80.37092590332031,600800,30.015069956109926
2021-05-24,80.42220306396484,437500,33.22375425698924
2021-05-25,80.35384368896484,489500,25.859017891597674
2021-05-26,81.02889251708984,433000,30.508565634553108
2021-05-27,81.96023559570312,1160500,37.19269375870937
2021-05-28,82.0029525756836,425100,36.23179445445729
2021-06-01,82.2763900756836,523300,41.69551562787234
2021-06-02,81.56718444824219,668500,53.91492200717905
2021-06-03,81.66118621826172,768600,45.066752066135386
2021-06-04,81.37919616699219,549200,43.22248420043046
2021-06-07,80.96051788330078,399200,41.78000624687518
2021-06-08,82.34474182128906,429300,58.071949309854915
2021-06-09,81.51592254638672,317400,59.241744767780766
2021-06-10,82.21659088134766,429000,58.554366955975446
2021-06-11,83.2846450805664,644000,69.35299644162738
2021-06-14,81.60137176513672,727500,56.43663647055296
2021-06-15,81.27667999267578,573600,54.900283099739596
2021-06-16,80.31967163085938,642100,46.343510723745645
2021-06-17,78.47402954101562,923300,33.57486394582277
2021-06-18,77.78190612792969,1126400,31.25948016034046
2021-06-21,78.74745178222656,677100,35.239417292933155
2021-06-22,79.35411834716797,595900,40.66326120053947
2021-06-23,79.2174072265625,671700,39.72692453990839
2021-06-24,79.6189956665039,568800,42.67419168213563
2021-06-25,79.9266128540039,688500,45.65682243853286
2021-06-28,79.98641967773438,815200,38.85293124886405
2021-06-29,80.31967163085938,906000,44.06777480736679
2021-06-30,80.76399230957031,826800,42.60862003504786
2021-07-01,81.46465301513672,568600,40.37948117354601
2021-07-02,82.58399200439453,686600,55.523457777030615
2021-07-06,81.70388793945312,498100,52.26026717128946
2021-07-07,82.82324981689453,498600,63.02218878203373
2021-07-08,82.78904724121094,591100,77.65576040652029
2021-07-09,83.72042846679688,431000,86.92854675811184
2021-07-12,83.86569213867188,341800,85.44352350439995
2021-07-13,83.37010192871094,480500,78.24497728631266
2021-07-14,83.55809020996094,624800,80.3100140857376
2021-07-15,81.00322723388672,1006200,57.431117358523956
2021-07-16,80.35384368896484,678100,52.21236630508989
2021-07-19,78.43984985351562,796800,43.28145300278404
2021-07-20,80.31967163085938,654000,50.0
2021-07-21,80.50767517089844,421900,48.99875783505671
2021-07-22,79.67027282714844,393900,43.064767913453274
2021-07-23,78.96106719970703,1105300,35.53903386479662
2021-07-26,88.62506866455078,3870500,66.23892625138505
2021-07-27,86.6170654296875,1496100,58.544974517825146
2021-07-28,85.34391784667969,1437600,55.45026288446364
2021-07-29,85.86514282226562,970400,54.65677504512456
2021-07-30,85.54683685302734,1622600,53.623010641589765
