,open,high,low,close,volume,date,dividend,split
2014-01-02,35.5,35.5,34.560001373291016,34.70000076293945,882200,2014-01-02,0,1
2014-01-03,34.720001220703125,35.060001373291016,34.630001068115234,34.7599983215332,431100,2014-01-03,0,1
2014-01-06,34.81999969482422,34.97999954223633,34.470001220703125,34.58000183105469,507100,2014-01-06,0,1
2014-01-07,34.810001373291016,35.09000015258789,34.45000076293945,34.970001220703125,592400,2014-01-07,0,1
2014-01-08,34.97999954223633,35.08000183105469,34.63999938964844,35.06999969482422,696800,2014-01-08,0,1
2014-01-09,35.189998626708984,35.400001525878906,34.540000915527344,34.900001525878906,385700,2014-01-09,0,1
2014-01-10,34.97999954223633,35.31999969482422,34.470001220703125,35.310001373291016,442400,2014-01-10,0,1
2014-01-13,35.099998474121094,35.47999954223633,34.36000061035156,34.56999969482422,447400,2014-01-13,0,1
2014-01-14,34.810001373291016,35.36000061035156,34.630001068115234,35.15999984741211,522500,2014-01-14,0,1
2014-01-15,35.349998474121094,35.70000076293945,35.220001220703125,35.540000915527344,511100,2014-01-15,0,1
2014-01-16,35.369998931884766,35.79999923706055,35.36000061035156,35.56999969482422,381800,2014-01-16,0,1
2014-01-17,35.619998931884766,35.79999923706055,35.29999923706055,35.38999938964844,280200,2014-01-17,0,1
2014-01-21,35.2599983215332,35.91999816894531,35.2599983215332,35.7400016784668,573100,2014-01-21,0,1
2014-01-22,35.86000061035156,36.029998779296875,35.380001068115234,35.75,842900,2014-01-22,0,1
2014-01-23,37.95000076293945,38.5,35.88999938964844,36.0,2118500,2014-01-23,0,1
2014-01-24,35.939998626708984,36.16999816894531,35.68000030517578,35.72999954223633,1040000,2014-01-24,0,1
2014-01-27,35.70000076293945,35.880001068115234,34.97999954223633,35.29999923706055,1041100,2014-01-27,0,1
2014-01-28,35.20000076293945,35.599998474121094,34.959999084472656,35.209999084472656,821200,2014-01-28,0,1
2014-01-29,34.849998474121094,35.34000015258789,34.43000030517578,35.099998474121094,871700,2014-01-29,0,1
2014-01-30,36.470001220703125,36.790000915527344,35.95000076293945,36.31999969482422,1477300,2014-01-30,0,1
2014-01-31,35.7599983215332,36.0,35.31999969482422,35.68000030517578,1057200,2014-01-31,0,1
2014-02-03,35.47999954223633,35.63999938964844,33.459999084472656,34.09000015258789,1661200,2014-02-03,0,1
2014-02-04,34.18000030517578,34.93000030517578,33.81999969482422,34.689998626708984,1025600,2014-02-04,0,1
2014-02-05,34.58000183105469,35.689998626708984,34.04999923706055,35.20000076293945,1097600,2014-02-05,0,1
2014-02-06,35.29999923706055,35.560001373291016,35.08000183105469,35.220001220703125,848800,2014-02-06,0,1
2014-02-07,35.209999084472656,35.709999084472656,35.0,35.66999816894531,705900,2014-02-07,0,1
2014-02-10,35.5,35.86000061035156,35.209999084472656,35.779998779296875,731400,2014-02-10,0,1
2014-02-11,35.779998779296875,36.630001068115234,35.779998779296875,36.4900016784668,928700,2014-02-11,0,1
2014-02-12,36.689998626708984,37.5099983215332,36.11000061035156,37.34000015258789,1707500,2014-02-12,0,1
2014-02-13,37.2400016784668,38.0099983215332,37.04999923706055,37.939998626708984,1396800,2014-02-13,0,1
2014-02-14,38.0099983215332,38.099998474121094,37.54999923706055,37.790000915527344,632800,2014-02-14,0,1
2014-02-18,37.91999816894531,38.52000045776367,37.689998626708984,38.43000030517578,842600,2014-02-18,0,1
2014-02-19,38.18000030517578,38.40999984741211,37.970001220703125,38.060001373291016,957100,2014-02-19,0,1
2014-02-20,38.0,38.790000915527344,37.869998931884766,38.75,1144400,2014-02-20,0,1
2014-02-21,38.939998626708984,38.939998626708984,38.470001220703125,38.72999954223633,648800,2014-02-21,0,1
2014-02-24,38.86000061035156,39.20000076293945,38.61000061035156,38.68000030517578,794100,2014-02-24,0,1
2014-02-25,38.869998931884766,39.290000915527344,38.470001220703125,39.27000045776367,879300,2014-02-25,0,1
2014-02-26,39.400001525878906,39.650001525878906,39.0099983215332,39.220001220703125,704700,2014-02-26,0,1
2014-02-27,39.27000045776367,39.869998931884766,39.029998779296875,39.869998931884766,637200,2014-02-27,0,1
2014-02-28,39.959999084472656,39.9900016784668,39.099998474121094,39.310001373291016,623500,2014-02-28,0,1
2014-03-03,39.16999816894531,39.16999816894531,38.41999816894531,38.81999969482422,670900,2014-03-03,0,1
2014-03-04,39.43000030517578,40.400001525878906,39.43000030517578,40.029998779296875,1600000,2014-03-04,0,1
2014-03-05,39.93000030517578,39.97999954223633,39.5099983215332,39.810001373291016,488100,2014-03-05,0,1
2014-03-06,39.86000061035156,40.040000915527344,39.56999969482422,39.689998626708984,644700,2014-03-06,0,1
2014-03-07,39.849998474121094,39.849998474121094,39.13999938964844,39.279998779296875,733200,2014-03-07,0,1
2014-03-10,39.279998779296875,39.439998626708984,38.75,38.91999816894531,652300,2014-03-10,0,1
2014-03-11,38.91999816894531,39.040000915527344,38.43000030517578,38.720001220703125,590400,2014-03-11,0,1
2014-03-12,38.619998931884766,38.619998931884766,38.11000061035156,38.52000045776367,533800,2014-03-12,0,1
2014-03-13,38.779998779296875,38.880001068115234,38.0099983215332,38.220001220703125,1131800,2014-03-13,0,1
2014-03-14,38.029998779296875,38.47999954223633,37.66999816894531,37.79999923706055,563300,2014-03-14,0,1
2014-03-17,37.880001068115234,38.349998474121094,37.40999984741211,37.720001220703125,854100,2014-03-17,0,1
2014-03-18,37.720001220703125,38.13999938964844,37.720001220703125,38.029998779296875,964400,2014-03-18,0,1
2014-03-19,38.08000183105469,38.130001068115234,37.25,37.5099983215332,449700,2014-03-19,0,1
2014-03-20,37.36000061035156,37.72999954223633,37.20000076293945,37.470001220703125,527600,2014-03-20,0,1
2014-03-21,37.65999984741211,37.65999984741211,36.68000030517578,36.7400016784668,1078100,2014-03-21,0,1
2014-03-24,36.599998474121094,36.75,35.7599983215332,36.209999084472656,680100,2014-03-24,0,1
2014-03-25,36.41999816894531,36.599998474121094,35.65999984741211,36.029998779296875,664200,2014-03-25,0,1
2014-03-26,36.25,36.25,35.13999938964844,35.13999938964844,632600,2014-03-26,0,1
2014-03-27,35.02000045776367,35.599998474121094,34.7400016784668,35.08000183105469,882200,2014-03-27,0,1
2014-03-28,35.060001373291016,35.5,34.720001220703125,34.84000015258789,604100,2014-03-28,0,1
2014-03-31,35.09000015258789,35.709999084472656,34.65999984741211,35.41999816894531,829700,2014-03-31,0,1
2014-04-01,35.59000015258789,36.06999969482422,35.349998474121094,35.90999984741211,790700,2014-04-01,0,1
2014-04-02,36.11000061035156,36.220001220703125,35.540000915527344,35.779998779296875,440200,2014-04-02,0,1
2014-04-03,35.61000061035156,35.91999816894531,34.849998474121094,34.9900016784668,386700,2014-04-03,0,1
2014-04-04,35.33000183105469,35.4900016784668,34.709999084472656,34.75,1173600,2014-04-04,0,1
2014-04-07,34.619998931884766,34.970001220703125,34.06999969482422,34.40999984741211,1009100,2014-04-07,0,1
2014-04-08,34.4900016784668,34.810001373291016,33.91999816894531,34.220001220703125,576300,2014-04-08,0,1
2014-04-09,34.72999954223633,35.029998779296875,34.41999816894531,34.939998626708984,596000,2014-04-09,0,1
2014-04-10,34.939998626708984,34.939998626708984,33.58000183105469,33.83000183105469,1049300,2014-04-10,0,1
2014-04-11,33.459999084472656,33.880001068115234,32.88999938964844,33.13999938964844,706500,2014-04-11,0,1
2014-04-14,33.290000915527344,33.75,32.959999084472656,33.34000015258789,407500,2014-04-14,0,1
2014-04-15,33.47999954223633,33.95000076293945,32.790000915527344,33.77000045776367,613800,2014-04-15,0,1
2014-04-16,33.91999816894531,34.58000183105469,33.779998779296875,34.5,473300,2014-04-16,0,1
2014-04-17,34.36000061035156,35.09000015258789,34.31999969482422,35.0,446500,2014-04-17,0,1
2014-04-21,34.86000061035156,34.970001220703125,34.369998931884766,34.709999084472656,537000,2014-04-21,0,1
2014-04-22,34.790000915527344,35.25,34.5,35.150001525878906,736100,2014-04-22,0,1
2014-04-23,35.0,35.31999969482422,34.29999923706055,34.95000076293945,890200,2014-04-23,0,1
2014-04-24,35.400001525878906,36.25,35.029998779296875,36.20000076293945,1028500,2014-04-24,0,1
2014-04-25,35.88999938964844,36.099998474121094,35.02000045776367,35.15999984741211,1035700,2014-04-25,0,1
2014-04-28,35.36000061035156,35.369998931884766,33.66999816894531,34.47999954223633,1261500,2014-04-28,0,1
2014-04-29,34.33000183105469,35.13999938964844,34.2599983215332,34.900001525878906,947600,2014-04-29,0,1
2014-04-30,34.689998626708984,35.439998626708984,34.369998931884766,35.369998931884766,588700,2014-04-30,0,1
2014-05-01,35.45000076293945,36.0,34.93000030517578,35.470001220703125,872400,2014-05-01,0,1
2014-05-02,35.54999923706055,36.02000045776367,35.18000030517578,35.22999954223633,749300,2014-05-02,0,1
2014-05-05,35.150001525878906,35.720001220703125,34.630001068115234,35.40999984741211,607400,2014-05-05,0,1
2014-05-06,35.25,35.75,34.81999969482422,34.83000183105469,834300,2014-05-06,0,1
2014-05-07,34.90999984741211,34.97999954223633,34.2400016784668,34.93000030517578,611500,2014-05-07,0,1
2014-05-08,34.77000045776367,36.02000045776367,34.56999969482422,34.7599983215332,624500,2014-05-08,0,1
2014-05-09,34.650001525878906,35.29999923706055,34.43000030517578,35.02000045776367,533600,2014-05-09,0,1
2014-05-12,35.2599983215332,36.540000915527344,35.09000015258789,36.31999969482422,530600,2014-05-12,0,1
2014-05-13,36.15999984741211,36.279998779296875,35.47999954223633,35.5,719400,2014-05-13,0,1
2014-05-14,35.31999969482422,35.7400016784668,35.0099983215332,35.099998474121094,629500,2014-05-14,0,1
2014-05-15,35.02000045776367,35.150001525878906,34.31999969482422,34.88999938964844,670600,2014-05-15,0,1
2014-05-16,34.72999954223633,35.880001068115234,34.630001068115234,35.880001068115234,619800,2014-05-16,0,1
2014-05-19,35.619998931884766,36.599998474121094,35.619998931884766,36.369998931884766,636400,2014-05-19,0,1
2014-05-20,36.15999984741211,36.27000045776367,35.33000183105469,35.75,783600,2014-05-20,0,1
2014-05-21,35.83000183105469,36.150001525878906,35.52000045776367,35.959999084472656,387100,2014-05-21,0,1
2014-05-22,35.97999954223633,36.63999938964844,35.7599983215332,36.369998931884766,465500,2014-05-22,0,1
2014-05-23,36.439998626708984,37.0,36.18000030517578,36.83000183105469,646300,2014-05-23,0,1
2014-05-27,37.0,37.61000061035156,36.75,37.29999923706055,585100,2014-05-27,0,1
2014-05-28,37.310001373291016,37.4900016784668,36.75,36.810001373291016,914600,2014-05-28,0,1
2014-05-29,37.04999923706055,37.34000015258789,36.90999984741211,37.25,290600,2014-05-29,0,1
2014-05-30,37.2599983215332,37.2599983215332,36.400001525878906,36.79999923706055,563300,2014-05-30,0,1
2014-06-02,36.79999923706055,36.91999816894531,36.06999969482422,36.599998474121094,447800,2014-06-02,0,1
2014-06-03,36.41999816894531,36.61000061035156,35.91999816894531,36.20000076293945,573200,2014-06-03,0,1
2014-06-04,36.06999969482422,36.369998931884766,35.970001220703125,36.279998779296875,402400,2014-06-04,0,1
2014-06-05,36.0,37.04999923706055,35.93000030517578,36.880001068115234,548400,2014-06-05,0,1
2014-06-06,37.099998474121094,38.189998626708984,37.0,37.900001525878906,931500,2014-06-06,0,1
2014-06-09,37.970001220703125,38.400001525878906,37.810001373291016,38.08000183105469,1041400,2014-06-09,0,1
2014-06-10,37.91999816894531,38.18000030517578,37.470001220703125,37.709999084472656,516300,2014-06-10,0,1
2014-06-11,37.63999938964844,37.91999816894531,37.540000915527344,37.689998626708984,602100,2014-06-11,0,1
2014-06-12,37.689998626708984,37.75,36.849998474121094,36.970001220703125,686100,2014-06-12,0,1
2014-06-13,37.22999954223633,37.77000045776367,36.91999816894531,36.9900016784668,698500,2014-06-13,0,1
2014-06-16,36.90999984741211,37.459999084472656,36.83000183105469,37.04999923706055,738500,2014-06-16,0,1
2014-06-17,37.150001525878906,38.040000915527344,37.150001525878906,37.599998474121094,924500,2014-06-17,0,1
2014-06-18,37.70000076293945,37.810001373291016,37.0,37.75,696800,2014-06-18,0,1
2014-06-19,37.959999084472656,37.959999084472656,37.400001525878906,37.709999084472656,650100,2014-06-19,0,1
2014-06-20,37.75,37.849998474121094,37.41999816894531,37.72999954223633,1179200,2014-06-20,0,1
2014-06-23,37.66999816894531,38.0,37.650001525878906,37.939998626708984,835700,2014-06-23,0,1
2014-06-24,37.88999938964844,38.099998474121094,37.2400016784668,37.2400016784668,629700,2014-06-24,0,1
2014-06-25,37.540000915527344,38.040000915527344,37.16999816894531,37.75,767500,2014-06-25,0,1
2014-06-26,37.90999984741211,38.45000076293945,37.63999938964844,38.209999084472656,826100,2014-06-26,0,1
2014-06-27,38.540000915527344,38.95000076293945,38.060001373291016,38.41999816894531,14914300,2014-06-27,0,1
2014-06-30,38.43000030517578,38.849998474121094,38.16999816894531,38.79999923706055,1017800,2014-06-30,0,1
2014-07-01,38.869998931884766,39.54999923706055,38.869998931884766,38.970001220703125,1069800,2014-07-01,0,1
2014-07-02,38.689998626708984,39.34000015258789,38.689998626708984,38.810001373291016,908600,2014-07-02,0,1
2014-07-03,38.959999084472656,39.11000061035156,38.70000076293945,38.9900016784668,448300,2014-07-03,0,1
2014-07-07,38.939998626708984,39.06999969482422,38.689998626708984,38.849998474121094,657200,2014-07-07,0,1
2014-07-08,38.7400016784668,38.91999816894531,37.880001068115234,38.060001373291016,821100,2014-07-08,0,1
2014-07-09,38.27000045776367,38.65999984741211,38.209999084472656,38.43000030517578,684800,2014-07-09,0,1
2014-07-10,38.099998474121094,38.810001373291016,37.779998779296875,38.4900016784668,836900,2014-07-10,0,1
2014-07-11,38.4900016784668,38.54999923706055,38.130001068115234,38.5,546800,2014-07-11,0,1
2014-07-14,38.65999984741211,39.040000915527344,38.5,38.869998931884766,673200,2014-07-14,0,1
2014-07-15,38.88999938964844,39.040000915527344,38.31999969482422,38.63999938964844,516600,2014-07-15,0,1
2014-07-16,38.7400016784668,38.86000061035156,38.130001068115234,38.150001525878906,860100,2014-07-16,0,1
2014-07-17,38.060001373291016,38.2599983215332,37.400001525878906,37.439998626708984,735300,2014-07-17,0,1
2014-07-18,37.619998931884766,37.970001220703125,37.439998626708984,37.88999938964844,673600,2014-07-18,0,1
2014-07-21,37.79999923706055,37.95000076293945,37.599998474121094,37.84000015258789,510000,2014-07-21,0,1
2014-07-22,37.97999954223633,38.5099983215332,37.97999954223633,38.29999923706055,686000,2014-07-22,0,1
2014-07-23,38.38999938964844,38.529998779296875,37.93000030517578,38.02000045776367,806900,2014-07-23,0,1
2014-07-24,37.9900016784668,38.209999084472656,36.939998626708984,37.63999938964844,1476000,2014-07-24,0,1
2014-07-25,37.65999984741211,38.11000061035156,37.41999816894531,37.81999969482422,1323500,2014-07-25,0,1
2014-07-28,37.7599983215332,37.97999954223633,37.310001373291016,37.400001525878906,917800,2014-07-28,0,1
2014-07-29,37.43000030517578,37.83000183105469,37.2599983215332,37.33000183105469,1307600,2014-07-29,0,1
2014-07-30,37.470001220703125,37.7400016784668,37.040000915527344,37.38999938964844,685500,2014-07-30,0,1
2014-07-31,37.09000015258789,37.15999984741211,35.939998626708984,35.959999084472656,882500,2014-07-31,0,1
2014-08-01,36.0099983215332,36.310001373291016,35.4900016784668,36.209999084472656,1193800,2014-08-01,0,1
2014-08-04,36.369998931884766,36.709999084472656,35.93000030517578,36.619998931884766,575400,2014-08-04,0,1
2014-08-05,36.970001220703125,38.34000015258789,36.93000030517578,37.900001525878906,1801400,2014-08-05,0,1
2014-08-06,37.72999954223633,38.279998779296875,37.599998474121094,37.90999984741211,769500,2014-08-06,0,1
2014-08-07,38.15999984741211,38.27000045776367,37.47999954223633,37.63999938964844,502300,2014-08-07,0,1
2014-08-08,37.70000076293945,37.790000915527344,37.439998626708984,37.709999084472656,491700,2014-08-08,0,1
2014-08-11,37.970001220703125,38.369998931884766,37.65999984741211,38.13999938964844,766000,2014-08-11,0,1
2014-08-12,38.0,38.45000076293945,37.7599983215332,37.93000030517578,564500,2014-08-12,0,1
2014-08-13,38.11000061035156,38.41999816894531,37.880001068115234,38.33000183105469,558500,2014-08-13,0,1
2014-08-14,38.439998626708984,38.529998779296875,37.88999938964844,38.040000915527344,463100,2014-08-14,0,1
2014-08-15,38.40999984741211,38.43000030517578,37.54999923706055,37.7599983215332,652400,2014-08-15,0,1
2014-08-18,38.209999084472656,39.18000030517578,38.18000030517578,38.790000915527344,631800,2014-08-18,0,1
2014-08-19,38.81999969482422,39.13999938964844,38.70000076293945,38.95000076293945,370900,2014-08-19,0,1
2014-08-20,38.779998779296875,39.209999084472656,38.720001220703125,38.9900016784668,416500,2014-08-20,0,1
2014-08-21,38.9900016784668,39.22999954223633,38.619998931884766,39.06999969482422,581800,2014-08-21,0,1
2014-08-22,39.11000061035156,39.470001220703125,38.849998474121094,39.279998779296875,346200,2014-08-22,0,1
2014-08-25,39.459999084472656,39.459999084472656,39.0099983215332,39.25,387100,2014-08-25,0,1
2014-08-26,39.29999923706055,39.459999084472656,39.09000015258789,39.310001373291016,402600,2014-08-26,0,1
2014-08-27,39.4900016784668,39.4900016784668,38.849998474121094,38.939998626708984,323500,2014-08-27,0,1
2014-08-28,38.81999969482422,38.869998931884766,38.43000030517578,38.7400016784668,329300,2014-08-28,0,1
2014-08-29,38.83000183105469,39.0,38.52000045776367,38.689998626708984,520700,2014-08-29,0,1
2014-09-02,38.75,39.119998931884766,38.5099983215332,39.119998931884766,1185700,2014-09-02,0,1
2014-09-03,39.209999084472656,39.599998474121094,39.119998931884766,39.599998474121094,574800,2014-09-03,0,1
2014-09-04,39.709999084472656,40.060001373291016,39.43000030517578,39.529998779296875,478000,2014-09-04,0,1
2014-09-05,39.59000015258789,39.91999816894531,39.41999816894531,39.77000045776367,345700,2014-09-05,0,1
2014-09-08,39.72999954223633,39.880001068115234,39.16999816894531,39.560001373291016,715100,2014-09-08,0,1
2014-09-09,39.38999938964844,39.5099983215332,39.06999969482422,39.25,657800,2014-09-09,0,1
2014-09-10,39.400001525878906,39.810001373291016,39.27000045776367,39.7599983215332,513500,2014-09-10,0,1
2014-09-11,39.47999954223633,39.95000076293945,39.470001220703125,39.779998779296875,729300,2014-09-11,0,1
2014-09-12,39.86000061035156,40.060001373291016,39.5099983215332,39.599998474121094,509500,2014-09-12,0,1
2014-09-15,39.54999923706055,39.7400016784668,38.91999816894531,38.939998626708984,707300,2014-09-15,0,1
2014-09-16,38.88999938964844,39.099998474121094,38.279998779296875,38.5,1201700,2014-09-16,0,1
2014-09-17,38.41999816894531,38.77000045776367,37.97999954223633,38.04999923706055,1050500,2014-09-17,0,1
2014-09-18,38.290000915527344,38.310001373291016,37.95000076293945,38.0,1602600,2014-09-18,0,1
2014-09-19,38.02000045776367,38.119998931884766,37.720001220703125,37.9900016784668,1294900,2014-09-19,0,1
2014-09-22,37.9900016784668,38.0099983215332,37.189998626708984,37.33000183105469,821300,2014-09-22,0,1
2014-09-23,37.150001525878906,37.36000061035156,36.720001220703125,36.7599983215332,749800,2014-09-23,0,1
2014-09-24,36.900001525878906,37.349998474121094,36.650001525878906,37.16999816894531,729200,2014-09-24,0,1
2014-09-25,37.119998931884766,37.16999816894531,36.459999084472656,36.52000045776367,503300,2014-09-25,0,1
2014-09-26,36.59000015258789,36.77000045776367,36.349998474121094,36.56999969482422,424900,2014-09-26,0,1
2014-09-29,36.16999816894531,36.720001220703125,36.16999816894531,36.560001373291016,818100,2014-09-29,0,1
2014-09-30,36.72999954223633,37.060001373291016,36.279998779296875,36.900001525878906,1018000,2014-09-30,0,1
2014-10-01,36.84000015258789,36.88999938964844,36.310001373291016,36.36000061035156,1032200,2014-10-01,0,1
2014-10-02,36.47999954223633,37.119998931884766,36.06999969482422,36.459999084472656,1040700,2014-10-02,0,1
2014-10-03,36.75,37.02000045776367,36.540000915527344,36.84000015258789,652000,2014-10-03,0,1
2014-10-06,37.029998779296875,37.209999084472656,36.720001220703125,36.7599983215332,745100,2014-10-06,0,1
2014-10-07,36.52000045776367,36.779998779296875,36.34000015258789,36.34000015258789,1229200,2014-10-07,0,1
2014-10-08,36.25,36.709999084472656,35.869998931884766,36.599998474121094,805800,2014-10-08,0,1
2014-10-09,36.560001373291016,36.66999816894531,35.88999938964844,35.91999816894531,568800,2014-10-09,0,1
2014-10-10,35.90999984741211,36.060001373291016,34.81999969482422,34.84000015258789,712900,2014-10-10,0,1
2014-10-13,34.79999923706055,35.15999984741211,34.38999938964844,34.540000915527344,645400,2014-10-13,0,1
2014-10-14,34.84000015258789,35.0099983215332,34.2400016784668,34.310001373291016,956900,2014-10-14,0,1
2014-10-15,33.75,34.970001220703125,33.61000061035156,34.68000030517578,1100800,2014-10-15,0,1
2014-10-16,34.09000015258789,34.7599983215332,34.060001373291016,34.31999969482422,1008500,2014-10-16,0,1
2014-10-17,34.790000915527344,35.279998779296875,34.439998626708984,35.029998779296875,540000,2014-10-17,0,1
2014-10-20,34.88999938964844,35.619998931884766,34.560001373291016,35.310001373291016,503100,2014-10-20,0,1
2014-10-21,35.560001373291016,36.31999969482422,35.36000061035156,36.11000061035156,659500,2014-10-21,0,1
2014-10-22,36.279998779296875,36.400001525878906,35.77000045776367,35.81999969482422,506400,2014-10-22,0,1
2014-10-23,36.13999938964844,36.529998779296875,36.130001068115234,36.25,594600,2014-10-23,0,1
2014-10-24,36.2400016784668,36.52000045776367,36.15999984741211,36.4900016784668,589000,2014-10-24,0,1
2014-10-27,36.33000183105469,36.83000183105469,36.18000030517578,36.599998474121094,506400,2014-10-27,0,1
2014-10-28,36.689998626708984,37.650001525878906,36.689998626708984,37.619998931884766,395300,2014-10-28,0,1
2014-10-29,37.689998626708984,37.869998931884766,37.22999954223633,37.709999084472656,490000,2014-10-29,0,1
2014-10-30,37.61000061035156,37.97999954223633,37.43000030517578,37.880001068115234,475800,2014-10-30,0,1
2014-10-31,38.5,38.630001068115234,37.9900016784668,38.150001525878906,561100,2014-10-31,0,1
2014-11-03,38.2400016784668,38.36000061035156,38.040000915527344,38.150001525878906,651900,2014-11-03,0,1
2014-11-04,38.20000076293945,38.4900016784668,38.0099983215332,38.02000045776367,613900,2014-11-04,0,1
2014-11-05,38.40999984741211,38.47999954223633,37.619998931884766,38.16999816894531,780800,2014-11-05,0,1
2014-11-06,38.4900016784668,38.5,36.209999084472656,36.84000015258789,2635300,2014-11-06,0,1
2014-11-07,36.790000915527344,37.220001220703125,36.36000061035156,37.06999969482422,1152400,2014-11-07,0,1
2014-11-10,37.20000076293945,37.290000915527344,36.95000076293945,37.06999969482422,522000,2014-11-10,0,1
2014-11-11,37.04999923706055,37.349998474121094,36.95000076293945,37.13999938964844,413600,2014-11-11,0,1
2014-11-12,36.959999084472656,37.459999084472656,36.900001525878906,37.2599983215332,374100,2014-11-12,0,1
2014-11-13,37.220001220703125,37.689998626708984,37.20000076293945,37.66999816894531,930100,2014-11-13,0,1
2014-11-14,37.70000076293945,38.16999816894531,37.4900016784668,37.900001525878906,535900,2014-11-14,0,1
2014-11-17,36.7599983215332,37.65999984741211,36.7599983215332,37.56999969482422,1068600,2014-11-17,0,1
2014-11-18,37.68000030517578,38.38999938964844,37.45000076293945,38.2400016784668,869700,2014-11-18,0,1
2014-11-19,38.25,38.29999923706055,37.54999923706055,37.83000183105469,441800,2014-11-19,0,1
2014-11-20,37.54999923706055,37.810001373291016,37.34000015258789,37.7400016784668,816800,2014-11-20,0,1
2014-11-21,38.22999954223633,38.43000030517578,38.06999969482422,38.349998474121094,487100,2014-11-21,0,1
2014-11-24,38.349998474121094,38.599998474121094,38.189998626708984,38.459999084472656,772100,2014-11-24,0,1
2014-11-25,38.470001220703125,38.849998474121094,38.470001220703125,38.75,580000,2014-11-25,0,1
2014-11-26,38.56999969482422,39.0,38.380001068115234,38.869998931884766,433200,2014-11-26,0,1
2014-11-28,38.970001220703125,39.380001068115234,38.79999923706055,39.06999969482422,335600,2014-11-28,0,1
2014-12-01,38.75,38.93000030517578,38.349998474121094,38.43000030517578,826000,2014-12-01,0,1
2014-12-02,38.45000076293945,38.95000076293945,38.38999938964844,38.61000061035156,865900,2014-12-02,0,1
2014-12-03,38.720001220703125,38.970001220703125,38.31999969482422,38.720001220703125,735700,2014-12-03,0,1
2014-12-04,38.619998931884766,39.099998474121094,38.4900016784668,38.970001220703125,807000,2014-12-04,0,1
2014-12-05,39.06999969482422,39.16999816894531,38.83000183105469,38.91999816894531,394500,2014-12-05,0,1
2014-12-08,38.66999816894531,39.11000061035156,37.880001068115234,38.0,554100,2014-12-08,0,1
2014-12-09,37.529998779296875,38.150001525878906,37.2599983215332,37.93000030517578,731800,2014-12-09,0,1
2014-12-10,37.939998626708984,37.939998626708984,36.849998474121094,36.900001525878906,878500,2014-12-10,0,1
2014-12-11,37.189998626708984,37.5,36.52000045776367,36.599998474121094,854900,2014-12-11,0,1
2014-12-12,36.349998474121094,36.470001220703125,36.02000045776367,36.18000030517578,1045800,2014-12-12,0,1
2014-12-15,36.470001220703125,36.470001220703125,35.58000183105469,35.79999923706055,910300,2014-12-15,0,1
2014-12-16,35.56999969482422,35.959999084472656,35.150001525878906,35.349998474121094,789800,2014-12-16,0,1
2014-12-17,35.540000915527344,35.66999816894531,35.08000183105469,35.2400016784668,1385400,2014-12-17,0,1
2014-12-18,35.720001220703125,36.47999954223633,35.56999969482422,36.470001220703125,1463400,2014-12-18,0,1
2014-12-19,36.560001373291016,36.70000076293945,36.220001220703125,36.38999938964844,1730400,2014-12-19,0,1
2014-12-22,36.4900016784668,36.81999969482422,36.400001525878906,36.560001373291016,653300,2014-12-22,0,1
2014-12-23,36.86000061035156,37.36000061035156,36.439998626708984,37.18000030517578,917900,2014-12-23,0,1
2014-12-24,37.36000061035156,37.790000915527344,37.099998474121094,37.439998626708984,374700,2014-12-24,0,1
2014-12-26,37.59000015258789,37.97999954223633,37.56999969482422,37.7400016784668,357100,2014-12-26,0,1
2014-12-29,37.47999954223633,37.83000183105469,37.310001373291016,37.31999969482422,575000,2014-12-29,0,1
2014-12-30,37.09000015258789,37.16999816894531,36.7400016784668,36.810001373291016,391100,2014-12-30,0,1
2014-12-31,36.9900016784668,37.279998779296875,36.630001068115234,36.650001525878906,518700,2014-12-31,0,1
2015-01-02,36.869998931884766,36.97999954223633,36.0099983215332,36.349998474121094,557900,2015-01-02,0,1
2015-01-05,36.08000183105469,36.38999938964844,35.2599983215332,35.36000061035156,859800,2015-01-05,0,1
2015-01-06,35.540000915527344,35.88999938964844,34.849998474121094,35.08000183105469,1253300,2015-01-06,0,1
2015-01-07,35.380001068115234,35.380001068115234,34.9900016784668,35.220001220703125,698200,2015-01-07,0,1
2015-01-08,35.439998626708984,36.099998474121094,35.43000030517578,35.75,806000,2015-01-08,0,1
2015-01-09,35.88999938964844,36.0099983215332,35.310001373291016,35.619998931884766,529600,2015-01-09,0,1
2015-01-12,35.5,35.56999969482422,34.63999938964844,34.709999084472656,594300,2015-01-12,0,1
2015-01-13,34.93000030517578,35.25,33.93000030517578,34.2599983215332,654800,2015-01-13,0,1
2015-01-14,33.810001373291016,34.52000045776367,33.43000030517578,33.790000915527344,732100,2015-01-14,0,1
2015-01-15,34.0,34.209999084472656,33.27000045776367,33.540000915527344,691400,2015-01-15,0,1
2015-01-16,33.4900016784668,34.130001068115234,33.459999084472656,34.06999969482422,692600,2015-01-16,0,1
2015-01-20,34.22999954223633,34.349998474121094,33.720001220703125,34.18000030517578,448800,2015-01-20,0,1
2015-01-21,34.130001068115234,34.45000076293945,33.869998931884766,34.16999816894531,459900,2015-01-21,0,1
2015-01-22,34.27000045776367,34.97999954223633,33.900001525878906,34.959999084472656,796900,2015-01-22,0,1
2015-01-23,34.970001220703125,35.38999938964844,34.83000183105469,34.869998931884766,572400,2015-01-23,0,1
2015-01-26,34.93000030517578,35.130001068115234,34.52000045776367,34.91999816894531,681300,2015-01-26,0,1
2015-01-27,34.5,34.529998779296875,33.849998474121094,34.290000915527344,840000,2015-01-27,0,1
2015-01-28,34.810001373291016,35.09000015258789,32.86000061035156,32.900001525878906,1518600,2015-01-28,0,1
2015-01-29,31.579999923706055,34.15999984741211,31.149999618530273,33.9900016784668,1844200,2015-01-29,0,1
2015-01-30,33.75,34.040000915527344,32.86000061035156,33.40999984741211,1395500,2015-01-30,0,1
2015-02-02,33.470001220703125,33.86000061035156,32.79999923706055,33.459999084472656,907700,2015-02-02,0,1
2015-02-03,33.61000061035156,34.650001525878906,33.400001525878906,34.599998474121094,798600,2015-02-03,0,1
2015-02-04,34.560001373291016,34.900001525878906,34.189998626708984,34.25,732500,2015-02-04,0,1
2015-02-05,34.45000076293945,34.59000015258789,33.95000076293945,34.220001220703125,623700,2015-02-05,0,1
2015-02-06,34.25,34.400001525878906,33.77000045776367,33.95000076293945,633300,2015-02-06,0,1
2015-02-09,33.77000045776367,33.97999954223633,33.529998779296875,33.66999816894531,533800,2015-02-09,0,1
2015-02-10,34.0099983215332,34.439998626708984,33.54999923706055,34.060001373291016,1043600,2015-02-10,0,1
2015-02-11,34.08000183105469,34.25,33.59000015258789,33.72999954223633,554300,2015-02-11,0,1
2015-02-12,33.93000030517578,33.93000030517578,33.47999954223633,33.650001525878906,1307100,2015-02-12,0,1
2015-02-13,33.65999984741211,34.040000915527344,33.5099983215332,34.02000045776367,1212600,2015-02-13,0,1
2015-02-17,34.16999816894531,34.630001068115234,34.060001373291016,34.61000061035156,883000,2015-02-17,0,1
2015-02-18,34.619998931884766,35.119998931884766,34.56999969482422,34.77000045776367,570700,2015-02-18,0,1
2015-02-19,34.40999984741211,34.810001373291016,34.310001373291016,34.790000915527344,869900,2015-02-19,0,1
2015-02-20,34.81999969482422,34.97999954223633,34.5,34.93000030517578,613600,2015-02-20,0,1
2015-02-23,34.939998626708984,34.95000076293945,34.16999816894531,34.31999969482422,550900,2015-02-23,0,1
2015-02-24,34.029998779296875,34.630001068115234,33.849998474121094,34.45000076293945,1245100,2015-02-24,0,1
2015-02-25,34.529998779296875,34.529998779296875,34.040000915527344,34.16999816894531,756900,2015-02-25,0,1
2015-02-26,34.900001525878906,35.29999923706055,34.599998474121094,34.650001525878906,1572300,2015-02-26,0,1
2015-02-27,34.650001525878906,35.09000015258789,34.5,34.65999984741211,995600,2015-02-27,0,1
2015-03-02,34.75,35.08000183105469,34.2599983215332,34.5,933400,2015-03-02,0,1
2015-03-03,34.40999984741211,34.40999984741211,33.7400016784668,33.84000015258789,833000,2015-03-03,0,1
2015-03-04,33.68000030517578,33.810001373291016,33.38999938964844,33.630001068115234,621900,2015-03-04,0,1
2015-03-05,33.7400016784668,34.08000183105469,33.31999969482422,34.0,750200,2015-03-05,0,1
2015-03-06,33.880001068115234,33.9900016784668,33.349998474121094,33.52000045776367,449400,2015-03-06,0,1
2015-03-09,33.650001525878906,33.91999816894531,33.5,33.66999816894531,669300,2015-03-09,0,1
2015-03-10,33.47999954223633,33.47999954223633,32.869998931884766,32.880001068115234,714200,2015-03-10,0,1
2015-03-11,33.0099983215332,33.06999969482422,32.529998779296875,32.84000015258789,557700,2015-03-11,0,1
2015-03-12,32.95000076293945,33.08000183105469,32.72999954223633,32.869998931884766,535900,2015-03-12,0,1
2015-03-13,32.66999816894531,33.040000915527344,32.18000030517578,33.0099983215332,1271100,2015-03-13,0,1
2015-03-16,33.220001220703125,34.13999938964844,33.029998779296875,34.040000915527344,1124700,2015-03-16,0,1
2015-03-17,33.939998626708984,34.459999084472656,33.720001220703125,34.380001068115234,1101200,2015-03-17,0,1
2015-03-18,34.349998474121094,36.4900016784668,34.15999984741211,36.15999984741211,2456400,2015-03-18,0,1
2015-03-19,36.0099983215332,36.54999923706055,35.720001220703125,36.099998474121094,1643400,2015-03-19,0,1
2015-03-20,36.290000915527344,37.060001373291016,36.04999923706055,37.0099983215332,1482100,2015-03-20,0,1
2015-03-23,37.0099983215332,37.040000915527344,35.65999984741211,35.880001068115234,1381100,2015-03-23,0,1
2015-03-24,35.900001525878906,36.13999938964844,35.65999984741211,35.790000915527344,1348900,2015-03-24,0,1
2015-03-25,35.79999923706055,36.0,35.27000045776367,35.349998474121094,1528900,2015-03-25,0,1
2015-03-26,35.18000030517578,36.04999923706055,35.0,35.7599983215332,987500,2015-03-26,0,1
2015-03-27,35.689998626708984,36.130001068115234,35.630001068115234,36.04999923706055,1593000,2015-03-27,0,1
2015-03-30,36.349998474121094,36.7400016784668,36.04999923706055,36.09000015258789,802500,2015-03-30,0,1
2015-03-31,35.95000076293945,36.36000061035156,35.790000915527344,36.16999816894531,852500,2015-03-31,0,1
2015-04-01,36.130001068115234,36.20000076293945,35.720001220703125,36.150001525878906,702200,2015-04-01,0,1
2015-04-02,36.16999816894531,36.560001373291016,36.0,36.5099983215332,1076900,2015-04-02,0,1
2015-04-06,36.380001068115234,37.2400016784668,36.09000015258789,37.16999816894531,845000,2015-04-06,0,1
2015-04-07,37.45000076293945,37.47999954223633,36.88999938964844,37.04999923706055,879000,2015-04-07,0,1
2015-04-08,37.439998626708984,37.779998779296875,37.119998931884766,37.56999969482422,1697500,2015-04-08,0,1
2015-04-09,37.88999938964844,38.0,37.43000030517578,37.939998626708984,513800,2015-04-09,0,1
2015-04-10,37.869998931884766,38.150001525878906,37.709999084472656,37.939998626708984,542500,2015-04-10,0,1
2015-04-13,38.040000915527344,38.11000061035156,37.08000183105469,37.13999938964844,977800,2015-04-13,0,1
2015-04-14,37.13999938964844,37.34000015258789,36.689998626708984,37.04999923706055,921500,2015-04-14,0,1
2015-04-15,38.70000076293945,38.849998474121094,36.970001220703125,37.15999984741211,500500,2015-04-15,0,1
2015-04-16,37.029998779296875,37.41999816894531,36.91999816894531,37.22999954223633,397400,2015-04-16,0,1
2015-04-17,36.91999816894531,36.91999816894531,36.349998474121094,36.84000015258789,944400,2015-04-17,0,1
2015-04-20,37.0099983215332,37.439998626708984,36.75,36.7599983215332,458100,2015-04-20,0,1
2015-04-21,37.0,37.04999923706055,36.7400016784668,36.869998931884766,366200,2015-04-21,0,1
2015-04-22,37.04999923706055,37.220001220703125,36.63999938964844,37.189998626708984,305600,2015-04-22,0,1
2015-04-23,37.040000915527344,37.66999816894531,36.90999984741211,37.36000061035156,410900,2015-04-23,0,1
2015-04-24,37.52000045776367,37.599998474121094,37.040000915527344,37.18000030517578,302600,2015-04-24,0,1
2015-04-27,37.220001220703125,37.47999954223633,36.54999923706055,36.72999954223633,800600,2015-04-27,0,1
2015-04-28,36.650001525878906,36.9900016784668,36.43000030517578,36.7400016784668,758300,2015-04-28,0,1
2015-04-29,36.66999816894531,36.9900016784668,36.540000915527344,36.68000030517578,863900,2015-04-29,0,1
2015-04-30,37.529998779296875,38.400001525878906,36.400001525878906,38.34000015258789,1886200,2015-04-30,0,1
2015-05-01,38.380001068115234,38.83000183105469,37.900001525878906,38.72999954223633,1050300,2015-05-01,0,1
2015-05-04,38.88999938964844,38.88999938964844,38.4900016784668,38.599998474121094,785400,2015-05-04,0,1
2015-05-05,38.400001525878906,38.720001220703125,38.02000045776367,38.209999084472656,765200,2015-05-05,0,1
2015-05-06,38.20000076293945,38.43000030517578,37.869998931884766,38.06999969482422,944600,2015-05-06,0,1
2015-05-07,38.08000183105469,38.369998931884766,37.84000015258789,38.08000183105469,652600,2015-05-07,0,1
2015-05-08,38.380001068115234,38.75,38.209999084472656,38.689998626708984,409600,2015-05-08,0,1
2015-05-11,38.709999084472656,39.06999969482422,38.470001220703125,38.7400016784668,722700,2015-05-11,0,1
2015-05-12,38.58000183105469,38.91999816894531,38.33000183105469,38.7400016784668,466900,2015-05-12,0,1
2015-05-13,38.939998626708984,39.279998779296875,38.84000015258789,38.9900016784668,685700,2015-05-13,0,1
2015-05-14,39.15999984741211,39.810001373291016,39.15999984741211,39.70000076293945,544000,2015-05-14,0,1
2015-05-15,39.63999938964844,39.63999938964844,39.22999954223633,39.400001525878906,505000,2015-05-15,0,1
2015-05-18,38.900001525878906,39.81999969482422,38.900001525878906,39.790000915527344,941700,2015-05-18,0,1
2015-05-19,39.7400016784668,39.790000915527344,39.349998474121094,39.45000076293945,500700,2015-05-19,0,1
2015-05-20,39.43000030517578,40.59000015258789,39.22999954223633,40.560001373291016,1265100,2015-05-20,0,1
2015-05-21,40.459999084472656,41.52000045776367,40.0,41.459999084472656,1648700,2015-05-21,0,1
2015-05-22,41.400001525878906,41.599998474121094,40.93000030517578,41.04999923706055,858400,2015-05-22,0,1
2015-05-26,40.86000061035156,41.04999923706055,40.68000030517578,40.90999984741211,1355300,2015-05-26,0,1
2015-05-27,40.95000076293945,41.70000076293945,40.95000076293945,41.65999984741211,927800,2015-05-27,0,1
2015-05-28,41.59000015258789,41.959999084472656,41.41999816894531,41.790000915527344,1037400,2015-05-28,0,1
2015-05-29,41.66999816894531,41.81999969482422,41.04999923706055,41.27000045776367,1068300,2015-05-29,0,1
2015-06-01,41.310001373291016,41.70000076293945,41.130001068115234,41.529998779296875,920000,2015-06-01,0,1
2015-06-02,41.310001373291016,41.959999084472656,41.290000915527344,41.77000045776367,825400,2015-06-02,0,1
2015-06-03,41.959999084472656,42.189998626708984,41.4900016784668,41.70000076293945,1492200,2015-06-03,0,1
2015-06-04,41.54999923706055,42.0,41.33000183105469,41.40999984741211,650900,2015-06-04,0,1
2015-06-05,41.38999938964844,41.79999923706055,41.13999938964844,41.7599983215332,546300,2015-06-05,0,1
2015-06-08,41.650001525878906,42.0,41.34000015258789,41.36000061035156,478900,2015-06-08,0,1
2015-06-09,41.27000045776367,41.61000061035156,41.130001068115234,41.45000076293945,414300,2015-06-09,0,1
2015-06-10,41.61000061035156,42.15999984741211,41.400001525878906,41.97999954223633,597100,2015-06-10,0,1
2015-06-11,42.0099983215332,42.119998931884766,41.70000076293945,41.81999969482422,623600,2015-06-11,0,1
2015-06-12,41.61000061035156,41.849998474121094,41.369998931884766,41.459999084472656,797500,2015-06-12,0,1
2015-06-15,41.189998626708984,41.4900016784668,40.68000030517578,41.22999954223633,673100,2015-06-15,0,1
2015-06-16,41.119998931884766,41.54999923706055,41.119998931884766,41.4900016784668,703200,2015-06-16,0,1
2015-06-17,41.540000915527344,41.650001525878906,41.15999984741211,41.540000915527344,498500,2015-06-17,0,1
2015-06-18,41.599998474121094,42.150001525878906,41.34000015258789,42.099998474121094,451400,2015-06-18,0,1
2015-06-19,42.25,42.650001525878906,42.0,42.25,1387200,2015-06-19,0,1
2015-06-22,42.56999969482422,42.65999984741211,42.25,42.529998779296875,494800,2015-06-22,0,1
2015-06-23,42.529998779296875,42.75,42.290000915527344,42.29999923706055,427900,2015-06-23,0,1
2015-06-24,42.279998779296875,42.279998779296875,41.86000061035156,41.880001068115234,556900,2015-06-24,0,1
2015-06-25,41.900001525878906,41.97999954223633,41.66999816894531,41.900001525878906,551100,2015-06-25,0,1
2015-06-26,41.83000183105469,41.97999954223633,41.58000183105469,41.66999816894531,737600,2015-06-26,0,1
2015-06-29,41.27000045776367,41.880001068115234,40.970001220703125,41.0099983215332,1037300,2015-06-29,0,1
2015-06-30,41.290000915527344,41.400001525878906,40.849998474121094,41.02000045776367,1367900,2015-06-30,0,1
2015-07-01,41.27000045776367,41.79999923706055,41.13999938964844,41.25,580500,2015-07-01,0,1
2015-07-02,41.36000061035156,41.36000061035156,40.88999938964844,41.18000030517578,339800,2015-07-02,0,1
2015-07-06,40.72999954223633,41.47999954223633,40.47999954223633,41.040000915527344,681700,2015-07-06,0,1
2015-07-07,40.97999954223633,41.34000015258789,40.4900016784668,41.31999969482422,624600,2015-07-07,0,1
2015-07-08,40.939998626708984,41.220001220703125,40.439998626708984,40.65999984741211,786100,2015-07-08,0,1
2015-07-09,41.08000183105469,41.439998626708984,40.61000061035156,40.779998779296875,360900,2015-07-09,0,1
2015-07-10,39.599998474121094,39.9900016784668,38.41999816894531,38.779998779296875,4239800,2015-07-10,0,1
2015-07-13,39.0,39.150001525878906,38.31999969482422,38.63999938964844,2731300,2015-07-13,0,1
2015-07-14,38.70000076293945,38.86000061035156,38.380001068115234,38.650001525878906,1787400,2015-07-14,0,1
2015-07-15,38.77000045776367,39.529998779296875,38.65999984741211,39.36000061035156,913500,2015-07-15,0,1
2015-07-16,38.400001525878906,39.59000015258789,38.33000183105469,39.400001525878906,425500,2015-07-16,0,1
2015-07-17,39.36000061035156,39.630001068115234,38.939998626708984,39.060001373291016,457800,2015-07-17,0,1
2015-07-20,39.040000915527344,39.25,38.90999984741211,39.04999923706055,398800,2015-07-20,0,1
2015-07-21,39.0,39.209999084472656,38.619998931884766,38.77000045776367,392800,2015-07-21,0,1
2015-07-22,38.54999923706055,39.209999084472656,38.41999816894531,39.119998931884766,406800,2015-07-22,0,1
2015-07-23,39.13999938964844,39.47999954223633,38.56999969482422,38.630001068115234,678100,2015-07-23,0,1
2015-07-24,38.52000045776367,38.66999816894531,38.220001220703125,38.380001068115234,509400,2015-07-24,0,1
2015-07-27,38.380001068115234,38.40999984741211,38.08000183105469,38.27000045776367,689700,2015-07-27,0,1
2015-07-28,38.349998474121094,38.77000045776367,38.08000183105469,38.720001220703125,736800,2015-07-28,0,1
2015-07-29,38.5,38.54999923706055,37.75,37.79999923706055,1795100,2015-07-29,0,1
2015-07-30,37.34000015258789,37.5099983215332,36.0,36.22999954223633,3753700,2015-07-30,0,1
2015-07-31,36.13999938964844,36.52000045776367,36.099998474121094,36.349998474121094,951800,2015-07-31,0,1
2015-08-03,36.279998779296875,36.79999923706055,36.0,36.58000183105469,1175700,2015-08-03,0,1
2015-08-04,36.2400016784668,36.66999816894531,36.189998626708984,36.5,631400,2015-08-04,0,1
2015-08-05,36.59000015258789,37.13999938964844,36.189998626708984,36.5,1281000,2015-08-05,0,1
2015-08-06,36.47999954223633,36.720001220703125,36.0,36.06999969482422,606400,2015-08-06,0,1
2015-08-07,36.06999969482422,36.099998474121094,35.689998626708984,35.90999984741211,709500,2015-08-07,0,1
2015-08-10,35.970001220703125,36.72999954223633,35.88999938964844,36.54999923706055,1187300,2015-08-10,0,1
2015-08-11,36.2400016784668,36.54999923706055,36.09000015258789,36.34000015258789,1288700,2015-08-11,0,1
2015-08-12,36.0,36.220001220703125,35.290000915527344,35.70000076293945,709300,2015-08-12,0,1
2015-08-13,35.59000015258789,35.95000076293945,35.4900016784668,35.529998779296875,531800,2015-08-13,0,1
2015-08-14,35.40999984741211,36.029998779296875,35.36000061035156,35.93000030517578,464300,2015-08-14,0,1
2015-08-17,35.810001373291016,36.38999938964844,35.56999969482422,36.36000061035156,725000,2015-08-17,0,1
2015-08-18,36.689998626708984,36.72999954223633,36.16999816894531,36.400001525878906,698600,2015-08-18,0,1
2015-08-19,36.209999084472656,36.470001220703125,35.959999084472656,36.119998931884766,527600,2015-08-19,0,1
2015-08-20,35.7599983215332,35.7599983215332,35.119998931884766,35.290000915527344,656900,2015-08-20,0,1
2015-08-21,35.06999969482422,35.349998474121094,34.400001525878906,34.439998626708984,1154200,2015-08-21,0,1
2015-08-24,32.869998931884766,33.88999938964844,32.59000015258789,33.88999938964844,1900300,2015-08-24,0,1
2015-08-25,34.599998474121094,34.599998474121094,33.40999984741211,33.459999084472656,846900,2015-08-25,0,1
2015-08-26,34.11000061035156,34.290000915527344,33.029998779296875,33.880001068115234,733400,2015-08-26,0,1
2015-08-27,34.16999816894531,34.310001373291016,33.630001068115234,34.310001373291016,1123500,2015-08-27,0,1
2015-08-28,34.18000030517578,34.54999923706055,33.7599983215332,34.150001525878906,1067200,2015-08-28,0,1
2015-08-31,34.08000183105469,34.150001525878906,32.9900016784668,33.119998931884766,1684400,2015-08-31,0,1
2015-09-01,32.59000015258789,33.380001068115234,32.220001220703125,32.290000915527344,1298900,2015-09-01,0,1
2015-09-02,32.41999816894531,32.58000183105469,31.729999542236328,32.279998779296875,1449600,2015-09-02,0,1
2015-09-03,32.220001220703125,32.7400016784668,32.11000061035156,32.68000030517578,1360400,2015-09-03,0,1
2015-09-04,32.29999923706055,32.5,31.790000915527344,31.989999771118164,731200,2015-09-04,0,1
2015-09-08,32.310001373291016,33.0099983215332,32.060001373291016,32.97999954223633,731000,2015-09-08,0,1
2015-09-09,32.9900016784668,33.02000045776367,31.780000686645508,31.90999984741211,966400,2015-09-09,0,1
2015-09-10,31.75,32.58000183105469,31.75,32.33000183105469,973300,2015-09-10,0,1
2015-09-11,32.27000045776367,32.560001373291016,31.950000762939453,32.54999923706055,441600,2015-09-11,0,1
2015-09-14,32.54999923706055,32.970001220703125,32.40999984741211,32.77000045776367,682600,2015-09-14,0,1
2015-09-15,32.880001068115234,33.150001525878906,32.75,33.0,464100,2015-09-15,0,1
2015-09-16,33.0,33.459999084472656,32.900001525878906,33.40999984741211,469900,2015-09-16,0,1
2015-09-17,33.36000061035156,33.720001220703125,33.209999084472656,33.5099983215332,742300,2015-09-17,0,1
2015-09-18,32.9900016784668,33.560001373291016,32.880001068115234,33.41999816894531,1401600,2015-09-18,0,1
2015-09-21,33.65999984741211,34.20000076293945,33.45000076293945,33.9900016784668,1033900,2015-09-21,0,1
2015-09-22,33.619998931884766,34.27000045776367,33.4900016784668,33.630001068115234,901000,2015-09-22,0,1
2015-09-23,33.63999938964844,33.75,33.06999969482422,33.16999816894531,719100,2015-09-23,0,1
2015-09-24,33.04999923706055,33.04999923706055,32.31999969482422,32.599998474121094,1126100,2015-09-24,0,1
2015-09-25,32.900001525878906,33.15999984741211,32.380001068115234,32.5099983215332,791800,2015-09-25,0,1
2015-09-28,32.470001220703125,33.220001220703125,31.549999237060547,31.709999084472656,1018500,2015-09-28,0,1
2015-09-29,31.649999618530273,31.829999923706055,30.969999313354492,30.969999313354492,1118300,2015-09-29,0,1
2015-09-30,31.200000762939453,31.8700008392334,31.149999618530273,31.739999771118164,1167900,2015-09-30,0,1
2015-10-01,31.760000228881836,32.0,31.040000915527344,31.399999618530273,1338500,2015-10-01,0,1
2015-10-02,31.0,32.040000915527344,30.530000686645508,32.0099983215332,2149800,2015-10-02,0,1
2015-10-05,32.220001220703125,33.33000183105469,32.220001220703125,33.209999084472656,962900,2015-10-05,0,1
2015-10-06,33.22999954223633,34.09000015258789,33.06999969482422,34.029998779296875,1416200,2015-10-06,0,1
2015-10-07,34.290000915527344,34.59000015258789,33.459999084472656,33.84000015258789,1223900,2015-10-07,0,1
2015-10-08,34.310001373291016,34.56999969482422,33.4900016784668,33.91999816894531,845900,2015-10-08,0,1
2015-10-09,33.93000030517578,34.709999084472656,33.93000030517578,34.66999816894531,566300,2015-10-09,0,1
2015-10-12,34.63999938964844,34.90999984741211,34.47999954223633,34.900001525878906,356000,2015-10-12,0,1
2015-10-13,34.709999084472656,35.15999984741211,34.58000183105469,34.68000030517578,568500,2015-10-13,0,1
2015-10-14,34.7400016784668,35.06999969482422,34.470001220703125,34.5099983215332,227600,2015-10-14,0,1
2015-10-15,34.650001525878906,35.2400016784668,32.7400016784668,34.619998931884766,769700,2015-10-15,0,1
2015-10-16,34.560001373291016,35.220001220703125,34.33000183105469,35.130001068115234,1053800,2015-10-16,0,1
2015-10-19,35.060001373291016,35.40999984741211,34.849998474121094,35.08000183105469,436600,2015-10-19,0,1
2015-10-20,35.04999923706055,35.290000915527344,34.75,34.83000183105469,395900,2015-10-20,0,1
2015-10-21,34.83000183105469,34.83000183105469,33.529998779296875,33.58000183105469,1266100,2015-10-21,0,1
2015-10-22,33.70000076293945,34.380001068115234,33.59000015258789,34.18000030517578,912100,2015-10-22,0,1
2015-10-23,34.560001373291016,34.560001373291016,33.9900016784668,34.33000183105469,704500,2015-10-23,0,1
2015-10-26,34.27000045776367,34.63999938964844,34.209999084472656,34.459999084472656,582100,2015-10-26,0,1
2015-10-27,34.459999084472656,34.650001525878906,33.97999954223633,34.029998779296875,1073000,2015-10-27,0,1
2015-10-28,34.060001373291016,34.88999938964844,34.04999923706055,34.79999923706055,1821900,2015-10-28,0,1
2015-10-29,34.290000915527344,35.349998474121094,33.08000183105469,34.060001373291016,2829200,2015-10-29,0,1
2015-10-30,34.20000076293945,35.709999084472656,33.88999938964844,35.439998626708984,1721200,2015-10-30,0,1
2015-11-02,35.36000061035156,36.310001373291016,35.36000061035156,36.15999984741211,1051900,2015-11-02,0,1
2015-11-03,36.2400016784668,37.09000015258789,36.08000183105469,36.90999984741211,1020200,2015-11-03,0,1
2015-11-04,37.04999923706055,37.04999923706055,36.349998474121094,36.54999923706055,704800,2015-11-04,0,1
2015-11-05,36.630001068115234,37.06999969482422,36.2400016784668,36.29999923706055,741500,2015-11-05,0,1
2015-11-06,36.209999084472656,36.540000915527344,36.040000915527344,36.400001525878906,498800,2015-11-06,0,1
2015-11-09,36.2400016784668,36.279998779296875,35.630001068115234,36.04999923706055,669300,2015-11-09,0,1
2015-11-10,36.25,36.68000030517578,35.959999084472656,36.40999984741211,825100,2015-11-10,0,1
2015-11-11,36.650001525878906,36.97999954223633,36.47999954223633,36.619998931884766,1649700,2015-11-11,0,1
2015-11-12,36.43000030517578,36.59000015258789,35.79999923706055,35.81999969482422,1263600,2015-11-12,0,1
2015-11-13,35.72999954223633,35.869998931884766,34.93000030517578,35.15999984741211,726900,2015-11-13,0,1
2015-11-16,34.52000045776367,35.459999084472656,34.52000045776367,35.40999984741211,774500,2015-11-16,0,1
2015-11-17,35.54999923706055,36.189998626708984,35.36000061035156,36.06999969482422,1664600,2015-11-17,0,1
2015-11-18,36.0,36.119998931884766,35.70000076293945,36.029998779296875,740700,2015-11-18,0,1
2015-11-19,35.88999938964844,36.54999923706055,35.810001373291016,36.400001525878906,696700,2015-11-19,0,1
2015-11-20,36.31999969482422,36.869998931884766,36.220001220703125,36.630001068115234,806800,2015-11-20,0,1
2015-11-23,36.70000076293945,36.70000076293945,36.29999923706055,36.41999816894531,678000,2015-11-23,0,1
2015-11-24,36.0,36.790000915527344,35.91999816894531,36.540000915527344,707100,2015-11-24,0,1
2015-11-25,36.459999084472656,36.81999969482422,36.22999954223633,36.540000915527344,407800,2015-11-25,0,1
2015-11-27,36.47999954223633,36.63999938964844,36.349998474121094,36.459999084472656,256800,2015-11-27,0,1
2015-11-30,36.47999954223633,36.68000030517578,36.029998779296875,36.040000915527344,1036400,2015-11-30,0,1
2015-12-01,36.119998931884766,36.5099983215332,35.9900016784668,36.130001068115234,727300,2015-12-01,0,1
2015-12-02,36.119998931884766,36.31999969482422,35.75,35.86000061035156,625200,2015-12-02,0,1
2015-12-03,35.91999816894531,36.02000045776367,34.65999984741211,34.779998779296875,516400,2015-12-03,0,1
2015-12-04,34.75,35.45000076293945,34.630001068115234,35.31999969482422,741400,2015-12-04,0,1
2015-12-07,35.11000061035156,35.63999938964844,34.72999954223633,35.06999969482422,537300,2015-12-07,0,1
2015-12-08,34.77000045776367,35.380001068115234,34.4900016784668,35.220001220703125,430900,2015-12-08,0,1
2015-12-09,35.0099983215332,35.54999923706055,34.65999984741211,34.81999969482422,620900,2015-12-09,0,1
2015-12-10,34.790000915527344,35.22999954223633,34.59000015258789,34.68000030517578,421000,2015-12-10,0,1
2015-12-11,34.41999816894531,34.849998474121094,33.95000076293945,34.119998931884766,591500,2015-12-11,0,1
2015-12-14,34.060001373291016,34.459999084472656,33.939998626708984,34.15999984741211,450700,2015-12-14,0,1
2015-12-15,34.2599983215332,34.619998931884766,33.97999954223633,34.22999954223633,1252800,2015-12-15,0,1
2015-12-16,34.45000076293945,34.650001525878906,33.9900016784668,34.380001068115234,672600,2015-12-16,0,1
2015-12-17,34.38999938964844,34.54999923706055,33.72999954223633,33.939998626708984,727300,2015-12-17,0,1
2015-12-18,33.880001068115234,34.099998474121094,33.709999084472656,33.709999084472656,1170700,2015-12-18,0,1
2015-12-21,33.869998931884766,34.029998779296875,33.18000030517578,33.529998779296875,779400,2015-12-21,0,1
2015-12-22,33.61000061035156,34.369998931884766,33.0,34.2400016784668,496400,2015-12-22,0,1
2015-12-23,34.40999984741211,35.36000061035156,33.9900016784668,35.119998931884766,1230400,2015-12-23,0,1
2015-12-24,35.119998931884766,35.54999923706055,34.040000915527344,35.40999984741211,290700,2015-12-24,0,1
2015-12-28,35.31999969482422,35.45000076293945,34.540000915527344,35.209999084472656,352100,2015-12-28,0,1
2015-12-29,35.369998931884766,35.4900016784668,34.9900016784668,35.36000061035156,318800,2015-12-29,0,1
2015-12-30,35.2599983215332,35.439998626708984,35.02000045776367,35.040000915527344,358000,2015-12-30,0,1
2015-12-31,35.02000045776367,35.27000045776367,33.13999938964844,34.630001068115234,456300,2015-12-31,0,1
2016-01-04,34.20000076293945,34.20000076293945,33.13999938964844,33.72999954223633,552500,2016-01-04,0,1
2016-01-05,33.7400016784668,33.9900016784668,33.560001373291016,33.65999984741211,392500,2016-01-05,0,1
2016-01-06,33.25,33.84000015258789,32.77000045776367,33.06999969482422,754900,2016-01-06,0,1
2016-01-07,32.560001373291016,32.880001068115234,31.540000915527344,31.770000457763672,947700,2016-01-07,0,1
2016-01-08,31.940000534057617,32.18000030517578,31.299999237060547,31.360000610351562,932000,2016-01-08,0,1
2016-01-11,31.43000030517578,31.600000381469727,30.75,31.06999969482422,1045300,2016-01-11,0,1
2016-01-12,31.260000228881836,31.549999237060547,30.690000534057617,31.139999389648438,603100,2016-01-12,0,1
2016-01-13,31.020000457763672,31.760000228881836,29.90999984741211,30.059999465942383,1274200,2016-01-13,0,1
2016-01-14,30.420000076293945,31.43000030517578,29.959999084472656,31.34000015258789,1137000,2016-01-14,0,1
2016-01-15,30.399999618530273,30.799999237060547,30.100000381469727,30.68000030517578,841400,2016-01-15,0,1
2016-01-19,30.829999923706055,31.059999465942383,29.610000610351562,30.100000381469727,1155800,2016-01-19,0,1
2016-01-20,29.59000015258789,29.989999771118164,28.75,29.610000610351562,1531400,2016-01-20,0,1
2016-01-21,31.329999923706055,32.900001525878906,29.84000015258789,31.139999389648438,2509900,2016-01-21,0,1
2016-01-22,31.690000534057617,32.029998779296875,31.110000610351562,31.450000762939453,1130800,2016-01-22,0,1
2016-01-25,31.260000228881836,31.43000030517578,29.920000076293945,29.940000534057617,947600,2016-01-25,0,1
2016-01-26,30.030000686645508,30.309999465942383,29.700000762939453,30.260000228881836,912200,2016-01-26,0,1
2016-01-27,30.059999465942383,30.18000030517578,29.350000381469727,29.549999237060547,940500,2016-01-27,0,1
2016-01-28,29.829999923706055,30.0,28.799999237060547,28.940000534057617,818700,2016-01-28,0,1
2016-01-29,28.979999542236328,29.739999771118164,28.889999389648438,29.610000610351562,1010000,2016-01-29,0,1
2016-02-01,30.049999237060547,30.5,29.59000015258789,30.3799991607666,1102800,2016-02-01,0,1
2016-02-02,30.040000915527344,30.25,29.280000686645508,29.420000076293945,876900,2016-02-02,0,1
2016-02-03,29.540000915527344,29.81999969482422,28.790000915527344,29.56999969482422,663400,2016-02-03,0,1
2016-02-04,29.450000762939453,30.049999237060547,29.280000686645508,29.59000015258789,709000,2016-02-04,0,1
2016-02-05,29.239999771118164,29.510000228881836,27.81999969482422,28.110000610351562,1153700,2016-02-05,0,1
2016-02-08,27.5,28.309999465942383,27.059999465942383,27.709999084472656,1199100,2016-02-08,0,1
2016-02-09,27.360000610351562,28.3799991607666,27.309999465942383,27.780000686645508,782000,2016-02-09,0,1
2016-02-10,28.0,29.479999542236328,27.739999771118164,27.780000686645508,847600,2016-02-10,0,1
2016-02-11,27.489999771118164,28.329999923706055,27.440000534057617,28.040000915527344,918600,2016-02-11,0,1
2016-02-12,28.270000457763672,28.670000076293945,28.18000030517578,28.6299991607666,592900,2016-02-12,0,1
2016-02-16,28.940000534057617,29.1299991607666,28.579999923706055,28.65999984741211,684000,2016-02-16,0,1
2016-02-17,28.799999237060547,29.709999084472656,28.709999084472656,29.68000030517578,806500,2016-02-17,0,1
2016-02-18,29.809999465942383,29.979999542236328,29.34000015258789,29.459999084472656,642600,2016-02-18,0,1
2016-02-19,29.260000228881836,30.110000610351562,29.18000030517578,30.100000381469727,638200,2016-02-19,0,1
2016-02-22,30.309999465942383,30.579999923706055,30.079999923706055,30.56999969482422,474800,2016-02-22,0,1
2016-02-23,30.510000228881836,30.510000228881836,29.950000762939453,30.020000457763672,540800,2016-02-23,0,1
2016-02-24,29.719999313354492,30.510000228881836,29.520000457763672,30.440000534057617,746500,2016-02-24,0,1
2016-02-25,30.790000915527344,31.280000686645508,30.540000915527344,30.799999237060547,727000,2016-02-25,0,1
2016-02-26,30.889999389648438,31.360000610351562,30.760000228881836,31.229999542236328,536700,2016-02-26,0,1
2016-02-29,31.190000534057617,31.469999313354492,30.540000915527344,30.90999984741211,658400,2016-02-29,0,1
2016-03-01,31.170000076293945,32.0,31.0,31.989999771118164,456800,2016-03-01,0,1
2016-03-02,31.8700008392334,32.15999984741211,31.6200008392334,32.119998931884766,283200,2016-03-02,0,1
2016-03-03,32.0099983215332,32.220001220703125,31.59000015258789,32.220001220703125,383000,2016-03-03,0,1
2016-03-04,32.25,32.47999954223633,31.8700008392334,32.18000030517578,706300,2016-03-04,0,1
2016-03-07,32.02000045776367,32.13999938964844,30.149999618530273,31.8799991607666,751500,2016-03-07,0,1
2016-03-08,31.709999084472656,31.889999389648438,31.290000915527344,31.510000228881836,311800,2016-03-08,0,1
2016-03-09,31.6200008392334,31.770000457763672,31.06999969482422,31.549999237060547,373400,2016-03-09,0,1
2016-03-10,31.780000686645508,31.989999771118164,30.809999465942383,31.209999084472656,393200,2016-03-10,0,1
2016-03-11,31.420000076293945,31.670000076293945,31.34000015258789,31.510000228881836,301900,2016-03-11,0,1
2016-03-14,31.440000534057617,31.829999923706055,31.329999923706055,31.690000534057617,279600,2016-03-14,0,1
2016-03-15,31.559999465942383,31.8799991607666,31.459999084472656,31.56999969482422,470300,2016-03-15,0,1
2016-03-16,31.530000686645508,31.860000610351562,31.350000381469727,31.84000015258789,286000,2016-03-16,0,1
2016-03-17,31.850000381469727,32.41999816894531,31.579999923706055,32.31999969482422,354700,2016-03-17,0,1
2016-03-18,32.08000183105469,33.0,30.760000228881836,32.84000015258789,847100,2016-03-18,0,1
2016-03-21,32.630001068115234,32.689998626708984,32.0099983215332,32.279998779296875,376400,2016-03-21,0,1
2016-03-22,32.18000030517578,32.66999816894531,32.150001525878906,32.41999816894531,314600,2016-03-22,0,1
2016-03-23,32.40999984741211,32.529998779296875,31.579999923706055,31.59000015258789,398000,2016-03-23,0,1
2016-03-24,31.3700008392334,32.119998931884766,31.170000076293945,32.099998474121094,295700,2016-03-24,0,1
2016-03-28,32.2400016784668,32.689998626708984,31.729999542236328,32.029998779296875,428300,2016-03-28,0,1
2016-03-29,31.8799991607666,32.91999816894531,31.8700008392334,32.88999938964844,523300,2016-03-29,0,1
2016-03-30,33.099998474121094,33.2599983215332,32.400001525878906,32.93000030517578,344600,2016-03-30,0,1
2016-03-31,32.83000183105469,33.27000045776367,32.75,33.15999984741211,484500,2016-03-31,0,1
2016-04-01,32.849998474121094,33.099998474121094,32.58000183105469,33.0,512300,2016-04-01,0,1
2016-04-04,33.0,33.04999923706055,32.59000015258789,32.630001068115234,372300,2016-04-04,0,1
2016-04-05,32.41999816894531,32.5099983215332,32.0099983215332,32.099998474121094,195700,2016-04-05,0,1
2016-04-06,31.639999389648438,32.65999984741211,31.610000610351562,32.650001525878906,328200,2016-04-06,0,1
2016-04-07,32.45000076293945,32.61000061035156,32.0099983215332,32.20000076293945,336200,2016-04-07,0,1
2016-04-08,32.4900016784668,32.720001220703125,31.579999923706055,31.959999084472656,391800,2016-04-08,0,1
2016-04-11,31.959999084472656,32.7400016784668,31.959999084472656,32.380001068115234,616300,2016-04-11,0,1
2016-04-12,32.36000061035156,32.540000915527344,31.989999771118164,32.290000915527344,395400,2016-04-12,0,1
2016-04-13,32.43000030517578,33.0,32.43000030517578,32.959999084472656,420200,2016-04-13,0,1
2016-04-14,32.900001525878906,32.9900016784668,32.56999969482422,32.7400016784668,440200,2016-04-14,0,1
2016-04-15,32.70000076293945,33.290000915527344,32.650001525878906,33.290000915527344,1114300,2016-04-15,0,1
2016-04-18,33.130001068115234,33.4900016784668,33.02000045776367,33.380001068115234,269500,2016-04-18,0,1
2016-04-19,33.400001525878906,33.720001220703125,33.060001373291016,33.68000030517578,481100,2016-04-19,0,1
2016-04-20,33.7599983215332,34.70000076293945,33.400001525878906,34.209999084472656,1270000,2016-04-20,0,1
2016-04-21,37.38999938964844,38.5,36.0,37.54999923706055,3068500,2016-04-21,0,1
2016-04-22,37.40999984741211,37.65999984741211,36.540000915527344,37.02000045776367,1857500,2016-04-22,0,1
2016-04-25,37.08000183105469,37.36000061035156,36.400001525878906,36.849998474121094,766700,2016-04-25,0,1
2016-04-26,36.790000915527344,37.189998626708984,36.619998931884766,37.040000915527344,505100,2016-04-26,0,1
2016-04-27,36.91999816894531,37.279998779296875,36.369998931884766,36.959999084472656,680800,2016-04-27,0,1
2016-04-28,36.68000030517578,37.040000915527344,36.529998779296875,36.68000030517578,676200,2016-04-28,0,1
2016-04-29,36.560001373291016,36.779998779296875,36.15999984741211,36.459999084472656,525200,2016-04-29,0,1
2016-05-02,36.25,37.040000915527344,36.18000030517578,36.970001220703125,731600,2016-05-02,0,1
2016-05-03,36.439998626708984,36.95000076293945,36.06999969482422,36.4900016784668,495400,2016-05-03,0,1
2016-05-04,36.16999816894531,36.29999923706055,35.31999969482422,35.72999954223633,898300,2016-05-04,0,1
2016-05-05,35.619998931884766,36.0,35.290000915527344,35.529998779296875,602900,2016-05-05,0,1
2016-05-06,35.2400016784668,35.59000015258789,34.88999938964844,35.58000183105469,463700,2016-05-06,0,1
2016-05-09,35.47999954223633,35.970001220703125,35.09000015258789,35.56999969482422,443500,2016-05-09,0,1
2016-05-10,35.5099983215332,36.349998474121094,35.40999984741211,36.310001373291016,562200,2016-05-10,0,1
2016-05-11,36.18000030517578,36.65999984741211,35.91999816894531,36.15999984741211,626800,2016-05-11,0,1
2016-05-12,36.220001220703125,36.599998474121094,35.560001373291016,35.84000015258789,536400,2016-05-12,0,1
2016-05-13,35.61000061035156,35.689998626708984,34.79999923706055,35.380001068115234,1065800,2016-05-13,0,1
2016-05-16,35.119998931884766,35.939998626708984,35.119998931884766,35.72999954223633,482700,2016-05-16,0,1
2016-05-17,35.619998931884766,36.0,35.099998474121094,35.31999969482422,609100,2016-05-17,0,1
2016-05-18,35.08000183105469,35.529998779296875,34.810001373291016,35.130001068115234,424900,2016-05-18,0,1
2016-05-19,34.9900016784668,35.33000183105469,34.63999938964844,34.97999954223633,492400,2016-05-19,0,1
2016-05-20,35.060001373291016,35.70000076293945,34.970001220703125,35.65999984741211,670200,2016-05-20,0,1
2016-05-23,35.61000061035156,35.86000061035156,35.33000183105469,35.369998931884766,615100,2016-05-23,0,1
2016-05-24,35.5099983215332,36.31999969482422,35.470001220703125,36.08000183105469,840900,2016-05-24,0,1
2016-05-25,36.22999954223633,36.380001068115234,35.810001373291016,35.83000183105469,997800,2016-05-25,0,1
2016-05-26,35.88999938964844,36.209999084472656,35.56999969482422,35.7599983215332,618200,2016-05-26,0,1
2016-05-27,35.709999084472656,36.060001373291016,35.65999984741211,35.95000076293945,559900,2016-05-27,0,1
2016-05-31,35.959999084472656,36.130001068115234,35.61000061035156,35.7400016784668,578900,2016-05-31,0,1
2016-06-01,35.59000015258789,36.02000045776367,35.529998779296875,35.970001220703125,865900,2016-06-01,0,1
2016-06-02,35.95000076293945,36.470001220703125,35.560001373291016,36.459999084472656,1104600,2016-06-02,0,1
2016-06-03,36.459999084472656,36.52000045776367,35.7599983215332,36.47999954223633,827700,2016-06-03,0,1
2016-06-06,36.59000015258789,37.52000045776367,36.45000076293945,37.34000015258789,895200,2016-06-06,0,1
2016-06-07,37.279998779296875,37.45000076293945,37.150001525878906,37.290000915527344,545400,2016-06-07,0,1
2016-06-08,37.290000915527344,38.209999084472656,37.209999084472656,38.150001525878906,1181700,2016-06-08,0,1
2016-06-09,37.880001068115234,38.34000015258789,37.650001525878906,37.880001068115234,822300,2016-06-09,0,1
2016-06-10,37.61000061035156,37.709999084472656,36.90999984741211,37.029998779296875,569600,2016-06-10,0,1
2016-06-13,36.83000183105469,37.560001373291016,36.79999923706055,37.20000076293945,1422900,2016-06-13,0,1
2016-06-14,37.16999816894531,37.880001068115234,36.970001220703125,37.75,1370700,2016-06-14,0,1
2016-06-15,37.7599983215332,38.75,37.61000061035156,38.22999954223633,1216400,2016-06-15,0,1
2016-06-16,37.97999954223633,38.83000183105469,37.88999938964844,38.79999923706055,1142800,2016-06-16,0,1
2016-06-17,38.939998626708984,39.209999084472656,38.349998474121094,38.380001068115234,1384600,2016-06-17,0,1
2016-06-20,38.7400016784668,39.400001525878906,38.72999954223633,38.97999954223633,817100,2016-06-20,0,1
2016-06-21,38.900001525878906,39.33000183105469,38.900001525878906,39.11000061035156,735800,2016-06-21,0,1
2016-06-22,39.20000076293945,39.279998779296875,38.599998474121094,38.619998931884766,743400,2016-06-22,0,1
2016-06-23,39.08000183105469,39.439998626708984,38.900001525878906,39.38999938964844,678100,2016-06-23,0,1
2016-06-24,37.779998779296875,38.029998779296875,36.65999984741211,36.75,2456700,2016-06-24,0,1
2016-06-27,36.33000183105469,36.349998474121094,34.68000030517578,34.95000076293945,1223500,2016-06-27,0,1
2016-06-28,35.29999923706055,35.65999984741211,34.900001525878906,35.189998626708984,742200,2016-06-28,0,1
2016-06-29,35.619998931884766,36.43000030517578,35.45000076293945,36.27000045776367,1358900,2016-06-29,0,1
2016-06-30,36.27000045776367,37.59000015258789,36.130001068115234,37.58000183105469,1487800,2016-06-30,0,1
2016-07-01,37.58000183105469,38.16999816894531,37.52000045776367,37.900001525878906,1232200,2016-07-01,0,1
2016-07-05,37.68000030517578,38.75,36.56999969482422,37.349998474121094,769800,2016-07-05,0,1
2016-07-06,37.290000915527344,37.75,36.93000030517578,37.34000015258789,1216100,2016-07-06,0,1
2016-07-07,37.439998626708984,37.66999816894531,37.220001220703125,37.38999938964844,507400,2016-07-07,0,1
2016-07-08,37.720001220703125,38.529998779296875,37.459999084472656,38.36000061035156,841100,2016-07-08,0,1
2016-07-11,38.52000045776367,38.90999984741211,38.22999954223633,38.61000061035156,498600,2016-07-11,0,1
2016-07-12,38.959999084472656,39.18000030517578,38.45000076293945,38.77000045776367,869500,2016-07-12,0,1
2016-07-13,38.959999084472656,39.029998779296875,38.25,38.279998779296875,705100,2016-07-13,0,1
2016-07-14,38.5099983215332,38.7400016784668,37.25,38.560001373291016,455600,2016-07-14,0,1
2016-07-15,38.689998626708984,39.16999816894531,38.2599983215332,38.72999954223633,735000,2016-07-15,0,1
2016-07-18,38.75,39.119998931884766,38.75,38.939998626708984,642500,2016-07-18,0,1
2016-07-19,38.880001068115234,39.16999816894531,38.849998474121094,39.040000915527344,742100,2016-07-19,0,1
2016-07-20,39.38999938964844,39.970001220703125,39.06999969482422,39.560001373291016,2766300,2016-07-20,0,1
2016-07-21,40.04999923706055,41.40999984741211,40.040000915527344,40.16999816894531,4627500,2016-07-21,0,1
2016-07-22,39.97999954223633,40.689998626708984,39.77000045776367,40.54999923706055,1889800,2016-07-22,0,1
2016-07-25,40.41999816894531,40.70000076293945,39.9900016784668,40.08000183105469,693900,2016-07-25,0,1
2016-07-26,40.060001373291016,40.40999984741211,39.88999938964844,40.36000061035156,1608500,2016-07-26,0,1
2016-07-27,40.65999984741211,40.7400016784668,39.88999938964844,40.290000915527344,1178600,2016-07-27,0,1
2016-07-28,40.20000076293945,40.58000183105469,40.04999923706055,40.11000061035156,588100,2016-07-28,0,1
2016-07-29,40.220001220703125,40.220001220703125,39.189998626708984,39.72999954223633,1230400,2016-07-29,0,1
2016-08-01,40.22999954223633,40.65999984741211,39.970001220703125,40.38999938964844,1431700,2016-08-01,0,1
2016-08-02,40.33000183105469,40.47999954223633,39.310001373291016,39.619998931884766,1063900,2016-08-02,0,1
2016-08-03,39.470001220703125,39.599998474121094,39.279998779296875,39.54999923706055,642800,2016-08-03,0,1
2016-08-04,39.63999938964844,39.939998626708984,39.349998474121094,39.66999816894531,374700,2016-08-04,0,1
2016-08-05,39.779998779296875,40.869998931884766,39.779998779296875,40.81999969482422,1001000,2016-08-05,0,1
2016-08-08,40.81999969482422,41.15999984741211,40.709999084472656,41.08000183105469,842900,2016-08-08,0,1
2016-08-09,40.93000030517578,41.33000183105469,40.900001525878906,41.209999084472656,587500,2016-08-09,0,1
2016-08-10,41.29999923706055,41.38999938964844,40.9900016784668,41.27000045776367,446500,2016-08-10,0,1
2016-08-11,41.310001373291016,41.849998474121094,41.08000183105469,41.650001525878906,487600,2016-08-11,0,1
2016-08-12,41.58000183105469,41.709999084472656,41.369998931884766,41.65999984741211,552700,2016-08-12,0,1
2016-08-15,41.66999816894531,42.9900016784668,41.630001068115234,42.63999938964844,1212400,2016-08-15,0,1
2016-08-16,42.61000061035156,42.61000061035156,41.400001525878906,41.630001068115234,968800,2016-08-16,0,1
2016-08-17,41.58000183105469,41.779998779296875,41.13999938964844,41.459999084472656,932100,2016-08-17,0,1
2016-08-18,41.52000045776367,41.95000076293945,41.349998474121094,41.65999984741211,1208400,2016-08-18,0,1
2016-08-19,41.630001068115234,42.349998474121094,41.40999984741211,42.279998779296875,721600,2016-08-19,0,1
2016-08-22,42.08000183105469,42.25,41.83000183105469,42.060001373291016,349100,2016-08-22,0,1
2016-08-23,42.33000183105469,42.560001373291016,42.029998779296875,42.54999923706055,342200,2016-08-23,0,1
2016-08-24,42.400001525878906,42.61000061035156,42.04999923706055,42.25,795200,2016-08-24,0,1
2016-08-25,42.22999954223633,42.380001068115234,41.939998626708984,42.15999984741211,654100,2016-08-25,0,1
2016-08-26,42.310001373291016,42.5,41.939998626708984,42.31999969482422,434400,2016-08-26,0,1
2016-08-29,42.290000915527344,42.849998474121094,42.290000915527344,42.560001373291016,603900,2016-08-29,0,1
2016-08-30,42.650001525878906,42.79999923706055,42.540000915527344,42.79999923706055,533000,2016-08-30,0,1
2016-08-31,42.619998931884766,42.849998474121094,42.2400016784668,42.66999816894531,827800,2016-08-31,0,1
2016-09-01,42.619998931884766,42.86000061035156,42.29999923706055,42.84000015258789,701100,2016-09-01,0,1
2016-09-02,42.970001220703125,43.65999984741211,42.86000061035156,43.560001373291016,826600,2016-09-02,0,1
2016-09-06,43.52000045776367,43.58000183105469,43.220001220703125,43.56999969482422,715100,2016-09-06,0,1
2016-09-07,43.56999969482422,43.75,41.400001525878906,43.7400016784668,516300,2016-09-07,0,1
2016-09-08,43.72999954223633,43.959999084472656,43.4900016784668,43.91999816894531,877000,2016-09-08,0,1
2016-09-09,43.52000045776367,43.7599983215332,42.279998779296875,43.209999084472656,1642700,2016-09-09,0,1
2016-09-12,42.880001068115234,43.650001525878906,42.790000915527344,43.56999969482422,843600,2016-09-12,0,1
2016-09-13,43.22999954223633,43.38999938964844,42.90999984741211,43.11000061035156,911300,2016-09-13,0,1
2016-09-14,43.16999816894531,43.5099983215332,43.040000915527344,43.2400016784668,777800,2016-09-14,0,1
2016-09-15,43.349998474121094,43.95000076293945,43.25,43.709999084472656,524400,2016-09-15,0,1
2016-09-16,43.380001068115234,43.52000045776367,43.13999938964844,43.2599983215332,844500,2016-09-16,0,1
2016-09-19,43.310001373291016,43.83000183105469,43.13999938964844,43.38999938964844,364700,2016-09-19,0,1
2016-09-20,43.540000915527344,43.79999923706055,43.31999969482422,43.33000183105469,412900,2016-09-20,0,1
2016-09-21,43.439998626708984,44.130001068115234,43.189998626708984,44.11000061035156,546800,2016-09-21,0,1
2016-09-22,44.2400016784668,44.75,44.18000030517578,44.560001373291016,688900,2016-09-22,0,1
2016-09-23,44.52000045776367,44.75,44.11000061035156,44.130001068115234,488600,2016-09-23,0,1
2016-09-26,43.9900016784668,44.08000183105469,43.720001220703125,43.7400016784668,437500,2016-09-26,0,1
2016-09-27,43.65999984741211,44.310001373291016,43.58000183105469,44.29999923706055,306200,2016-09-27,0,1
2016-09-28,44.380001068115234,44.650001525878906,44.11000061035156,44.5099983215332,441200,2016-09-28,0,1
2016-09-29,44.349998474121094,44.560001373291016,43.619998931884766,43.880001068115234,633600,2016-09-29,0,1
2016-09-30,43.849998474121094,44.41999816894531,43.0099983215332,44.310001373291016,1005500,2016-09-30,0,1
2016-10-03,45.02000045776367,46.79999923706055,44.40999984741211,45.11000061035156,2578700,2016-10-03,0,1
2016-10-04,45.34000015258789,45.810001373291016,45.06999969482422,45.439998626708984,1115700,2016-10-04,0,1
2016-10-05,45.5,45.97999954223633,45.29999923706055,45.88999938964844,682000,2016-10-05,0,1
2016-10-06,45.84000015258789,46.2599983215332,45.52000045776367,46.25,770500,2016-10-06,0,1
2016-10-07,46.5,46.5,45.63999938964844,45.939998626708984,579700,2016-10-07,0,1
2016-10-10,46.279998779296875,46.90999984741211,45.95000076293945,45.97999954223633,782900,2016-10-10,0,1
2016-10-11,45.88999938964844,45.970001220703125,44.650001525878906,45.099998474121094,751100,2016-10-11,0,1
2016-10-12,45.0099983215332,45.18000030517578,44.72999954223633,45.13999938964844,770400,2016-10-12,0,1
2016-10-13,44.72999954223633,45.209999084472656,44.439998626708984,45.08000183105469,767300,2016-10-13,0,1
2016-10-14,45.33000183105469,45.93000030517578,45.119998931884766,45.2599983215332,623400,2016-10-14,0,1
2016-10-17,45.11000061035156,45.47999954223633,44.88999938964844,45.470001220703125,726000,2016-10-17,0,1
2016-10-18,45.9900016784668,46.279998779296875,45.56999969482422,46.130001068115234,761100,2016-10-18,0,1
2016-10-19,45.61000061035156,46.599998474121094,45.61000061035156,46.43000030517578,610400,2016-10-19,0,1
2016-10-20,46.369998931884766,46.599998474121094,46.029998779296875,46.33000183105469,649000,2016-10-20,0,1
2016-10-21,46.209999084472656,46.41999816894531,46.02000045776367,46.38999938964844,629800,2016-10-21,0,1
2016-10-24,46.709999084472656,47.31999969482422,46.04999923706055,46.119998931884766,1391100,2016-10-24,0,1
2016-10-25,46.13999938964844,46.349998474121094,45.33000183105469,45.52000045776367,1374700,2016-10-25,0,1
2016-10-26,45.13999938964844,45.220001220703125,43.099998474121094,43.54999923706055,3474700,2016-10-26,0,1
2016-10-27,46.0,47.5,45.209999084472656,45.59000015258789,5988900,2016-10-27,0,1
2016-10-28,45.4900016784668,46.97999954223633,45.400001525878906,46.88999938964844,2262700,2016-10-28,0,1
2016-10-31,46.7599983215332,47.63999938964844,46.2599983215332,47.439998626708984,1942700,2016-10-31,0,1
2016-11-01,47.439998626708984,47.61000061035156,45.63999938964844,45.93000030517578,1630300,2016-11-01,0,1
2016-11-02,45.709999084472656,45.709999084472656,43.779998779296875,43.970001220703125,2289400,2016-11-02,0,1
2016-11-03,43.939998626708984,44.15999984741211,43.119998931884766,43.25,1616400,2016-11-03,0,1
2016-11-04,43.790000915527344,44.540000915527344,43.56999969482422,44.02000045776367,1722400,2016-11-04,0,1
2016-11-07,44.849998474121094,45.630001068115234,44.29999923706055,45.349998474121094,2089800,2016-11-07,0,1
2016-11-08,45.18000030517578,46.810001373291016,44.81999969482422,46.68000030517578,2364900,2016-11-08,0,1
2016-11-09,45.959999084472656,47.439998626708984,45.540000915527344,46.95000076293945,2230600,2016-11-09,0,1
2016-11-10,47.31999969482422,47.900001525878906,45.91999816894531,47.16999816894531,1690200,2016-11-10,0,1
2016-11-11,47.0,47.529998779296875,46.65999984741211,47.04999923706055,854100,2016-11-11,0,1
2016-11-14,47.52000045776367,47.900001525878906,47.34000015258789,47.59000015258789,1098400,2016-11-14,0,1
2016-11-15,47.45000076293945,47.790000915527344,47.02000045776367,47.529998779296875,1011900,2016-11-15,0,1
2016-11-16,47.02000045776367,47.900001525878906,46.279998779296875,47.58000183105469,1007100,2016-11-16,0,1
2016-11-17,47.599998474121094,49.09000015258789,47.279998779296875,49.0099983215332,1327000,2016-11-17,0,1
2016-11-18,48.95000076293945,49.2400016784668,48.2599983215332,48.68000030517578,1386800,2016-11-18,0,1
2016-11-21,48.58000183105469,48.97999954223633,48.349998474121094,48.529998779296875,1036600,2016-11-21,0,1
2016-11-22,48.86000061035156,49.16999816894531,48.11000061035156,48.25,1409700,2016-11-22,0,1
2016-11-23,48.310001373291016,49.189998626708984,48.15999984741211,49.16999816894531,1023500,2016-11-23,0,1
2016-11-25,49.290000915527344,49.810001373291016,49.130001068115234,49.790000915527344,914800,2016-11-25,0,1
2016-11-28,49.63999938964844,49.93000030517578,49.20000076293945,49.619998931884766,821200,2016-11-28,0,1
2016-11-29,49.68000030517578,49.849998474121094,49.029998779296875,49.630001068115234,936100,2016-11-29,0,1
2016-11-30,49.5099983215332,49.7599983215332,48.70000076293945,48.709999084472656,1548100,2016-11-30,0,1
2016-12-01,49.099998474121094,49.36000061035156,46.060001373291016,46.31999969482422,1906100,2016-12-01,0,1
2016-12-02,45.9900016784668,46.38999938964844,45.56999969482422,46.369998931884766,1409200,2016-12-02,0,1
2016-12-05,46.63999938964844,47.400001525878906,46.13999938964844,46.369998931884766,1493400,2016-12-05,0,1
2016-12-06,46.75,47.54999923706055,46.06999969482422,47.130001068115234,1429700,2016-12-06,0,1
2016-12-07,47.400001525878906,47.97999954223633,46.709999084472656,47.88999938964844,1022000,2016-12-07,0,1
2016-12-08,48.099998474121094,49.04999923706055,47.7599983215332,48.310001373291016,1327600,2016-12-08,0,1
2016-12-09,48.380001068115234,49.06999969482422,48.150001525878906,48.189998626708984,807600,2016-12-09,0,1
2016-12-12,48.27000045776367,48.599998474121094,47.060001373291016,47.58000183105469,544300,2016-12-12,0,1
2016-12-13,47.650001525878906,48.43000030517578,47.58000183105469,48.220001220703125,776300,2016-12-13,0,1
2016-12-14,48.34000015258789,48.68000030517578,47.849998474121094,47.90999984741211,869600,2016-12-14,0,1
2016-12-15,47.959999084472656,49.029998779296875,47.790000915527344,48.52000045776367,970900,2016-12-15,0,1
2016-12-16,48.52000045776367,48.75,46.95000076293945,47.029998779296875,1161100,2016-12-16,0,1
2016-12-19,47.2400016784668,47.630001068115234,46.959999084472656,47.400001525878906,547000,2016-12-19,0,1
2016-12-20,47.58000183105469,47.959999084472656,47.16999816894531,47.33000183105469,531800,2016-12-20,0,1
2016-12-21,47.5099983215332,47.66999816894531,46.70000076293945,46.83000183105469,544500,2016-12-21,0,1
2016-12-22,46.66999816894531,46.709999084472656,45.720001220703125,46.150001525878906,875400,2016-12-22,0,1
2016-12-23,46.2599983215332,46.65999984741211,46.11000061035156,46.619998931884766,367600,2016-12-23,0,1
2016-12-27,46.54999923706055,47.02000045776367,46.33000183105469,46.630001068115234,789800,2016-12-27,0,1
2016-12-28,46.61000061035156,46.709999084472656,46.060001373291016,46.349998474121094,494100,2016-12-28,0,1
2016-12-29,46.439998626708984,46.7599983215332,46.290000915527344,46.54999923706055,654200,2016-12-29,0,1
2016-12-30,46.68000030517578,46.72999954223633,45.86000061035156,46.27000045776367,626800,2016-12-30,0,1
2017-01-03,46.59000015258789,47.13999938964844,45.93000030517578,46.63999938964844,1415400,2017-01-03,0,1
2017-01-04,46.65999984741211,47.400001525878906,46.63999938964844,46.849998474121094,1194800,2017-01-04,0,1
2017-01-05,46.900001525878906,47.279998779296875,46.56999969482422,47.11000061035156,1114100,2017-01-05,0,1
2017-01-06,47.150001525878906,48.5099983215332,46.849998474121094,48.25,988500,2017-01-06,0,1
2017-01-09,48.31999969482422,48.959999084472656,47.72999954223633,48.779998779296875,1481200,2017-01-09,0,1
2017-01-10,48.77000045776367,49.7400016784668,48.68000030517578,49.470001220703125,1406100,2017-01-10,0,1
2017-01-11,49.61000061035156,49.779998779296875,48.47999954223633,49.09000015258789,1053700,2017-01-11,0,1
2017-01-12,49.189998626708984,49.5,48.400001525878906,49.310001373291016,1022700,2017-01-12,0,1
2017-01-13,49.2599983215332,49.79999923706055,49.119998931884766,49.22999954223633,863300,2017-01-13,0,1
2017-01-17,49.09000015258789,49.09000015258789,47.08000183105469,47.36000061035156,1778300,2017-01-17,0,1
2017-01-18,47.36000061035156,47.7599983215332,46.869998931884766,47.380001068115234,1362300,2017-01-18,0,1
2017-01-19,49.5,51.88999938964844,49.33000183105469,50.209999084472656,4845100,2017-01-19,0,1
2017-01-20,50.040000915527344,50.470001220703125,49.119998931884766,49.560001373291016,1723500,2017-01-20,0,1
2017-01-23,49.66999816894531,50.75,49.66999816894531,50.5,1952500,2017-01-23,0,1
2017-01-24,50.650001525878906,52.27000045776367,50.540000915527344,52.15999984741211,1719900,2017-01-24,0,1
2017-01-25,52.5,53.0099983215332,52.20000076293945,53.0,1894000,2017-01-25,0,1
2017-01-26,53.459999084472656,54.130001068115234,52.52000045776367,52.81999969482422,1670700,2017-01-26,0,1
2017-01-27,52.84000015258789,53.209999084472656,52.04999923706055,52.22999954223633,977300,2017-01-27,0,1
2017-01-30,52.040000915527344,52.189998626708984,51.099998474121094,52.150001525878906,629100,2017-01-30,0,1
2017-01-31,51.7599983215332,52.650001525878906,51.529998779296875,52.56999969482422,836800,2017-01-31,0,1
2017-02-01,52.56999969482422,52.959999084472656,51.97999954223633,52.189998626708984,1066000,2017-02-01,0,1
2017-02-02,52.20000076293945,53.959999084472656,52.060001373291016,53.52000045776367,1730200,2017-02-02,0,1
2017-02-03,53.540000915527344,54.27000045776367,53.25,53.970001220703125,1209100,2017-02-03,0,1
2017-02-06,53.7400016784668,54.099998474121094,53.5,53.79999923706055,1104800,2017-02-06,0,1
2017-02-07,53.880001068115234,54.150001525878906,53.650001525878906,53.81999969482422,797900,2017-02-07,0,1
2017-02-08,53.869998931884766,54.2599983215332,53.5,54.220001220703125,1081800,2017-02-08,0,1
2017-02-09,54.20000076293945,55.06999969482422,54.029998779296875,54.790000915527344,1221400,2017-02-09,0,1
2017-02-10,54.880001068115234,54.9900016784668,53.720001220703125,54.18000030517578,850000,2017-02-10,0,1
2017-02-13,54.5,54.56999969482422,53.900001525878906,54.29999923706055,668500,2017-02-13,0,1
2017-02-14,54.060001373291016,54.4900016784668,53.720001220703125,54.459999084472656,565200,2017-02-14,0,1
2017-02-15,54.13999938964844,54.88999938964844,54.060001373291016,54.70000076293945,1009300,2017-02-15,0,1
2017-02-16,54.189998626708984,54.65999984741211,53.4900016784668,53.65999984741211,1547900,2017-02-16,0,1
2017-02-17,53.5,54.27000045776367,53.439998626708984,54.2599983215332,859900,2017-02-17,0,1
2017-02-21,53.9900016784668,55.41999816894531,53.9900016784668,55.369998931884766,1277400,2017-02-21,0,1
2017-02-22,55.36000061035156,55.41999816894531,54.689998626708984,54.849998474121094,860300,2017-02-22,0,1
2017-02-23,54.849998474121094,55.22999954223633,54.45000076293945,54.66999816894531,915600,2017-02-23,0,1
2017-02-24,54.33000183105469,55.18000030517578,54.06999969482422,55.099998474121094,742800,2017-02-24,0,1
2017-02-27,55.099998474121094,55.119998931884766,54.59000015258789,54.869998931884766,792300,2017-02-27,0,1
2017-02-28,54.58000183105469,54.58000183105469,53.84000015258789,53.88999938964844,1046100,2017-02-28,0,1
2017-03-01,54.7599983215332,55.939998626708984,54.41999816894531,55.75,1196300,2017-03-01,0,1
2017-03-02,55.70000076293945,55.7400016784668,54.869998931884766,54.95000076293945,717600,2017-03-02,0,1
2017-03-03,55.130001068115234,55.720001220703125,54.880001068115234,55.59000015258789,1081200,2017-03-03,0,1
2017-03-06,55.18000030517578,55.220001220703125,54.81999969482422,54.959999084472656,903800,2017-03-06,0,1
2017-03-07,54.84000015258789,55.099998474121094,54.59000015258789,54.79999923706055,555000,2017-03-07,0,1
2017-03-08,54.779998779296875,56.18000030517578,54.439998626708984,55.56999969482422,1885300,2017-03-08,0,1
2017-03-09,55.5,55.560001373291016,54.65999984741211,54.97999954223633,964400,2017-03-09,0,1
2017-03-10,55.369998931884766,55.43000030517578,54.88999938964844,55.220001220703125,551200,2017-03-10,0,1
2017-03-13,55.20000076293945,55.83000183105469,55.20000076293945,55.77000045776367,697300,2017-03-13,0,1
2017-03-14,55.529998779296875,55.81999969482422,55.2400016784668,55.68000030517578,672000,2017-03-14,0,1
2017-03-15,56.15999984741211,56.5,55.77000045776367,56.43000030517578,878500,2017-03-15,0,1
2017-03-16,56.720001220703125,56.72999954223633,56.08000183105469,56.27000045776367,422900,2017-03-16,0,1
2017-03-17,56.41999816894531,56.650001525878906,55.869998931884766,56.189998626708984,1044900,2017-03-17,0,1
2017-03-20,56.43000030517578,56.43000030517578,55.599998474121094,55.63999938964844,1014900,2017-03-20,0,1
2017-03-21,56.02000045776367,56.08000183105469,53.47999954223633,53.66999816894531,1514200,2017-03-21,0,1
2017-03-22,53.650001525878906,54.0,52.689998626708984,53.599998474121094,2848500,2017-03-22,0,1
2017-03-23,53.61000061035156,54.72999954223633,50.95000076293945,52.09000015258789,8256900,2017-03-23,0,1
2017-03-24,52.459999084472656,53.060001373291016,51.84000015258789,51.939998626708984,3013300,2017-03-24,0,1
2017-03-27,51.209999084472656,52.70000076293945,50.68000030517578,52.619998931884766,1964200,2017-03-27,0,1
2017-03-28,52.66999816894531,53.380001068115234,52.220001220703125,52.720001220703125,1423500,2017-03-28,0,1
2017-03-29,52.849998474121094,53.20000076293945,52.58000183105469,53.06999969482422,736700,2017-03-29,0,1
2017-03-30,53.060001373291016,53.22999954223633,52.400001525878906,52.470001220703125,907200,2017-03-30,0,1
2017-03-31,52.349998474121094,52.70000076293945,51.68000030517578,52.54999923706055,1089600,2017-03-31,0,1
2017-04-03,52.790000915527344,52.90999984741211,51.70000076293945,52.2599983215332,1337900,2017-04-03,0,1
2017-04-04,52.130001068115234,52.4900016784668,51.68000030517578,51.86000061035156,914100,2017-04-04,0,1
2017-04-05,52.11000061035156,52.34000015258789,51.220001220703125,51.2400016784668,1360800,2017-04-05,0,1
2017-04-06,51.2599983215332,52.099998474121094,51.0,51.97999954223633,905100,2017-04-06,0,1
2017-04-07,51.9900016784668,52.279998779296875,51.689998626708984,51.88999938964844,537200,2017-04-07,0,1
2017-04-10,51.84000015258789,52.540000915527344,51.619998931884766,52.18000030517578,929000,2017-04-10,0,1
2017-04-11,52.189998626708984,52.56999969482422,51.470001220703125,52.560001373291016,1047300,2017-04-11,0,1
2017-04-12,52.369998931884766,53.02000045776367,52.060001373291016,52.06999969482422,1197100,2017-04-12,0,1
2017-04-13,51.38999938964844,52.70000076293945,51.38999938964844,51.540000915527344,1158100,2017-04-13,0,1
2017-04-17,51.849998474121094,52.470001220703125,51.400001525878906,52.459999084472656,1572200,2017-04-17,0,1
2017-04-18,52.459999084472656,53.459999084472656,52.45000076293945,53.22999954223633,1655000,2017-04-18,0,1
2017-04-19,53.220001220703125,53.9900016784668,53.220001220703125,53.689998626708984,2314400,2017-04-19,0,1
2017-04-20,54.099998474121094,54.20000076293945,51.880001068115234,52.97999954223633,3455000,2017-04-20,0,1
2017-04-21,52.86000061035156,52.939998626708984,51.72999954223633,51.93000030517578,1948900,2017-04-21,0,1
2017-04-24,52.099998474121094,53.40999984741211,52.0099983215332,53.349998474121094,1274600,2017-04-24,0,1
2017-04-25,53.7599983215332,54.20000076293945,53.130001068115234,53.689998626708984,1115300,2017-04-25,0,1
2017-04-26,53.84000015258789,54.08000183105469,53.33000183105469,53.880001068115234,765800,2017-04-26,0,1
2017-04-27,54.0099983215332,54.31999969482422,53.349998474121094,54.08000183105469,606700,2017-04-27,0,1
2017-04-28,54.20000076293945,54.22999954223633,53.61000061035156,54.04999923706055,898500,2017-04-28,0,1
2017-05-01,54.09000015258789,54.869998931884766,53.9900016784668,54.81999969482422,1032100,2017-05-01,0,1
2017-05-02,54.790000915527344,55.310001373291016,54.70000076293945,54.7400016784668,1250300,2017-05-02,0,1
2017-05-03,54.599998474121094,54.720001220703125,53.52000045776367,53.58000183105469,1066800,2017-05-03,0,1
2017-05-04,53.939998626708984,54.2599983215332,53.68000030517578,53.9900016784668,739600,2017-05-04,0,1
2017-05-05,54.18000030517578,54.4900016784668,53.939998626708984,54.34000015258789,901000,2017-05-05,0,1
2017-05-08,54.27000045776367,54.9900016784668,53.20000076293945,53.33000183105469,1098600,2017-05-08,0,1
2017-05-09,53.43000030517578,53.93000030517578,53.41999816894531,53.81999969482422,814700,2017-05-09,0,1
2017-05-10,53.79999923706055,53.970001220703125,53.08000183105469,53.31999969482422,825900,2017-05-10,0,1
2017-05-11,53.560001373291016,53.849998474121094,52.650001525878906,53.029998779296875,1201000,2017-05-11,0,1
2017-05-12,52.9900016784668,53.06999969482422,52.4900016784668,52.95000076293945,794600,2017-05-12,0,1
2017-05-15,52.97999954223633,53.34000015258789,52.380001068115234,52.619998931884766,1537800,2017-05-15,0,1
2017-05-16,52.459999084472656,53.560001373291016,52.41999816894531,53.52000045776367,804800,2017-05-16,0,1
2017-05-17,52.86000061035156,53.08000183105469,51.56999969482422,51.630001068115234,792600,2017-05-17,0,1
2017-05-18,51.790000915527344,51.91999816894531,51.02000045776367,51.13999938964844,788500,2017-05-18,0,1
2017-05-19,51.689998626708984,55.95000076293945,51.540000915527344,55.0,4179800,2017-05-19,0,1
2017-05-22,55.099998474121094,56.0,54.7400016784668,55.93000030517578,1262900,2017-05-22,0,1
2017-05-23,55.9900016784668,56.5099983215332,55.54999923706055,55.900001525878906,878500,2017-05-23,0,1
2017-05-24,56.11000061035156,57.439998626708984,56.11000061035156,57.13999938964844,1621600,2017-05-24,0,1
2017-05-25,57.45000076293945,59.0,57.45000076293945,58.13999938964844,2086200,2017-05-25,0,1
2017-05-26,58.20000076293945,58.540000915527344,57.7599983215332,58.0,976800,2017-05-26,0,1
2017-05-30,57.869998931884766,58.15999984741211,57.72999954223633,57.970001220703125,633900,2017-05-30,0,1
2017-05-31,58.02000045776367,58.41999816894531,57.540000915527344,57.58000183105469,790700,2017-05-31,0,1
2017-06-01,57.849998474121094,58.220001220703125,57.380001068115234,57.790000915527344,1261100,2017-06-01,0,1
2017-06-02,57.9900016784668,59.290000915527344,57.75,59.06999969482422,1169600,2017-06-02,0,1
2017-06-05,58.72999954223633,59.20000076293945,58.59000015258789,58.869998931884766,854700,2017-06-05,0,1
2017-06-06,58.65999984741211,59.91999816894531,58.040000915527344,59.2599983215332,1278100,2017-06-06,0,1
2017-06-07,59.2599983215332,59.5099983215332,58.81999969482422,59.220001220703125,791400,2017-06-07,0,1
2017-06-08,59.310001373291016,59.79999923706055,58.959999084472656,59.689998626708984,699400,2017-06-08,0,1
2017-06-09,59.81999969482422,60.150001525878906,55.68000030517578,56.9900016784668,1863400,2017-06-09,0,1
2017-06-12,56.4900016784668,56.77000045776367,54.060001373291016,56.04999923706055,2084300,2017-06-12,0,1
2017-06-13,56.66999816894531,57.880001068115234,56.54999923706055,57.869998931884766,1482500,2017-06-13,0,1
2017-06-14,57.86000061035156,58.400001525878906,57.18000030517578,57.599998474121094,1411100,2017-06-14,0,1
2017-06-15,56.720001220703125,57.13999938964844,53.939998626708984,56.970001220703125,1174900,2017-06-15,0,1
2017-06-16,56.88999938964844,57.43000030517578,56.220001220703125,57.13999938964844,1302900,2017-06-16,0,1
2017-06-19,57.599998474121094,57.97999954223633,57.02000045776367,57.43000030517578,827400,2017-06-19,0,1
2017-06-20,57.31999969482422,57.810001373291016,56.650001525878906,56.81999969482422,628900,2017-06-20,0,1
2017-06-21,57.060001373291016,57.66999816894531,56.810001373291016,57.38999938964844,786200,2017-06-21,0,1
2017-06-22,57.47999954223633,58.099998474121094,57.18000030517578,57.79999923706055,977900,2017-06-22,0,1
2017-06-23,57.70000076293945,59.38999938964844,57.70000076293945,58.88999938964844,2382900,2017-06-23,0,1
2017-06-26,59.29999923706055,60.220001220703125,58.439998626708984,58.4900016784668,1090700,2017-06-26,0,1
2017-06-27,58.2599983215332,58.279998779296875,56.040000915527344,56.209999084472656,1153300,2017-06-27,0,1
2017-06-28,56.66999816894531,57.16999816894531,55.880001068115234,57.0,1034700,2017-06-28,0,1
2017-06-29,56.970001220703125,56.970001220703125,54.70000076293945,55.5099983215332,956100,2017-06-29,0,1
2017-06-30,55.720001220703125,55.869998931884766,54.9900016784668,55.119998931884766,1429600,2017-06-30,0,1
2017-07-03,55.400001525878906,55.66999816894531,53.83000183105469,53.88999938964844,1305400,2017-07-03,0,1
2017-07-05,54.15999984741211,56.22999954223633,53.459999084472656,56.11000061035156,1475700,2017-07-05,0,1
2017-07-06,55.5099983215332,56.060001373291016,54.959999084472656,55.529998779296875,1257300,2017-07-06,0,1
2017-07-07,55.7599983215332,57.34000015258789,55.72999954223633,56.790000915527344,985400,2017-07-07,0,1
2017-07-10,56.709999084472656,57.15999984741211,56.119998931884766,56.810001373291016,816100,2017-07-10,0,1
2017-07-11,56.79999923706055,57.560001373291016,56.54999923706055,57.380001068115234,886400,2017-07-11,0,1
2017-07-12,58.2400016784668,58.650001525878906,57.599998474121094,58.02000045776367,848100,2017-07-12,0,1
2017-07-13,58.16999816894531,58.29999923706055,57.119998931884766,57.369998931884766,884900,2017-07-13,0,1
2017-07-14,57.709999084472656,58.189998626708984,57.369998931884766,58.060001373291016,1107600,2017-07-14,0,1
2017-07-17,57.90999984741211,58.04999923706055,56.91999816894531,57.4900016784668,1378600,2017-07-17,0,1
2017-07-18,57.25,58.13999938964844,56.95000076293945,58.04999923706055,940000,2017-07-18,0,1
2017-07-19,58.400001525878906,59.290000915527344,58.0,58.91999816894531,2101100,2017-07-19,0,1
2017-07-20,54.29999923706055,55.849998474121094,53.5,54.099998474121094,8866300,2017-07-20,0,1
2017-07-21,54.0099983215332,55.38999938964844,53.65999984741211,55.220001220703125,3511000,2017-07-21,0,1
2017-07-24,55.2400016784668,55.79999923706055,54.400001525878906,55.72999954223633,1739500,2017-07-24,0,1
2017-07-25,55.79999923706055,55.939998626708984,55.150001525878906,55.7400016784668,1627500,2017-07-25,0,1
2017-07-26,55.91999816894531,56.36000061035156,55.459999084472656,55.880001068115234,1237100,2017-07-26,0,1
2017-07-27,56.2599983215332,56.40999984741211,54.18000030517578,55.20000076293945,1473700,2017-07-27,0,1
2017-07-28,54.88999938964844,55.650001525878906,54.25,55.31999969482422,815000,2017-07-28,0,1
2017-07-31,55.560001373291016,55.619998931884766,54.849998474121094,55.189998626708984,1022100,2017-07-31,0,1
2017-08-01,55.36000061035156,55.61000061035156,55.040000915527344,55.47999954223633,1036500,2017-08-01,0,1
2017-08-02,55.88999938964844,55.88999938964844,54.310001373291016,54.439998626708984,1114800,2017-08-02,0,1
2017-08-03,54.439998626708984,54.540000915527344,53.529998779296875,54.11000061035156,1349100,2017-08-03,0,1
2017-08-04,54.279998779296875,54.45000076293945,53.88999938964844,54.060001373291016,698800,2017-08-04,0,1
2017-08-07,54.06999969482422,54.380001068115234,53.86000061035156,54.150001525878906,371600,2017-08-07,0,1
2017-08-08,54.099998474121094,54.470001220703125,53.58000183105469,53.68000030517578,655200,2017-08-08,0,1
2017-08-09,53.380001068115234,54.0099983215332,53.040000915527344,53.84000015258789,948200,2017-08-09,0,1
2017-08-10,53.36000061035156,53.720001220703125,52.33000183105469,52.540000915527344,1286500,2017-08-10,0,1
2017-08-11,52.529998779296875,53.529998779296875,52.20000076293945,53.34000015258789,838800,2017-08-11,0,1
2017-08-14,53.81999969482422,53.959999084472656,53.25,53.41999816894531,780500,2017-08-14,0,1
2017-08-15,53.5,53.619998931884766,53.18000030517578,53.38999938964844,702700,2017-08-15,0,1
2017-08-16,53.5,54.279998779296875,53.43000030517578,54.0099983215332,748800,2017-08-16,0,1
2017-08-17,53.869998931884766,54.13999938964844,52.95000076293945,52.9900016784668,655500,2017-08-17,0,1
2017-08-18,52.900001525878906,53.79999923706055,52.54999923706055,53.52000045776367,998600,2017-08-18,0,1
2017-08-21,53.47999954223633,53.7400016784668,53.11000061035156,53.43000030517578,409600,2017-08-21,0,1
2017-08-22,53.68000030517578,54.689998626708984,53.4900016784668,54.56999969482422,699600,2017-08-22,0,1
2017-08-23,54.22999954223633,54.720001220703125,54.13999938964844,54.2599983215332,502000,2017-08-23,0,1
2017-08-24,54.560001373291016,54.77000045776367,54.040000915527344,54.72999954223633,553900,2017-08-24,0,1
2017-08-25,55.0,55.7599983215332,54.88999938964844,55.15999984741211,947100,2017-08-25,0,1
2017-08-28,55.150001525878906,55.20000076293945,54.470001220703125,54.83000183105469,576800,2017-08-28,0,1
2017-08-29,54.290000915527344,54.93000030517578,54.18000030517578,54.72999954223633,538600,2017-08-29,0,1
2017-08-30,54.65999984741211,55.880001068115234,54.540000915527344,55.7599983215332,681500,2017-08-30,0,1
2017-08-31,55.77000045776367,56.279998779296875,55.75,56.0,851800,2017-08-31,0,1
2017-09-01,56.25,56.470001220703125,55.790000915527344,55.900001525878906,528200,2017-09-01,0,1
2017-09-05,55.900001525878906,56.09000015258789,55.439998626708984,55.93000030517578,593100,2017-09-05,0,1
2017-09-06,56.20000076293945,56.290000915527344,55.79999923706055,55.90999984741211,652100,2017-09-06,0,1
2017-09-07,56.060001373291016,56.20000076293945,55.47999954223633,55.61000061035156,750500,2017-09-07,0,1
2017-09-08,55.619998931884766,56.06999969482422,55.34000015258789,55.400001525878906,563700,2017-09-08,0,1
2017-09-11,55.95000076293945,56.43000030517578,55.5,56.04999923706055,764800,2017-09-11,0,1
2017-09-12,56.099998474121094,56.31999969482422,55.58000183105469,56.27000045776367,925800,2017-09-12,0,1
2017-09-13,56.18000030517578,56.31999969482422,55.65999984741211,56.04999923706055,729700,2017-09-13,0,1
2017-09-14,55.91999816894531,56.0,55.04999923706055,55.15999984741211,692800,2017-09-14,0,1
2017-09-15,55.06999969482422,55.130001068115234,54.369998931884766,54.650001525878906,1650900,2017-09-15,0,1
2017-09-18,54.7599983215332,55.52000045776367,54.70000076293945,54.95000076293945,840600,2017-09-18,0,1
2017-09-19,54.90999984741211,55.560001373291016,54.810001373291016,55.439998626708984,438100,2017-09-19,0,1
2017-09-20,55.790000915527344,56.65999984741211,55.47999954223633,56.22999954223633,1308600,2017-09-20,0,1
2017-09-21,56.130001068115234,56.43000030517578,55.900001525878906,56.22999954223633,624300,2017-09-21,0,1
2017-09-22,56.189998626708984,57.20000076293945,56.0099983215332,56.939998626708984,1098000,2017-09-22,0,1
2017-09-25,56.849998474121094,57.349998474121094,55.849998474121094,56.220001220703125,1082700,2017-09-25,0,1
2017-09-26,56.31999969482422,56.58000183105469,55.38999938964844,55.619998931884766,719900,2017-09-26,0,1
2017-09-27,55.90999984741211,56.2400016784668,55.439998626708984,56.02000045776367,839200,2017-09-27,0,1
2017-09-28,56.0,56.31999969482422,55.29999923706055,56.029998779296875,510500,2017-09-28,0,1
2017-09-29,56.040000915527344,56.63999938964844,56.0,56.279998779296875,665200,2017-09-29,0,1
2017-10-02,56.369998931884766,56.959999084472656,55.7400016784668,56.279998779296875,898800,2017-10-02,0,1
2017-10-03,56.369998931884766,56.66999816894531,56.279998779296875,56.63999938964844,404100,2017-10-03,0,1
2017-10-04,56.63999938964844,57.02000045776367,56.33000183105469,57.0,292400,2017-10-04,0,1
2017-10-05,57.34000015258789,57.91999816894531,57.029998779296875,57.75,858700,2017-10-05,0,1
2017-10-06,57.54999923706055,58.38999938964844,57.2400016784668,58.31999969482422,547300,2017-10-06,0,1
2017-10-09,58.279998779296875,58.63999938964844,58.0,58.58000183105469,2362900,2017-10-09,0,1
2017-10-10,58.779998779296875,59.13999938964844,58.540000915527344,58.97999954223633,789300,2017-10-10,0,1
2017-10-11,58.63999938964844,59.36000061035156,58.400001525878906,59.33000183105469,1901000,2017-10-11,0,1
2017-10-12,59.40999984741211,59.81999969482422,59.15999984741211,59.58000183105469,880900,2017-10-12,0,1
2017-10-13,59.790000915527344,60.13999938964844,59.560001373291016,60.040000915527344,1405900,2017-10-13,0,1
2017-10-16,60.18000030517578,60.349998474121094,59.95000076293945,60.02000045776367,766400,2017-10-16,0,1
2017-10-17,59.880001068115234,60.31999969482422,59.18000030517578,60.2599983215332,749500,2017-10-17,0,1
2017-10-18,60.2599983215332,60.84000015258789,60.119998931884766,60.63999938964844,655000,2017-10-18,0,1
2017-10-19,60.02000045776367,60.41999816894531,59.81999969482422,60.119998931884766,1087600,2017-10-19,0,1
2017-10-20,60.45000076293945,61.130001068115234,60.2400016784668,60.720001220703125,735700,2017-10-20,0,1
2017-10-23,60.68000030517578,61.099998474121094,60.470001220703125,60.7599983215332,1031400,2017-10-23,0,1
2017-10-24,60.849998474121094,61.650001525878906,60.56999969482422,61.09000015258789,1269500,2017-10-24,0,1
2017-10-25,61.0,61.38999938964844,59.95000076293945,60.09000015258789,2245900,2017-10-25,0,1
2017-10-26,63.9900016784668,65.4000015258789,62.72999954223633,64.66999816894531,4077500,2017-10-26,0,1
2017-10-27,64.91999816894531,66.5199966430664,64.51000213623047,66.43000030517578,2452200,2017-10-27,0,1
2017-10-30,66.12000274658203,66.33000183105469,65.30999755859375,66.16000366210938,1405500,2017-10-30,0,1
2017-10-31,66.38999938964844,66.94999694824219,66.12999725341797,66.44999694824219,971600,2017-10-31,0,1
2017-11-01,66.87999725341797,66.87999725341797,65.11000061035156,65.80999755859375,1529600,2017-11-01,0,1
2017-11-02,65.81999969482422,67.12000274658203,65.54000091552734,66.44999694824219,1132100,2017-11-02,0,1
2017-11-03,66.5,66.62999725341797,65.4000015258789,66.25,1012300,2017-11-03,0,1
2017-11-06,65.69000244140625,65.8499984741211,65.01000213623047,65.5,910300,2017-11-06,0,1
2017-11-07,65.41000366210938,65.61000061035156,64.83999633789062,65.12999725341797,1257100,2017-11-07,0,1
2017-11-08,65.18000030517578,65.30999755859375,64.73999786376953,65.04000091552734,894100,2017-11-08,0,1
2017-11-09,64.58999633789062,64.79000091552734,63.790000915527344,64.66000366210938,1010700,2017-11-09,0,1
2017-11-10,64.37000274658203,64.87999725341797,64.19000244140625,64.79000091552734,564000,2017-11-10,0,1
2017-11-13,64.37000274658203,64.69000244140625,64.08999633789062,64.58000183105469,739700,2017-11-13,0,1
2017-11-14,64.33000183105469,64.66000366210938,64.0999984741211,64.27999877929688,412000,2017-11-14,0,1
2017-11-15,64.08000183105469,64.19000244140625,63.41999816894531,63.91999816894531,628600,2017-11-15,0,1
2017-11-16,63.560001373291016,65.2300033569336,63.560001373291016,65.19999694824219,717500,2017-11-16,0,1
2017-11-17,65.29000091552734,65.33999633789062,64.66000366210938,65.12000274658203,737400,2017-11-17,0,1
2017-11-20,65.0,65.8499984741211,64.81999969482422,65.37000274658203,838800,2017-11-20,0,1
2017-11-21,65.5999984741211,65.80000305175781,64.9000015258789,65.02999877929688,682000,2017-11-21,0,1
2017-11-22,65.0,65.41999816894531,64.58999633789062,65.0999984741211,497100,2017-11-22,0,1
2017-11-24,65.33999633789062,65.81999969482422,65.05999755859375,65.7699966430664,158800,2017-11-24,0,1
2017-11-27,65.83000183105469,66.22000122070312,65.44000244140625,65.45999908447266,504800,2017-11-27,0,1
2017-11-28,65.55000305175781,65.97000122070312,65.30000305175781,65.69000244140625,657600,2017-11-28,0,1
2017-11-29,65.0,65.12999725341797,60.810001373291016,62.2599983215332,2182000,2017-11-29,0,1
2017-11-30,62.22999954223633,63.86000061035156,62.040000915527344,63.68000030517578,930900,2017-11-30,0,1
2017-12-01,63.47999954223633,63.72999954223633,61.040000915527344,62.63999938964844,1259800,2017-12-01,0,1
2017-12-04,63.29999923706055,63.29999923706055,60.939998626708984,61.61000061035156,1271200,2017-12-04,0,1
2017-12-05,61.52000045776367,62.22999954223633,61.25,61.529998779296875,1246700,2017-12-05,0,1
2017-12-06,61.33000183105469,61.970001220703125,60.83000183105469,61.52000045776367,1370500,2017-12-06,0,1
2017-12-07,61.66999816894531,62.560001373291016,61.5,62.310001373291016,845800,2017-12-07,0,1
2017-12-08,62.75,62.81999969482422,61.630001068115234,61.70000076293945,604400,2017-12-08,0,1
2017-12-11,61.84000015258789,61.959999084472656,61.349998474121094,61.439998626708984,734000,2017-12-11,0,1
2017-12-12,60.77000045776367,61.15999984741211,60.38999938964844,60.54999923706055,941700,2017-12-12,0,1
2017-12-13,60.7400016784668,61.59000015258789,60.58000183105469,60.79999923706055,724900,2017-12-13,0,1
2017-12-14,60.900001525878906,61.31999969482422,60.11000061035156,60.130001068115234,503200,2017-12-14,0,1
2017-12-15,60.20000076293945,60.7400016784668,60.0,60.459999084472656,1578200,2017-12-15,0,1
2017-12-18,60.93000030517578,61.470001220703125,60.459999084472656,60.56999969482422,749400,2017-12-18,0,1
2017-12-19,60.41999816894531,60.65999984741211,59.79999923706055,59.849998474121094,849400,2017-12-19,0,1
2017-12-20,59.68000030517578,60.0,59.400001525878906,59.459999084472656,609600,2017-12-20,0,1
2017-12-21,59.75,60.20000076293945,59.4900016784668,60.04999923706055,764600,2017-12-21,0,1
2017-12-22,60.0,60.119998931884766,59.65999984741211,60.0,1405600,2017-12-22,0,1
2017-12-26,59.779998779296875,60.22999954223633,59.63999938964844,60.060001373291016,336500,2017-12-26,0,1
2017-12-27,59.88999938964844,60.66999816894531,59.400001525878906,60.34000015258789,1446700,2017-12-27,0,1
2017-12-28,60.52000045776367,61.29999923706055,60.52000045776367,61.2400016784668,795400,2017-12-28,0,1
2017-12-29,61.33000183105469,61.56999969482422,60.720001220703125,60.77000045776367,607000,2017-12-29,0,1
2018-01-02,60.90999984741211,61.5,60.45000076293945,61.15999984741211,1174200,2018-01-02,0,1
2018-01-03,61.29999923706055,62.18000030517578,61.16999816894531,61.939998626708984,832600,2018-01-03,0,1
2018-01-04,62.36000061035156,63.72999954223633,62.36000061035156,63.0,844600,2018-01-04,0,1
2018-01-05,63.31999969482422,63.72999954223633,63.040000915527344,63.650001525878906,657300,2018-01-05,0,1
2018-01-08,63.689998626708984,64.69999694824219,63.20000076293945,64.4000015258789,759700,2018-01-08,0,1
2018-01-09,64.4800033569336,64.69000244140625,63.939998626708984,64.52999877929688,524900,2018-01-09,0,1
2018-01-10,64.33999633789062,64.62000274658203,63.779998779296875,64.56999969482422,426200,2018-01-10,0,1
2018-01-11,64.54000091552734,65.87999725341797,64.08999633789062,65.79000091552734,868300,2018-01-11,0,1
2018-01-12,65.94999694824219,66.75,65.58000183105469,65.93000030517578,815000,2018-01-12,0,1
2018-01-16,66.52999877929688,67.01000213623047,65.04000091552734,65.29000091552734,1203800,2018-01-16,0,1
2018-01-17,65.5999984741211,66.83999633789062,65.02999877929688,66.69999694824219,1698700,2018-01-17,0,1
2018-01-18,72.54000091552734,74.87999725341797,69.87999725341797,69.94999694824219,3930000,2018-01-18,0,1
2018-01-19,70.16000366210938,71.55000305175781,69.51000213623047,71.45999908447266,2175900,2018-01-19,0,1
2018-01-22,71.36000061035156,73.19000244140625,70.75,72.8499984741211,1626600,2018-01-22,0,1
2018-01-23,72.83000183105469,74.73999786376953,72.83000183105469,74.4800033569336,1777400,2018-01-23,0,1
2018-01-24,74.4800033569336,74.83000183105469,72.95999908447266,73.41999816894531,870000,2018-01-24,0,1
2018-01-25,73.94000244140625,74.02999877929688,72.87999725341797,73.18000030517578,983100,2018-01-25,0,1
2018-01-26,73.61000061035156,73.98999786376953,73.0,73.5,834100,2018-01-26,0,1
2018-01-29,73.5,73.70999908447266,72.5,72.66999816894531,514900,2018-01-29,0,1
2018-01-30,72.41000366210938,73.48999786376953,71.8499984741211,72.93000030517578,845500,2018-01-30,0,1
2018-01-31,73.29000091552734,73.30000305175781,72.19000244140625,72.68000030517578,759100,2018-01-31,0,1
2018-02-01,72.04000091552734,72.81999969482422,71.9000015258789,72.19000244140625,828500,2018-02-01,0,1
2018-02-02,71.58999633789062,72.05000305175781,70.62000274658203,70.91999816894531,594100,2018-02-02,0,1
2018-02-05,69.98999786376953,71.55999755859375,68.98999786376953,69.0,931900,2018-02-05,0,1
2018-02-06,67.79000091552734,69.98999786376953,66.30000305175781,69.66000366210938,927800,2018-02-06,0,1
2018-02-07,69.58000183105469,70.62000274658203,69.12999725341797,69.6500015258789,690100,2018-02-07,0,1
2018-02-08,69.6500015258789,69.6500015258789,67.66999816894531,67.69000244140625,1014500,2018-02-08,0,1
2018-02-09,68.41000366210938,69.30999755859375,65.4800033569336,67.4800033569336,1261100,2018-02-09,0,1
2018-02-12,68.16999816894531,68.70999908447266,67.30999755859375,68.44000244140625,797500,2018-02-12,0,1
2018-02-13,68.19000244140625,69.31999969482422,67.29000091552734,69.25,425300,2018-02-13,0,1
2018-02-14,68.58000183105469,71.62000274658203,68.44000244140625,71.44999694824219,825000,2018-02-14,0,1
2018-02-15,72.0,73.61000061035156,71.3499984741211,73.36000061035156,837700,2018-02-15,0,1
2018-02-16,73.30000305175781,73.80000305175781,72.8499984741211,73.27999877929688,615900,2018-02-16,0,1
2018-02-20,72.80999755859375,73.86000061035156,72.75,73.72000122070312,926300,2018-02-20,0,1
2018-02-21,73.9000015258789,74.3499984741211,72.79000091552734,72.80999755859375,508800,2018-02-21,0,1
2018-02-22,72.87999725341797,73.68000030517578,72.58000183105469,73.25,568800,2018-02-22,0,1
2018-02-23,73.55000305175781,74.83999633789062,73.37999725341797,74.81999969482422,452700,2018-02-23,0,1
2018-02-26,75.0,75.75,74.26000213623047,75.27999877929688,502400,2018-02-26,0,1
2018-02-27,75.22000122070312,75.55999755859375,74.66000366210938,74.72000122070312,439600,2018-02-27,0,1
2018-02-28,74.94000244140625,75.56999969482422,73.73999786376953,73.76000213623047,658300,2018-02-28,0,1
2018-03-01,73.95999908447266,74.76000213623047,72.44999694824219,73.88999938964844,997800,2018-03-01,0,1
2018-03-02,73.3499984741211,75.47000122070312,72.91999816894531,75.30000305175781,746300,2018-03-02,0,1
2018-03-05,75.04000091552734,77.48999786376953,74.80000305175781,77.22000122070312,681500,2018-03-05,0,1
2018-03-06,77.36000061035156,78.16000366210938,77.12999725341797,78.06999969482422,1015300,2018-03-06,0,1
2018-03-07,77.80999755859375,79.87000274658203,77.62000274658203,79.62999725341797,1045400,2018-03-07,0,1
2018-03-08,79.75,80.33999633789062,79.06999969482422,80.30000305175781,670600,2018-03-08,0,1
2018-03-09,80.97000122070312,81.72000122070312,80.12999725341797,80.72000122070312,1018800,2018-03-09,0,1
2018-03-12,80.79000091552734,81.48999786376953,80.22000122070312,80.4000015258789,933600,2018-03-12,0,1
2018-03-13,80.66000366210938,80.81999969482422,78.58000183105469,79.4800033569336,843100,2018-03-13,0,1
2018-03-14,80.16999816894531,80.3499984741211,79.16999816894531,79.69000244140625,600000,2018-03-14,0,1
2018-03-15,79.80999755859375,80.22000122070312,79.30000305175781,80.16999816894531,529200,2018-03-15,0,1
2018-03-16,80.33999633789062,80.5999984741211,79.5199966430664,80.37999725341797,969400,2018-03-16,0,1
2018-03-19,79.61000061035156,80.27999877929688,78.19999694824219,79.20999908447266,700300,2018-03-19,0,1
2018-03-20,79.1500015258789,80.2300033569336,78.31999969482422,79.63999938964844,604600,2018-03-20,0,1
2018-03-21,79.52999877929688,80.63999938964844,79.4000015258789,80.0999984741211,667300,2018-03-21,0,1
2018-03-22,79.0,80.30000305175781,78.13999938964844,78.91999816894531,1020600,2018-03-22,0,1
2018-03-23,78.8499984741211,79.63999938964844,77.54000091552734,77.55999755859375,813400,2018-03-23,0,1
2018-03-26,78.73999786376953,79.91000366210938,77.95999908447266,79.8499984741211,797100,2018-03-26,0,1
2018-03-27,80.16000366210938,81.31999969482422,78.5199966430664,78.79000091552734,1464800,2018-03-27,0,1
2018-03-28,78.62999725341797,78.70999908447266,76.47000122070312,77.04000091552734,1492600,2018-03-28,0,1
2018-03-29,77.61000061035156,78.94999694824219,76.4000015258789,78.01000213623047,1131700,2018-03-29,0,1
2018-04-02,77.62000274658203,78.19999694824219,76.0,76.70999908447266,1037700,2018-04-02,0,1
2018-04-03,77.1500015258789,78.41000366210938,76.16000366210938,77.55000305175781,1655100,2018-04-03,0,1
2018-04-04,76.27999877929688,78.36000061035156,74.7699966430664,77.94000244140625,1905100,2018-04-04,0,1
2018-04-05,78.69000244140625,79.86000061035156,77.87999725341797,78.73999786376953,1728500,2018-04-05,0,1
2018-04-06,77.9000015258789,78.37000274658203,75.44999694824219,76.94000244140625,1069400,2018-04-06,0,1
2018-04-09,77.44000244140625,78.63999938964844,77.2699966430664,77.91999816894531,641300,2018-04-09,0,1
2018-04-10,78.9800033569336,80.33999633789062,78.23999786376953,79.91999816894531,684900,2018-04-10,0,1
2018-04-11,79.22000122070312,80.45999908447266,79.02999877929688,79.63999938964844,725100,2018-04-11,0,1
2018-04-12,80.0,81.91999816894531,79.87000274658203,81.41000366210938,831900,2018-04-12,0,1
2018-04-13,81.81999969482422,81.97000122070312,79.44000244140625,80.44999694824219,778000,2018-04-13,0,1
2018-04-16,81.2699966430664,81.81999969482422,80.66000366210938,81.43000030517578,740200,2018-04-16,0,1
2018-04-17,81.86000061035156,83.47000122070312,81.69999694824219,83.12000274658203,854000,2018-04-17,0,1
2018-04-18,83.12000274658203,83.80999755859375,81.86000061035156,83.55999755859375,1586000,2018-04-18,0,1
2018-04-19,82.01000213623047,86.48999786376953,81.33000183105469,84.91999816894531,2920000,2018-04-19,0,1
2018-04-20,84.75,84.91000366210938,83.62000274658203,84.05000305175781,1128200,2018-04-20,0,1
2018-04-23,84.56999969482422,85.72000122070312,83.69000244140625,84.95999908447266,1160200,2018-04-23,0,1
2018-04-24,85.58000183105469,86.18000030517578,82.48999786376953,83.19999694824219,1143900,2018-04-24,0,1
2018-04-25,82.91999816894531,83.19999694824219,80.8499984741211,82.1500015258789,1059600,2018-04-25,0,1
2018-04-26,82.66999816894531,83.63999938964844,82.12000274658203,82.7300033569336,908600,2018-04-26,0,1
2018-04-27,83.19999694824219,83.70999908447266,82.29000091552734,83.02999877929688,743400,2018-04-27,0,1
2018-04-30,83.01000213623047,83.86000061035156,82.05000305175781,82.3499984741211,853600,2018-04-30,0,1
2018-05-01,82.43000030517578,83.23999786376953,81.6500015258789,82.83000183105469,1079900,2018-05-01,0,1
2018-05-02,82.98999786376953,84.27999877929688,82.63999938964844,83.51000213623047,890600,2018-05-02,0,1
2018-05-03,83.52999877929688,84.54000091552734,82.41000366210938,83.86000061035156,866400,2018-05-03,0,1
2018-05-04,83.48999786376953,85.7699966430664,83.37999725341797,85.08000183105469,676600,2018-05-04,0,1
2018-05-07,85.31999969482422,86.80000305175781,85.31999969482422,86.51000213623047,526900,2018-05-07,0,1
2018-05-08,86.19999694824219,86.91000366210938,86.19999694824219,86.79000091552734,558400,2018-05-08,0,1
2018-05-09,87.13999938964844,87.6500015258789,86.44000244140625,87.18000030517578,858700,2018-05-09,0,1
2018-05-10,87.56999969482422,88.08999633789062,87.04000091552734,87.62000274658203,1353000,2018-05-10,0,1
2018-05-11,87.41000366210938,88.5199966430664,87.11000061035156,88.05000305175781,638200,2018-05-11,0,1
2018-05-14,88.11000061035156,88.70999908447266,86.18000030517578,86.3499984741211,687700,2018-05-14,0,1
2018-05-15,85.73999786376953,86.33999633789062,84.38999938964844,84.6500015258789,1289500,2018-05-15,0,1
2018-05-16,84.48999786376953,84.72000122070312,84.0,84.4000015258789,1093300,2018-05-16,0,1
2018-05-17,84.33000183105469,84.83000183105469,83.37999725341797,84.18000030517578,1073900,2018-05-17,0,1
2018-05-18,84.19000244140625,84.63999938964844,83.91999816894531,84.1500015258789,968200,2018-05-18,0,1
2018-05-21,84.55000305175781,85.18000030517578,84.08000183105469,84.79000091552734,738000,2018-05-21,0,1
2018-05-22,84.86000061035156,85.22000122070312,84.44000244140625,84.79000091552734,762700,2018-05-22,0,1
2018-05-23,83.22000122070312,85.4000015258789,83.22000122070312,85.36000061035156,804600,2018-05-23,0,1
2018-05-24,85.33999633789062,86.11000061035156,84.69999694824219,85.83999633789062,759500,2018-05-24,0,1
2018-05-25,85.83999633789062,86.25,85.26000213623047,85.66999816894531,655700,2018-05-25,0,1
2018-05-29,85.12999725341797,85.72000122070312,84.36000061035156,84.97000122070312,775800,2018-05-29,0,1
2018-05-30,85.55999755859375,86.25,85.12999725341797,86.01000213623047,1021100,2018-05-30,0,1
2018-05-31,85.95999908447266,86.81999969482422,85.77999877929688,86.23999786376953,712400,2018-05-31,0,1
2018-06-01,86.52999877929688,87.41999816894531,86.12999725341797,87.05000305175781,827600,2018-06-01,0,1
2018-06-04,87.41999816894531,88.45999908447266,87.08999633789062,88.16000366210938,856700,2018-06-04,0,1
2018-06-05,88.4000015258789,89.06999969482422,87.94999694824219,88.29000091552734,805000,2018-06-05,0,1
2018-06-06,88.45999908447266,89.29000091552734,87.77999877929688,89.23999786376953,947800,2018-06-06,0,1
2018-06-07,89.44000244140625,89.44999694824219,85.20999908447266,86.45999908447266,1076400,2018-06-07,0,1
2018-06-08,86.41999816894531,87.08000183105469,86.0,86.98999786376953,1094600,2018-06-08,0,1
2018-06-11,93.12000274658203,95.87999725341797,91.38999938964844,91.8499984741211,2304300,2018-06-11,0,1
2018-06-12,91.87999725341797,94.36000061035156,91.87999725341797,93.5199966430664,1148900,2018-06-12,0,1
2018-06-13,93.51000213623047,95.0199966430664,93.31999969482422,94.47000122070312,927800,2018-06-13,0,1
2018-06-14,95.12000274658203,95.75,94.93000030517578,95.33000183105469,530600,2018-06-14,0,1
2018-06-15,94.62999725341797,95.75,93.56999969482422,94.88999938964844,1326100,2018-06-15,0,1
2018-06-18,94.55999755859375,99.0999984741211,94.0,97.80000305175781,2257200,2018-06-18,0,1
2018-06-19,97.12999725341797,98.19000244140625,96.20999908447266,97.80000305175781,1385800,2018-06-19,0,1
2018-06-20,98.72000122070312,100.79000091552734,97.98999786376953,99.98999786376953,1191800,2018-06-20,0,1
2018-06-21,99.93000030517578,100.08999633789062,98.5199966430664,99.22000122070312,966000,2018-06-21,0,1
2018-06-22,99.25,99.7300033569336,96.7300033569336,96.83000183105469,1154800,2018-06-22,0,1
2018-06-25,96.08000183105469,96.30000305175781,92.08999633789062,92.7300033569336,1211300,2018-06-25,0,1
2018-06-26,93.16999816894531,94.08999633789062,92.56999969482422,93.38999938964844,1080500,2018-06-26,0,1
2018-06-27,93.62000274658203,94.3499984741211,91.16000366210938,91.20999908447266,735400,2018-06-27,0,1
2018-06-28,90.80000305175781,93.83000183105469,90.80000305175781,93.54000091552734,855600,2018-06-28,0,1
2018-06-29,93.6500015258789,94.55999755859375,93.43000030517578,93.80999755859375,900500,2018-06-29,0,1
2018-07-02,93.94999694824219,94.06999969482422,92.41000366210938,93.9000015258789,621600,2018-07-02,0,1
2018-07-03,94.4000015258789,94.91999816894531,93.5199966430664,94.02999877929688,366400,2018-07-03,0,1
2018-07-05,94.79000091552734,94.86000061035156,93.75,94.75,852200,2018-07-05,0,1
2018-07-06,94.9800033569336,96.54000091552734,94.75,96.20999908447266,420300,2018-07-06,0,1
2018-07-09,96.27999877929688,97.36000061035156,95.63999938964844,97.06999969482422,806400,2018-07-09,0,1
2018-07-10,97.55999755859375,98.73999786376953,96.43000030517578,97.01000213623047,841500,2018-07-10,0,1
2018-07-11,95.98999786376953,97.72000122070312,95.79000091552734,97.05000305175781,737500,2018-07-11,0,1
2018-07-12,98.18000030517578,99.80000305175781,97.1500015258789,99.61000061035156,954800,2018-07-12,0,1
2018-07-13,99.69999694824219,99.87000274658203,98.19999694824219,98.83999633789062,477500,2018-07-13,0,1
2018-07-16,98.7699966430664,99.19000244140625,97.66999816894531,98.1500015258789,600600,2018-07-16,0,1
2018-07-17,97.77999877929688,99.4800033569336,97.22000122070312,98.9000015258789,762100,2018-07-17,0,1
2018-07-18,98.87999725341797,99.20999908447266,98.08000183105469,98.51000213623047,1131100,2018-07-18,0,1
2018-07-19,95.5999984741211,99.5999984741211,95.0,97.02999877929688,1801700,2018-07-19,0,1
2018-07-20,97.29000091552734,98.05999755859375,96.33999633789062,96.54000091552734,1144200,2018-07-20,0,1
2018-07-23,96.02999877929688,97.36000061035156,95.30999755859375,97.13999938964844,1155400,2018-07-23,0,1
2018-07-24,97.7699966430664,98.30999755859375,95.0,95.79000091552734,1178800,2018-07-24,0,1
2018-07-25,95.98999786376953,99.56999969482422,95.79000091552734,99.2699966430664,1173100,2018-07-25,0,1
2018-07-26,98.48999786376953,99.86000061035156,97.94999694824219,98.83000183105469,930700,2018-07-26,0,1
2018-07-27,99.30000305175781,99.72000122070312,93.9800033569336,95.08999633789062,1063400,2018-07-27,0,1
2018-07-30,94.9800033569336,95.33999633789062,90.45999908447266,91.37000274658203,1481100,2018-07-30,0,1
2018-07-31,91.56999969482422,93.37999725341797,90.6500015258789,91.91000366210938,1257200,2018-07-31,0,1
2018-08-01,92.05999755859375,93.91999816894531,92.05999755859375,92.5199966430664,1340700,2018-08-01,0,1
2018-08-02,91.70999908447266,93.54000091552734,91.5,93.19999694824219,747500,2018-08-02,0,1
2018-08-03,93.25,93.2699966430664,91.88999938964844,92.5,639800,2018-08-03,0,1
2018-08-06,92.33999633789062,93.36000061035156,92.29000091552734,92.77999877929688,943500,2018-08-06,0,1
2018-08-07,93.30000305175781,93.98999786376953,92.6500015258789,93.0199966430664,779500,2018-08-07,0,1
2018-08-08,93.33999633789062,93.9800033569336,92.9800033569336,93.43000030517578,668500,2018-08-08,0,1
2018-08-09,93.26000213623047,94.72000122070312,93.23999786376953,93.69999694824219,809300,2018-08-09,0,1
2018-08-10,93.43000030517578,95.06999969482422,93.0999984741211,94.30000305175781,718400,2018-08-10,0,1
2018-08-13,94.27999877929688,95.44999694824219,92.81999969482422,92.97000122070312,758300,2018-08-13,0,1
2018-08-14,93.37999725341797,94.86000061035156,93.2300033569336,94.45999908447266,681000,2018-08-14,0,1
2018-08-15,94.05999755859375,94.80000305175781,91.08000183105469,92.0999984741211,825300,2018-08-15,0,1
2018-08-16,92.58000183105469,92.8499984741211,90.91000366210938,91.91000366210938,813200,2018-08-16,0,1
2018-08-17,91.91999816894531,92.63999938964844,91.05999755859375,92.30999755859375,677100,2018-08-17,0,1
2018-08-20,92.27999877929688,92.36000061035156,91.5,92.06999969482422,666600,2018-08-20,0,1
2018-08-21,92.20999908447266,94.43000030517578,92.20999908447266,93.98999786376953,701200,2018-08-21,0,1
2018-08-22,93.6500015258789,95.5,93.6500015258789,95.16000366210938,569300,2018-08-22,0,1
2018-08-23,94.9800033569336,96.88999938964844,94.9800033569336,95.6500015258789,826500,2018-08-23,0,1
2018-08-24,96.4800033569336,97.68000030517578,96.30999755859375,97.19999694824219,707200,2018-08-24,0,1
2018-08-27,97.80999755859375,98.7699966430664,97.25,97.75,868200,2018-08-27,0,1
2018-08-28,98.05999755859375,98.55000305175781,97.38999938964844,97.62000274658203,639500,2018-08-28,0,1
2018-08-29,97.94999694824219,98.7300033569336,97.7699966430664,98.62999725341797,682500,2018-08-29,0,1
2018-08-30,98.16000366210938,99.12000274658203,98.08999633789062,98.69999694824219,975400,2018-08-30,0,1
2018-08-31,98.5,99.97000122070312,98.30999755859375,99.94000244140625,560700,2018-08-31,0,1
2018-09-04,99.66999816894531,101.12000274658203,99.0,100.77999877929688,820300,2018-09-04,0,1
2018-09-05,100.51000213623047,100.62000274658203,96.48999786376953,96.7699966430664,856900,2018-09-05,0,1
2018-09-06,96.66999816894531,98.31999969482422,96.20999908447266,98.08999633789062,658200,2018-09-06,0,1
2018-09-07,97.38999938964844,99.62000274658203,96.94999694824219,98.9000015258789,1668500,2018-09-07,0,1
2018-09-10,99.30000305175781,100.44000244140625,98.86000061035156,100.33000183105469,1293300,2018-09-10,0,1
2018-09-11,100.18000030517578,102.91999816894531,99.94999694824219,102.87000274658203,1112100,2018-09-11,0,1
2018-09-12,102.5,105.25,102.4800033569336,104.88999938964844,1820900,2018-09-12,0,1
2018-09-13,105.0999984741211,106.44999694824219,104.70999908447266,105.77999877929688,1039200,2018-09-13,0,1
2018-09-14,106.27999877929688,107.30999755859375,104.88999938964844,105.66999816894531,1125600,2018-09-14,0,1
2018-09-17,105.5,105.5,101.1500015258789,101.29000091552734,1184900,2018-09-17,0,1
2018-09-18,101.30000305175781,104.31999969482422,101.19999694824219,103.68000030517578,1349800,2018-09-18,0,1
2018-09-19,103.7699966430664,103.88999938964844,101.66000366210938,102.30999755859375,841200,2018-09-19,0,1
2018-09-20,102.5,104.0999984741211,101.88999938964844,103.05999755859375,1010500,2018-09-20,0,1
2018-09-21,103.66000366210938,104.91999816894531,103.02999877929688,103.05999755859375,3253900,2018-09-21,0,1
2018-09-24,102.45999908447266,103.83999633789062,101.61000061035156,103.44999694824219,1000500,2018-09-24,0,1
2018-09-25,103.97000122070312,105.44999694824219,103.61000061035156,104.97000122070312,1022100,2018-09-25,0,1
2018-09-26,105.4000015258789,105.88999938964844,104.2300033569336,105.16999816894531,665600,2018-09-26,0,1
2018-09-27,105.33999633789062,106.5999984741211,105.2699966430664,106.13999938964844,666500,2018-09-27,0,1
2018-09-28,105.91999816894531,107.38999938964844,105.91999816894531,106.19000244140625,631200,2018-09-28,0,1
2018-10-01,106.9800033569336,107.44000244140625,105.5,105.87000274658203,961000,2018-10-01,0,1
2018-10-02,105.91999816894531,105.98999786376953,103.4800033569336,103.94999694824219,784200,2018-10-02,0,1
2018-10-03,104.66999816894531,104.69000244140625,103.16999816894531,104.0,795400,2018-10-03,0,1
2018-10-04,103.38999938964844,104.05000305175781,100.0199966430664,101.0,1273700,2018-10-04,0,1
2018-10-05,101.01000213623047,102.4800033569336,98.66000366210938,100.3499984741211,1051900,2018-10-05,0,1
2018-10-08,99.80000305175781,100.66000366210938,97.30000305175781,98.52999877929688,1364500,2018-10-08,0,1
2018-10-09,98.18000030517578,100.68000030517578,97.77999877929688,99.25,933500,2018-10-09,0,1
2018-10-10,98.58000183105469,98.83999633789062,91.19000244140625,91.25,2782000,2018-10-10,0,1
2018-10-11,90.79000091552734,92.88999938964844,90.48999786376953,90.83000183105469,1777000,2018-10-11,0,1
2018-10-12,92.9800033569336,95.01000213623047,92.7300033569336,94.76000213623047,1274800,2018-10-12,0,1
2018-10-15,94.86000061035156,96.04000091552734,91.48999786376953,94.62999725341797,1412200,2018-10-15,0,1
2018-10-16,95.79000091552734,99.2699966430664,95.62999725341797,98.97000122070312,1195700,2018-10-16,0,1
2018-10-17,98.88999938964844,98.88999938964844,96.44000244140625,97.55999755859375,1104600,2018-10-17,0,1
2018-10-18,96.80000305175781,97.62000274658203,93.5199966430664,94.52999877929688,1553100,2018-10-18,0,1
2018-10-19,95.58000183105469,96.08000183105469,91.97000122070312,92.31999969482422,1218900,2018-10-19,0,1
2018-10-22,92.62999725341797,93.72000122070312,91.36000061035156,92.38999938964844,1773000,2018-10-22,0,1
2018-10-23,90.86000061035156,92.33999633789062,88.54000091552734,90.76000213623047,1925700,2018-10-23,0,1
2018-10-24,89.91999816894531,91.19999694824219,84.29000091552734,84.5999984741211,3054900,2018-10-24,0,1
2018-10-25,78.75,84.77999877929688,77.75,83.05999755859375,3939100,2018-10-25,0,1
2018-10-26,80.55000305175781,82.05999755859375,79.1500015258789,79.9800033569336,2787400,2018-10-26,0,1
2018-10-29,81.25,82.97000122070312,77.48999786376953,79.05000305175781,1961000,2018-10-29,0,1
2018-10-30,78.80000305175781,80.29000091552734,77.33000183105469,78.94000244140625,1625500,2018-10-30,0,1
2018-10-31,80.06999969482422,84.04000091552734,79.33000183105469,82.41000366210938,1370600,2018-10-31,0,1
2018-11-01,82.56999969482422,86.83999633789062,82.33999633789062,86.55000305175781,1986900,2018-11-01,0,1
2018-11-02,86.54000091552734,88.76000213623047,86.27999877929688,86.55999755859375,1745200,2018-11-02,0,1
2018-11-05,86.5999984741211,86.7699966430664,83.47000122070312,84.22000122070312,1269400,2018-11-05,0,1
2018-11-06,83.93000030517578,85.83000183105469,83.25,84.13999938964844,951500,2018-11-06,0,1
2018-11-07,85.16000366210938,88.30999755859375,85.16000366210938,87.9800033569336,796200,2018-11-07,0,1
2018-11-08,87.94000244140625,89.25,86.93000030517578,87.41000366210938,775000,2018-11-08,0,1
2018-11-09,86.7699966430664,87.16999816894531,83.9000015258789,85.01000213623047,947700,2018-11-09,0,1
2018-11-12,84.51000213623047,85.06999969482422,81.87999725341797,84.11000061035156,1163200,2018-11-12,0,1
2018-11-13,84.75,86.44999694824219,83.01000213623047,85.20999908447266,951600,2018-11-13,0,1
2018-11-14,86.70999908447266,88.20999908447266,84.44999694824219,85.16999816894531,1610100,2018-11-14,0,1
2018-11-15,84.72000122070312,89.66999816894531,84.72000122070312,89.4000015258789,1546500,2018-11-15,0,1
2018-11-16,88.08000183105469,89.44999694824219,87.01000213623047,87.0999984741211,1397200,2018-11-16,0,1
2018-11-19,86.51000213623047,87.41000366210938,81.91999816894531,82.66000366210938,1698000,2018-11-19,0,1
2018-11-20,79.9000015258789,83.19000244140625,78.4800033569336,81.3499984741211,1868300,2018-11-20,0,1
2018-11-21,83.41999816894531,85.4800033569336,81.5999984741211,84.72000122070312,1417700,2018-11-21,0,1
2018-11-23,83.41000366210938,85.76000213623047,83.05999755859375,83.91999816894531,381100,2018-11-23,0,1
2018-11-26,85.41999816894531,85.58000183105469,84.16999816894531,84.81999969482422,1328600,2018-11-26,0,1
2018-11-27,84.13999938964844,85.2300033569336,83.33000183105469,84.9000015258789,994000,2018-11-27,0,1
2018-11-28,85.4800033569336,88.91999816894531,84.33000183105469,88.91999816894531,1556900,2018-11-28,0,1
2018-11-29,89.08000183105469,89.44999694824219,87.4000015258789,87.52999877929688,1570100,2018-11-29,0,1
2018-11-30,87.93000030517578,89.05000305175781,86.48999786376953,86.48999786376953,6955500,2018-11-30,0,1
2018-12-03,88.80999755859375,91.27999877929688,86.91000366210938,90.3499984741211,2553700,2018-12-03,0,1
2018-12-04,89.41999816894531,89.9800033569336,85.88999938964844,87.37000274658203,1642900,2018-12-04,0,1
2018-12-06,85.0199966430664,87.58000183105469,84.20999908447266,87.5199966430664,1281000,2018-12-06,0,1
2018-12-07,86.98999786376953,87.76000213623047,82.98999786376953,83.77999877929688,830200,2018-12-07,0,1
2018-12-10,83.68000030517578,86.1500015258789,83.0199966430664,85.31999969482422,866400,2018-12-10,0,1
2018-12-11,87.16000366210938,87.6500015258789,84.87999725341797,85.68000030517578,995200,2018-12-11,0,1
2018-12-12,87.30000305175781,88.55000305175781,86.5999984741211,86.94999694824219,2041000,2018-12-12,0,1
2018-12-13,88.0999984741211,88.44999694824219,86.26000213623047,86.77999877929688,908800,2018-12-13,0,1
2018-12-14,85.19999694824219,87.0199966430664,84.5,85.0199966430664,918700,2018-12-14,0,1
2018-12-17,84.79000091552734,85.13999938964844,81.43000030517578,82.33999633789062,1086000,2018-12-17,0,1
2018-12-18,83.61000061035156,84.16999816894531,82.83000183105469,83.52999877929688,996400,2018-12-18,0,1
2018-12-19,83.88999938964844,85.86000061035156,82.37999725341797,83.9000015258789,935900,2018-12-19,0,1
2018-12-20,83.25,84.7300033569336,80.2699966430664,81.55000305175781,1188000,2018-12-20,0,1
2018-12-21,82.29000091552734,82.33000183105469,78.54000091552734,78.9800033569336,2178600,2018-12-21,0,1
2018-12-24,77.83000183105469,79.13999938964844,76.66999816894531,76.70999908447266,652600,2018-12-24,0,1
2018-12-26,77.75,81.36000061035156,77.08999633789062,81.19000244140625,932000,2018-12-26,0,1
2018-12-27,79.70999908447266,83.0199966430664,79.41999816894531,82.8499984741211,956500,2018-12-27,0,1
2018-12-28,83.7699966430664,84.29000091552734,81.43000030517578,82.33999633789062,934000,2018-12-28,0,1
2018-12-31,83.27999877929688,83.75,82.16000366210938,82.9000015258789,1177100,2018-12-31,0,1
2019-01-02,80.87999725341797,82.3499984741211,80.8499984741211,81.91999816894531,1134300,2019-01-02,0,1
2019-01-03,80.77999877929688,81.47000122070312,77.93000030517578,78.16000366210938,1451300,2019-01-03,0,1
2019-01-04,79.93000030517578,82.08999633789062,78.73999786376953,81.58999633789062,1348100,2019-01-04,0,1
2019-01-07,81.98999786376953,83.29000091552734,81.61000061035156,82.51000213623047,951000,2019-01-07,0,1
2019-01-08,83.91999816894531,84.88999938964844,82.87999725341797,84.0999984741211,1191600,2019-01-08,0,1
2019-01-09,84.66999816894531,86.37000274658203,84.01000213623047,85.70999908447266,715700,2019-01-09,0,1
2019-01-10,84.97000122070312,86.80999755859375,84.9000015258789,86.66999816894531,705900,2019-01-10,0,1
2019-01-11,86.26000213623047,86.98999786376953,85.06999969482422,86.41000366210938,449400,2019-01-11,0,1
2019-01-14,85.37000274658203,85.81999969482422,84.41000366210938,85.0,844600,2019-01-14,0,1
2019-01-15,85.58000183105469,87.11000061035156,85.0199966430664,86.33999633789062,665600,2019-01-15,0,1
2019-01-16,86.81999969482422,87.97000122070312,86.62000274658203,87.41999816894531,574700,2019-01-16,0,1
2019-01-17,86.68000030517578,88.63999938964844,86.68000030517578,87.55000305175781,901000,2019-01-17,0,1
2019-01-18,88.25,89.33000183105469,87.6500015258789,87.68000030517578,1580100,2019-01-18,0,1
2019-01-22,87.0,87.97000122070312,85.7699966430664,85.80999755859375,1446900,2019-01-22,0,1
2019-01-23,86.2699966430664,87.16000366210938,84.22000122070312,84.63999938964844,2422200,2019-01-23,0,1
2019-01-24,79.30999755859375,80.44000244140625,77.26000213623047,79.75,5404600,2019-01-24,0,1
2019-01-25,80.43000030517578,83.36000061035156,79.9000015258789,81.44999694824219,2264700,2019-01-25,0,1
2019-01-28,80.44000244140625,81.79000091552734,80.05000305175781,81.43000030517578,1421800,2019-01-28,0,1
2019-01-29,81.33000183105469,82.62999725341797,80.56999969482422,82.22000122070312,1621200,2019-01-29,0,1
2019-01-30,82.58999633789062,85.33999633789062,82.26000213623047,85.2300033569336,1840800,2019-01-30,0,1
2019-01-31,85.2300033569336,85.56999969482422,84.12000274658203,84.79000091552734,1404200,2019-01-31,0,1
2019-02-01,84.66999816894531,85.7699966430664,84.23999786376953,84.80000305175781,1019000,2019-02-01,0,1
2019-02-04,84.79000091552734,86.9800033569336,84.79000091552734,86.66999816894531,1217900,2019-02-04,0,1
2019-02-05,89.47000122070312,91.47000122070312,86.5,87.72000122070312,1449900,2019-02-05,0,1
2019-02-06,87.58000183105469,87.87999725341797,85.9800033569336,86.88999938964844,875000,2019-02-06,0,1
2019-02-07,86.04000091552734,86.75,85.18000030517578,86.45999908447266,779400,2019-02-07,0,1
2019-02-08,85.52999877929688,87.30999755859375,85.44000244140625,87.26000213623047,950300,2019-02-08,0,1
2019-02-11,87.83999633789062,88.44999694824219,87.02999877929688,87.80999755859375,1109500,2019-02-11,0,1
2019-02-12,88.54000091552734,89.30000305175781,87.51000213623047,89.0,1088800,2019-02-12,0,1
2019-02-13,89.66000366210938,90.69999694824219,89.25,90.3499984741211,1262400,2019-02-13,0,1
2019-02-14,89.9800033569336,91.2699966430664,89.75,90.98999786376953,1907100,2019-02-14,0,1
2019-02-15,91.18000030517578,92.0,90.75,91.93000030517578,1340100,2019-02-15,0,1
2019-02-19,91.27999877929688,93.30000305175781,90.98999786376953,92.62000274658203,1443300,2019-02-19,0,1
2019-02-20,92.58000183105469,93.04000091552734,90.91999816894531,91.83000183105469,981900,2019-02-20,0,1
2019-02-21,91.80000305175781,92.33000183105469,90.73999786376953,91.69999694824219,825100,2019-02-21,0,1
2019-02-22,92.23999786376953,93.0,92.0,92.9800033569336,679000,2019-02-22,0,1
2019-02-25,93.66999816894531,94.47000122070312,92.9800033569336,93.19999694824219,819700,2019-02-25,0,1
2019-02-26,93.04000091552734,93.44999694824219,92.31999969482422,93.0999984741211,715400,2019-02-26,0,1
2019-02-27,92.75,93.79000091552734,92.37999725341797,93.52999877929688,666000,2019-02-27,0,1
2019-02-28,93.55999755859375,93.93000030517578,92.7300033569336,92.81999969482422,746900,2019-02-28,0,1
2019-03-01,93.7300033569336,94.0199966430664,92.61000061035156,93.62000274658203,1182300,2019-03-01,0,1
2019-03-04,94.0,94.08000183105469,90.47000122070312,91.2699966430664,1317400,2019-03-04,0,1
2019-03-05,91.37999725341797,92.0,90.58999633789062,90.61000061035156,1124800,2019-03-05,0,1
2019-03-06,90.5,91.30000305175781,89.68000030517578,89.95999908447266,842600,2019-03-06,0,1
2019-03-07,89.83000183105469,90.44999694824219,88.9800033569336,89.63999938964844,885300,2019-03-07,0,1
2019-03-08,88.44999694824219,88.7699966430664,87.8499984741211,88.45999908447266,1006100,2019-03-08,0,1
2019-03-11,89.0,90.7300033569336,88.16999816894531,90.41999816894531,790300,2019-03-11,0,1
2019-03-12,90.52999877929688,90.7699966430664,89.77999877929688,90.19999694824219,1229200,2019-03-12,0,1
2019-03-13,90.70999908447266,92.29000091552734,90.44999694824219,91.26000213623047,949400,2019-03-13,0,1
2019-03-14,91.0199966430664,91.98999786376953,90.77999877929688,91.66000366210938,1299500,2019-03-14,0,1
2019-03-15,91.55999755859375,92.0999984741211,90.93000030517578,91.19999694824219,1082700,2019-03-15,0,1
2019-03-18,91.47000122070312,92.06999969482422,90.94999694824219,91.83000183105469,996100,2019-03-18,0,1
2019-03-19,92.41000366210938,92.81999969482422,91.3499984741211,92.5999984741211,780800,2019-03-19,0,1
2019-03-20,92.44000244140625,93.88999938964844,91.94999694824219,92.9800033569336,761500,2019-03-20,0,1
2019-03-21,92.56999969482422,94.98999786376953,92.44000244140625,94.95999908447266,735400,2019-03-21,0,1
2019-03-22,94.26000213623047,94.93000030517578,92.69000244140625,93.12000274658203,1847000,2019-03-22,0,1
2019-03-25,92.7300033569336,93.43000030517578,91.8499984741211,92.01000213623047,1130400,2019-03-25,0,1
2019-03-26,92.80000305175781,93.72000122070312,92.01000213623047,92.72000122070312,816200,2019-03-26,0,1
2019-03-27,92.83999633789062,92.83999633789062,89.27999877929688,90.04000091552734,1411400,2019-03-27,0,1
2019-03-28,90.4000015258789,91.1500015258789,89.45999908447266,90.37999725341797,712400,2019-03-28,0,1
2019-03-29,91.2699966430664,92.38999938964844,90.9800033569336,92.18000030517578,867200,2019-03-29,0,1
2019-04-01,93.19999694824219,94.9800033569336,92.69999694824219,94.95999908447266,930300,2019-04-01,0,1
2019-04-02,94.97000122070312,95.62999725341797,94.37000274658203,95.01000213623047,978300,2019-04-02,0,1
2019-04-03,95.33000183105469,96.02999877929688,94.83000183105469,95.20999908447266,951400,2019-04-03,0,1
2019-04-04,95.4000015258789,95.4800033569336,92.38999938964844,93.69000244140625,837700,2019-04-04,0,1
2019-04-05,93.86000061035156,94.4800033569336,93.62999725341797,94.16000366210938,732900,2019-04-05,0,1
2019-04-08,94.29000091552734,94.38999938964844,92.87000274658203,94.2699966430664,1049300,2019-04-08,0,1
2019-04-09,93.75,94.8499984741211,93.75,94.0999984741211,1119500,2019-04-09,0,1
2019-04-10,94.43000030517578,95.87999725341797,94.22000122070312,95.18000030517578,1040400,2019-04-10,0,1
2019-04-11,95.56999969482422,97.16000366210938,95.44000244140625,97.06999969482422,837200,2019-04-11,0,1
2019-04-12,98.16000366210938,99.61000061035156,97.68000030517578,98.58999633789062,1193300,2019-04-12,0,1
2019-04-15,98.47000122070312,99.26000213623047,97.8499984741211,97.98999786376953,703500,2019-04-15,0,1
2019-04-16,98.47000122070312,98.47000122070312,96.91000366210938,97.33000183105469,845200,2019-04-16,0,1
2019-04-17,98.11000061035156,98.11000061035156,95.86000061035156,96.2300033569336,725500,2019-04-17,0,1
2019-04-18,96.5199966430664,97.66000366210938,95.63999938964844,97.5999984741211,1043400,2019-04-18,0,1
2019-04-22,97.19000244140625,99.73999786376953,97.19000244140625,99.4800033569336,1190300,2019-04-22,0,1
2019-04-23,99.91000366210938,101.54000091552734,99.38999938964844,100.81999969482422,1196900,2019-04-23,0,1
2019-04-24,100.55999755859375,102.47000122070312,100.22000122070312,101.88999938964844,1533300,2019-04-24,0,1
2019-04-25,92.0,93.04000091552734,89.7699966430664,90.83000183105469,6236100,2019-04-25,0,1
2019-04-26,91.0,92.44000244140625,90.72000122070312,92.18000030517578,1569500,2019-04-26,0,1
2019-04-29,92.18000030517578,93.23999786376953,90.55000305175781,90.98999786376953,1381200,2019-04-29,0,1
2019-04-30,90.69999694824219,91.54000091552734,89.86000061035156,90.47000122070312,1081800,2019-04-30,0,1
2019-05-01,90.73999786376953,90.73999786376953,87.63999938964844,87.93000030517578,2508400,2019-05-01,0,1
2019-05-02,87.91000366210938,88.37999725341797,86.72000122070312,87.87000274658203,1628800,2019-05-02,0,1
2019-05-03,88.44999694824219,89.23999786376953,88.05000305175781,88.41999816894531,1014500,2019-05-03,0,1
2019-05-06,86.19999694824219,88.6500015258789,85.94000244140625,88.29000091552734,750500,2019-05-06,0,1
2019-05-07,87.08000183105469,87.5999984741211,85.19000244140625,86.37000274658203,1265800,2019-05-07,0,1
2019-05-08,86.06999969482422,87.58000183105469,86.06999969482422,86.4800033569336,892100,2019-05-08,0,1
2019-05-09,85.25,86.9000015258789,84.11000061035156,86.33000183105469,1514600,2019-05-09,0,1
2019-05-10,86.12000274658203,87.91000366210938,84.94999694824219,87.55999755859375,1283100,2019-05-10,0,1
2019-05-13,85.25,86.12999725341797,83.5999984741211,83.93000030517578,806100,2019-05-13,0,1
2019-05-14,84.62000274658203,86.12000274658203,84.3499984741211,85.45999908447266,502600,2019-05-14,0,1
2019-05-15,84.68000030517578,87.52999877929688,84.05000305175781,87.06999969482422,768500,2019-05-15,0,1
2019-05-16,87.23999786376953,90.23999786376953,87.05999755859375,88.55000305175781,787500,2019-05-16,0,1
2019-05-17,87.80999755859375,88.69999694824219,86.76000213623047,86.83999633789062,580000,2019-05-17,0,1
2019-05-20,85.63999938964844,86.01000213623047,83.38999938964844,83.8499984741211,836600,2019-05-20,0,1
2019-05-21,84.87000274658203,85.77999877929688,84.5,85.33000183105469,1375300,2019-05-21,0,1
2019-05-22,84.81999969482422,86.86000061035156,84.81999969482422,86.5199966430664,598900,2019-05-22,0,1
2019-05-23,84.83000183105469,85.72000122070312,84.44999694824219,84.7699966430664,1145400,2019-05-23,0,1
2019-05-24,84.55000305175781,85.94999694824219,84.55000305175781,85.44000244140625,738100,2019-05-24,0,1
2019-05-28,85.73999786376953,87.19000244140625,85.41000366210938,86.4000015258789,1397100,2019-05-28,0,1
2019-05-29,85.97000122070312,86.04000091552734,84.44999694824219,84.62999725341797,630100,2019-05-29,0,1
2019-05-30,84.9800033569336,85.66999816894531,84.79000091552734,85.44000244140625,426800,2019-05-30,0,1
2019-05-31,84.05000305175781,84.80000305175781,83.43000030517578,84.05999755859375,817000,2019-05-31,0,1
2019-06-03,84.2699966430664,84.62000274658203,80.45999908447266,80.86000061035156,1287300,2019-06-03,0,1
2019-06-04,81.94999694824219,84.33000183105469,81.43000030517578,84.26000213623047,776700,2019-06-04,0,1
2019-06-05,85.16000366210938,86.06999969482422,83.69000244140625,85.98999786376953,620300,2019-06-05,0,1
2019-06-06,85.69999694824219,87.37000274658203,85.0,87.13999938964844,1139600,2019-06-06,0,1
2019-06-07,87.79000091552734,89.43000030517578,87.19999694824219,88.76000213623047,872900,2019-06-07,0,1
2019-06-10,89.58999633789062,91.66999816894531,88.83999633789062,90.7699966430664,1123500,2019-06-10,0,1
2019-06-11,91.76000213623047,91.94999694824219,88.22000122070312,88.31999969482422,1385500,2019-06-11,0,1
2019-06-12,88.26000213623047,88.5,86.87000274658203,87.47000122070312,818500,2019-06-12,0,1
2019-06-13,87.69000244140625,87.69000244140625,85.88999938964844,86.31999969482422,614200,2019-06-13,0,1
2019-06-14,85.95999908447266,85.95999908447266,83.41999816894531,83.9000015258789,1008500,2019-06-14,0,1
2019-06-17,83.9800033569336,85.2300033569336,83.91999816894531,84.45999908447266,580800,2019-06-17,0,1
2019-06-18,85.30999755859375,86.88999938964844,84.5,86.55000305175781,624500,2019-06-18,0,1
2019-06-19,86.9000015258789,87.98999786376953,86.38999938964844,87.95999908447266,493700,2019-06-19,0,1
2019-06-20,89.23999786376953,89.94000244140625,88.69000244140625,89.48999786376953,1309200,2019-06-20,0,1
2019-06-21,89.02999877929688,89.66999816894531,88.19000244140625,88.8499984741211,2022800,2019-06-21,0,1
2019-06-24,89.33000183105469,89.54000091552734,88.62000274658203,88.69999694824219,762300,2019-06-24,0,1
2019-06-25,89.12999725341797,89.33000183105469,85.86000061035156,86.05999755859375,930500,2019-06-25,0,1
2019-06-26,86.62999725341797,87.55999755859375,86.11000061035156,87.25,812600,2019-06-26,0,1
2019-06-27,87.7300033569336,88.73999786376953,87.20999908447266,87.70999908447266,749800,2019-06-27,0,1
2019-06-28,88.33000183105469,89.80000305175781,87.52999877929688,89.76000213623047,1555600,2019-06-28,0,1
2019-07-01,91.4000015258789,91.4000015258789,90.05999755859375,90.66999816894531,642200,2019-07-01,0,1
2019-07-02,90.5,91.13999938964844,90.0,90.97000122070312,544700,2019-07-02,0,1
2019-07-03,91.37000274658203,93.05000305175781,90.63999938964844,92.97000122070312,436300,2019-07-03,0,1
2019-07-05,91.94000244140625,93.33999633789062,91.04000091552734,92.83000183105469,530000,2019-07-05,0,1
2019-07-08,92.06999969482422,92.5199966430664,90.16000366210938,90.7699966430664,1003500,2019-07-08,0,1
2019-07-09,90.47000122070312,90.9000015258789,88.25,89.56999969482422,1495800,2019-07-09,0,1
2019-07-10,90.16000366210938,92.20999908447266,90.12999725341797,91.05999755859375,878400,2019-07-10,0,1
2019-07-11,90.91000366210938,91.55999755859375,89.83999633789062,90.18000030517578,887800,2019-07-11,0,1
2019-07-12,90.61000061035156,91.19000244140625,89.58999633789062,91.06999969482422,693200,2019-07-12,0,1
2019-07-15,91.44000244140625,91.6500015258789,89.95999908447266,90.41999816894531,691500,2019-07-15,0,1
2019-07-16,90.4000015258789,90.47000122070312,89.33999633789062,89.5,540800,2019-07-16,0,1
2019-07-17,89.33999633789062,90.31999969482422,88.94000244140625,89.62999725341797,701400,2019-07-17,0,1
2019-07-18,89.51000213623047,89.55000305175781,88.38999938964844,88.4800033569336,528800,2019-07-18,0,1
2019-07-19,88.80000305175781,89.37999725341797,87.9800033569336,87.98999786376953,1475200,2019-07-19,0,1
2019-07-22,88.55000305175781,90.01000213623047,87.69000244140625,89.70999908447266,1668700,2019-07-22,0,1
2019-07-23,90.0,90.7300033569336,89.0999984741211,90.5999984741211,762900,2019-07-23,0,1
2019-07-24,90.06999969482422,92.47000122070312,90.06999969482422,91.5999984741211,1723500,2019-07-24,0,1
2019-07-25,77.26000213623047,77.75,72.87000274658203,72.9000015258789,10353600,2019-07-25,0,1
2019-07-26,73.43000030517578,74.56999969482422,72.55999755859375,73.36000061035156,2001800,2019-07-26,0,1
2019-07-29,73.05999755859375,73.26000213623047,69.91999816894531,70.47000122070312,2004200,2019-07-29,0,1
2019-07-30,69.9800033569336,70.41000366210938,68.58000183105469,69.05999755859375,1598100,2019-07-30,0,1
2019-07-31,69.13999938964844,69.41999816894531,66.7300033569336,67.77999877929688,3599500,2019-07-31,0,1
2019-08-01,67.58000183105469,68.5199966430664,67.37999725341797,67.80999755859375,2232700,2019-08-01,0,1
2019-08-02,67.44999694824219,68.01000213623047,66.55000305175781,67.2699966430664,1602200,2019-08-02,0,1
2019-08-05,66.3499984741211,66.41000366210938,64.26000213623047,64.83000183105469,2009200,2019-08-05,0,1
2019-08-06,65.7699966430664,66.2300033569336,64.80999755859375,65.52999877929688,1879700,2019-08-06,0,1
2019-08-07,64.05999755859375,65.37000274658203,64.0199966430664,65.08000183105469,1514600,2019-08-07,0,1
2019-08-08,65.76000213623047,67.01000213623047,65.30000305175781,66.95999908447266,1414200,2019-08-08,0,1
2019-08-09,66.45999908447266,67.30000305175781,65.83999633789062,66.4800033569336,997300,2019-08-09,0,1
2019-08-12,65.9800033569336,65.9800033569336,64.31999969482422,64.6500015258789,967600,2019-08-12,0,1
2019-08-13,64.43000030517578,66.47000122070312,64.43000030517578,65.80000305175781,902200,2019-08-13,0,1
2019-08-14,64.5199966430664,64.5199966430664,62.04999923706055,63.93000030517578,1312400,2019-08-14,0,1
2019-08-15,64.02999877929688,64.2300033569336,62.41999816894531,63.709999084472656,1339400,2019-08-15,0,1
2019-08-16,64.4800033569336,65.45999908447266,64.2699966430664,65.37999725341797,834000,2019-08-16,0,1
2019-08-19,66.52999877929688,67.12999725341797,65.80999755859375,66.88999938964844,1708400,2019-08-19,0,1
2019-08-20,66.63999938964844,66.83999633789062,66.01000213623047,66.61000061035156,1195300,2019-08-20,0,1
2019-08-21,67.5199966430664,68.47000122070312,66.56999969482422,67.91999816894531,1551900,2019-08-21,0,1
2019-08-22,69.38999938964844,69.38999938964844,66.9000015258789,67.37000274658203,1154400,2019-08-22,0,1
2019-08-23,66.98999786376953,67.98999786376953,65.02999877929688,65.12000274658203,1100500,2019-08-23,0,1
2019-08-26,66.18000030517578,66.23999786376953,64.95999908447266,65.26000213623047,1148500,2019-08-26,0,1
2019-08-27,66.05999755859375,66.08999633789062,64.69999694824219,64.91999816894531,1026100,2019-08-27,0,1
2019-08-28,63.45000076293945,65.06999969482422,62.75,64.93000030517578,800600,2019-08-28,0,1
2019-08-29,65.93000030517578,66.20999908447266,65.41000366210938,65.66999816894531,856200,2019-08-29,0,1
2019-08-30,66.2300033569336,66.7699966430664,65.0199966430664,65.47000122070312,706600,2019-08-30,0,1
2019-09-03,64.9000015258789,65.41000366210938,62.810001373291016,63.5099983215332,1344700,2019-09-03,0,1
2019-09-04,64.55000305175781,64.6500015258789,63.650001525878906,64.22000122070312,956800,2019-09-04,0,1
2019-09-05,65.54000091552734,67.18000030517578,65.05000305175781,66.94000244140625,891400,2019-09-05,0,1
2019-09-06,66.91999816894531,67.69000244140625,66.26000213623047,67.12999725341797,729000,2019-09-06,0,1
2019-09-09,67.69999694824219,68.18000030517578,67.02999877929688,68.1500015258789,1184100,2019-09-09,0,1
2019-09-10,67.88999938964844,67.88999938964844,66.33999633789062,67.01000213623047,1080400,2019-09-10,0,1
2019-09-11,67.29000091552734,68.0,66.62999725341797,66.73999786376953,871900,2019-09-11,0,1
2019-09-12,67.31999969482422,67.4000015258789,66.12000274658203,66.4000015258789,1323800,2019-09-12,0,1
2019-09-13,66.72000122070312,68.1500015258789,66.36000061035156,66.55000305175781,809000,2019-09-13,0,1
2019-09-16,66.22000122070312,67.58000183105469,65.88999938964844,67.25,479900,2019-09-16,0,1
2019-09-17,67.29000091552734,67.52999877929688,66.2699966430664,67.45999908447266,488400,2019-09-17,0,1
2019-09-18,67.12999725341797,67.44999694824219,65.95999908447266,67.0,714300,2019-09-18,0,1
2019-09-19,67.27999877929688,67.75,66.95999908447266,67.58000183105469,654100,2019-09-19,0,1
2019-09-20,67.76000213623047,68.33999633789062,67.45999908447266,67.72000122070312,1425200,2019-09-20,0,1
2019-09-23,67.66000366210938,67.77999877929688,66.29000091552734,67.51000213623047,982500,2019-09-23,0,1
2019-09-24,67.83000183105469,68.04000091552734,66.13999938964844,66.4000015258789,562800,2019-09-24,0,1
2019-09-25,66.1500015258789,67.18000030517578,65.30999755859375,66.9800033569336,660000,2019-09-25,0,1
2019-09-26,67.16000366210938,67.7699966430664,66.3499984741211,67.36000061035156,803500,2019-09-26,0,1
2019-09-27,67.79000091552734,68.37000274658203,66.5999984741211,67.38999938964844,681500,2019-09-27,0,1
2019-09-30,67.41000366210938,68.5999984741211,66.9000015258789,68.18000030517578,610100,2019-09-30,0,1
2019-10-01,68.69000244140625,69.43000030517578,65.68000030517578,66.04000091552734,689600,2019-10-01,0,1
2019-10-02,65.08999633789062,65.2300033569336,63.650001525878906,64.4800033569336,950500,2019-10-02,0,1
2019-10-03,64.25,65.8499984741211,63.52000045776367,65.22000122070312,639800,2019-10-03,0,1
2019-10-04,65.7300033569336,66.30000305175781,64.83000183105469,65.6500015258789,565600,2019-10-04,0,1
2019-10-07,65.58999633789062,65.61000061035156,64.5,64.55000305175781,549100,2019-10-07,0,1
2019-10-08,63.75,64.06999969482422,62.400001525878906,62.709999084472656,1105400,2019-10-08,0,1
2019-10-09,63.560001373291016,64.20999908447266,63.189998626708984,63.22999954223633,672600,2019-10-09,0,1
2019-10-10,62.849998474121094,63.9900016784668,62.189998626708984,62.9900016784668,1512300,2019-10-10,0,1
2019-10-11,64.37999725341797,65.88999938964844,64.02999877929688,64.45999908447266,1529500,2019-10-11,0,1
2019-10-14,64.48999786376953,65.8499984741211,64.04000091552734,65.43000030517578,1112000,2019-10-14,0,1
2019-10-15,65.91999816894531,66.04000091552734,64.9800033569336,65.0,690800,2019-10-15,0,1
2019-10-16,64.0999984741211,64.79000091552734,63.40999984741211,64.7300033569336,804400,2019-10-16,0,1
2019-10-17,64.87999725341797,65.6500015258789,64.30000305175781,64.44999694824219,846600,2019-10-17,0,1
2019-10-18,64.30999755859375,65.19000244140625,63.209999084472656,64.37999725341797,1365400,2019-10-18,0,1
2019-10-21,64.62999725341797,66.55000305175781,64.19999694824219,66.12000274658203,1597700,2019-10-21,0,1
2019-10-22,66.2300033569336,67.16000366210938,65.5199966430664,65.94000244140625,848700,2019-10-22,0,1
2019-10-23,66.08999633789062,67.19000244140625,65.45999908447266,66.88999938964844,1016200,2019-10-23,0,1
2019-10-24,77.0,77.75,68.75,69.94999694824219,4612600,2019-10-24,0,1
2019-10-25,69.45999908447266,69.88999938964844,67.58999633789062,67.75,1467800,2019-10-25,0,1
2019-10-28,67.93000030517578,68.73999786376953,67.0199966430664,67.41000366210938,1412100,2019-10-28,0,1
2019-10-29,67.4000015258789,67.4000015258789,63.439998626708984,64.20999908447266,3072800,2019-10-29,0,1
2019-10-30,64.87999725341797,66.97000122070312,64.01000213623047,66.81999969482422,1297900,2019-10-30,0,1
2019-10-31,66.62999725341797,67.25,66.36000061035156,66.91000366210938,851100,2019-10-31,0,1
2019-11-01,67.3499984741211,69.63999938964844,67.23999786376953,69.5999984741211,956900,2019-11-01,0,1
2019-11-04,70.25,71.20999908447266,70.13999938964844,70.76000213623047,1021100,2019-11-04,0,1
2019-11-05,71.2300033569336,73.19999694824219,71.13999938964844,73.16999816894531,1582900,2019-11-05,0,1
2019-11-06,72.91000366210938,72.91999816894531,71.66000366210938,71.7699966430664,1098500,2019-11-06,0,1
2019-11-07,72.22000122070312,73.5199966430664,71.9800033569336,72.80000305175781,927400,2019-11-07,0,1
2019-11-08,72.5199966430664,73.58000183105469,71.88999938964844,73.2300033569336,555300,2019-11-08,0,1
2019-11-11,72.63999938964844,73.69999694824219,72.63999938964844,73.18000030517578,310700,2019-11-11,0,1
2019-11-12,73.27999877929688,73.75,72.83000183105469,73.2699966430664,500800,2019-11-12,0,1
2019-11-13,72.73999786376953,74.55999755859375,72.69000244140625,74.19000244140625,808300,2019-11-13,0,1
2019-11-14,74.27999877929688,74.61000061035156,73.0999984741211,73.63999938964844,598700,2019-11-14,0,1
2019-11-15,74.04000091552734,74.30999755859375,73.23999786376953,74.08999633789062,1319800,2019-11-15,0,1
2019-11-18,73.38999938964844,73.7699966430664,72.0,72.80999755859375,956400,2019-11-18,0,1
2019-11-19,73.29000091552734,74.05999755859375,71.41999816894531,73.5,505800,2019-11-19,0,1
2019-11-20,73.25,75.06999969482422,73.25,74.93000030517578,1185300,2019-11-20,0,1
2019-11-21,75.19999694824219,75.69999694824219,74.27999877929688,75.08000183105469,584000,2019-11-21,0,1
2019-11-22,75.1500015258789,75.47000122070312,74.9800033569336,75.13999938964844,993000,2019-11-22,0,1
2019-11-25,75.5,75.87999725341797,74.55000305175781,74.6500015258789,875100,2019-11-25,0,1
2019-11-26,74.79000091552734,75.56999969482422,74.37999725341797,75.4800033569336,691300,2019-11-26,0,1
2019-11-27,75.19999694824219,77.11000061035156,74.93000030517578,77.08999633789062,819900,2019-11-27,0,1
2019-11-29,77.13999938964844,77.8499984741211,76.58000183105469,76.5999984741211,367400,2019-11-29,0,1
2019-12-02,76.51000213623047,77.2699966430664,75.69000244140625,75.91999816894531,594300,2019-12-02,0,1
2019-12-03,74.95999908447266,75.93000030517578,74.11000061035156,75.76000213623047,912200,2019-12-03,0,1
2019-12-04,76.06999969482422,76.4000015258789,75.0199966430664,75.0199966430664,685400,2019-12-04,0,1
2019-12-05,75.43000030517578,75.7699966430664,74.76000213623047,75.76000213623047,463000,2019-12-05,0,1
2019-12-06,76.83000183105469,76.83000183105469,75.69999694824219,75.70999908447266,363700,2019-12-06,0,1
2019-12-09,75.69000244140625,76.76000213623047,75.52999877929688,76.08999633789062,548600,2019-12-09,0,1
2019-12-10,75.80999755859375,76.20999908447266,74.69000244140625,74.9000015258789,393700,2019-12-10,0,1
2019-12-11,74.77999877929688,74.8499984741211,73.80999755859375,73.93000030517578,426800,2019-12-11,0,1
2019-12-12,73.7300033569336,74.33999633789062,72.86000061035156,73.44000244140625,601200,2019-12-12,0,1
2019-12-13,73.52999877929688,74.94999694824219,73.1500015258789,74.62999725341797,585300,2019-12-13,0,1
2019-12-16,74.98999786376953,75.58999633789062,74.29000091552734,74.37999725341797,1099000,2019-12-16,0,1
2019-12-17,74.43000030517578,74.51000213623047,73.61000061035156,73.7699966430664,524400,2019-12-17,0,1
2019-12-18,73.66999816894531,74.58000183105469,73.33000183105469,74.05999755859375,502000,2019-12-18,0,1
2019-12-19,74.38999938964844,74.62000274658203,73.5,74.4800033569336,677000,2019-12-19,0,1
2019-12-20,74.66999816894531,74.70999908447266,73.91000366210938,74.13999938964844,1577100,2019-12-20,0,1
2019-12-23,74.2699966430664,75.16999816894531,73.6500015258789,74.58000183105469,890000,2019-12-23,0,1
2019-12-24,74.83999633789062,75.37000274658203,74.37000274658203,74.43000030517578,143000,2019-12-24,0,1
2019-12-26,74.43000030517578,75.68000030517578,74.43000030517578,75.61000061035156,263200,2019-12-26,0,1
2019-12-27,75.9800033569336,75.9800033569336,75.05999755859375,75.77999877929688,436300,2019-12-27,0,1
2019-12-30,75.83000183105469,75.9000015258789,74.5999984741211,75.29000091552734,306500,2019-12-30,0,1
2019-12-31,74.94999694824219,75.44000244140625,74.7300033569336,74.88999938964844,437800,2019-12-31,0,1
2020-01-02,75.43000030517578,76.9000015258789,74.9800033569336,76.37000274658203,539500,2020-01-02,0,1
2020-01-03,75.33999633789062,75.7699966430664,74.87999725341797,75.43000030517578,311200,2020-01-03,0,1
2020-01-06,74.76000213623047,76.30999755859375,74.61000061035156,76.2699966430664,380400,2020-01-06,0,1
2020-01-07,76.12999725341797,76.9800033569336,75.62000274658203,75.91999816894531,400200,2020-01-07,0,1
2020-01-08,75.98999786376953,77.48999786376953,75.55999755859375,76.9800033569336,743000,2020-01-08,0,1
2020-01-09,77.87000274658203,78.19000244140625,76.87999725341797,77.33000183105469,538600,2020-01-09,0,1
2020-01-10,77.52999877929688,77.87000274658203,76.47000122070312,76.75,397400,2020-01-10,0,1
2020-01-13,76.73999786376953,77.27999877929688,76.58000183105469,77.22000122070312,520200,2020-01-13,0,1
2020-01-14,77.11000061035156,78.13999938964844,76.75,77.97000122070312,651500,2020-01-14,0,1
2020-01-15,78.04000091552734,79.56999969482422,78.04000091552734,79.16999816894531,1278900,2020-01-15,0,1
2020-01-16,79.86000061035156,81.12000274658203,79.7300033569336,80.81999969482422,817800,2020-01-16,0,1
2020-01-17,81.06999969482422,81.98999786376953,79.58999633789062,80.13999938964844,708000,2020-01-17,0,1
2020-01-21,79.9000015258789,80.33999633789062,78.69000244140625,78.87000274658203,881400,2020-01-21,0,1
2020-01-22,79.38999938964844,80.76000213623047,79.08999633789062,79.94999694824219,1099600,2020-01-22,0,1
2020-01-23,85.51000213623047,88.86000061035156,82.87999725341797,85.06999969482422,3297900,2020-01-23,0,1
2020-01-24,85.58999633789062,88.3499984741211,85.25,86.05000305175781,1538200,2020-01-24,0,1
2020-01-27,84.25,84.73999786376953,83.05000305175781,84.19999694824219,1000500,2020-01-27,0,1
2020-01-28,84.7300033569336,85.88999938964844,84.12999725341797,84.41000366210938,1121000,2020-01-28,0,1
2020-01-29,84.62000274658203,85.41999816894531,82.94999694824219,83.43000030517578,553700,2020-01-29,0,1
2020-01-30,84.1500015258789,84.87999725341797,83.26000213623047,84.79000091552734,589800,2020-01-30,0,1
2020-01-31,84.70999908447266,85.16000366210938,82.66000366210938,83.12000274658203,926700,2020-01-31,0,1
2020-02-03,83.12999725341797,85.23999786376953,82.95999908447266,84.91000366210938,567500,2020-02-03,0,1
2020-02-04,85.9000015258789,87.25,85.43000030517578,87.11000061035156,460000,2020-02-04,0,1
2020-02-05,88.04000091552734,88.04000091552734,85.91999816894531,86.37999725341797,381200,2020-02-05,0,1
2020-02-06,86.44000244140625,86.79000091552734,85.66000366210938,85.81999969482422,409300,2020-02-06,0,1
2020-02-07,85.54000091552734,85.56999969482422,83.94000244140625,84.02999877929688,529400,2020-02-07,0,1
2020-02-10,83.66000366210938,85.70999908447266,83.5,85.66000366210938,537100,2020-02-10,0,1
2020-02-11,86.54000091552734,86.69000244140625,85.12000274658203,86.08000183105469,380500,2020-02-11,0,1
2020-02-12,86.41999816894531,87.2699966430664,85.97000122070312,87.22000122070312,414100,2020-02-12,0,1
2020-02-13,86.44000244140625,87.68000030517578,86.44000244140625,86.94000244140625,468100,2020-02-13,0,1
2020-02-14,86.88999938964844,87.73999786376953,86.62000274658203,87.3499984741211,362500,2020-02-14,0,1
2020-02-18,87.27999877929688,87.61000061035156,86.5199966430664,87.36000061035156,510900,2020-02-18,0,1
2020-02-19,87.98999786376953,88.55999755859375,87.45999908447266,88.44999694824219,416500,2020-02-19,0,1
2020-02-20,88.30999755859375,89.06999969482422,87.23999786376953,88.37999725341797,420800,2020-02-20,0,1
2020-02-21,88.36000061035156,88.72000122070312,87.18000030517578,88.62000274658203,702800,2020-02-21,0,1
2020-02-24,84.80000305175781,86.0999984741211,83.37999725341797,85.6500015258789,816700,2020-02-24,0,1
2020-02-25,86.18000030517578,86.30999755859375,80.0999984741211,81.31999969482422,1128000,2020-02-25,0,1
2020-02-26,81.72000122070312,83.29000091552734,79.87000274658203,80.43000030517578,743000,2020-02-26,0,1
2020-02-27,77.93000030517578,79.08999633789062,75.19000244140625,76.02999877929688,1050700,2020-02-27,0,1
2020-02-28,72.87999725341797,76.19000244140625,72.81999969482422,75.55000305175781,1309400,2020-02-28,0,1
2020-03-02,76.33000183105469,76.72000122070312,72.91000366210938,74.68000030517578,1644000,2020-03-02,0,1
2020-03-03,74.93000030517578,76.0199966430664,69.56999969482422,70.05000305175781,1573900,2020-03-03,0,1
2020-03-04,71.41999816894531,72.41999816894531,69.55999755859375,70.81999969482422,1660300,2020-03-04,0,1
2020-03-05,68.54000091552734,70.18000030517578,67.77999877929688,69.43000030517578,1310100,2020-03-05,0,1
2020-03-06,67.30000305175781,68.18000030517578,65.29000091552734,66.5199966430664,1349700,2020-03-06,0,1
2020-03-09,61.29999923706055,61.93000030517578,58.0,60.290000915527344,2298900,2020-03-09,0,1
2020-03-10,62.130001068115234,63.0,58.0,60.900001525878906,1727000,2020-03-10,0,1
2020-03-11,59.4900016784668,61.09000015258789,57.83000183105469,59.70000076293945,2194200,2020-03-11,0,1
2020-03-12,55.41999816894531,56.58000183105469,53.349998474121094,54.16999816894531,2104100,2020-03-12,0,1
2020-03-13,56.31999969482422,57.0,52.150001525878906,56.369998931884766,1524300,2020-03-13,0,1
2020-03-16,50.310001373291016,53.58000183105469,46.939998626708984,52.869998931884766,2097800,2020-03-16,0,1
2020-03-17,53.61000061035156,54.150001525878906,49.15999984741211,52.13999938964844,2016600,2020-03-17,0,1
2020-03-18,49.11000061035156,50.5,45.84000015258789,49.060001373291016,2066900,2020-03-18,0,1
2020-03-19,47.959999084472656,50.720001220703125,43.900001525878906,50.38999938964844,2326400,2020-03-19,0,1
2020-03-20,50.43000030517578,52.7599983215332,48.27000045776367,48.45000076293945,1458000,2020-03-20,0,1
2020-03-23,47.900001525878906,49.36000061035156,45.36000061035156,48.7400016784668,1408700,2020-03-23,0,1
2020-03-24,51.13999938964844,54.65999984741211,50.0099983215332,53.790000915527344,1850000,2020-03-24,0,1
2020-03-25,54.7599983215332,61.0,52.650001525878906,58.77000045776367,1691800,2020-03-25,0,1
2020-03-26,60.13999938964844,62.720001220703125,58.849998474121094,60.970001220703125,1502600,2020-03-26,0,1
2020-03-27,58.939998626708984,60.11000061035156,54.650001525878906,59.0099983215332,1002400,2020-03-27,0,1
2020-03-30,59.2400016784668,62.459999084472656,58.189998626708984,59.27000045776367,840400,2020-03-30,0,1
2020-03-31,59.459999084472656,62.380001068115234,58.560001373291016,61.209999084472656,1779200,2020-03-31,0,1
2020-04-01,58.619998931884766,60.209999084472656,55.52000045776367,56.29999923706055,1506800,2020-04-01,0,1
2020-04-02,55.560001373291016,56.34000015258789,52.959999084472656,54.880001068115234,1216100,2020-04-02,0,1
2020-04-03,54.68000030517578,56.52000045776367,54.5,55.0,744800,2020-04-03,0,1
2020-04-06,58.02000045776367,60.16999816894531,57.68000030517578,59.59000015258789,946800,2020-04-06,0,1
2020-04-07,62.38999938964844,62.59000015258789,58.880001068115234,59.310001373291016,834700,2020-04-07,0,1
2020-04-08,60.380001068115234,62.91999816894531,59.33000183105469,62.45000076293945,571500,2020-04-08,0,1
2020-04-09,63.77000045776367,65.27999877929688,62.4900016784668,63.939998626708984,884000,2020-04-09,0,1
2020-04-13,63.47999954223633,63.47999954223633,61.529998779296875,62.349998474121094,375200,2020-04-13,0,1
2020-04-14,63.38999938964844,65.01000213623047,63.38999938964844,64.5,588600,2020-04-14,0,1
2020-04-15,62.279998779296875,64.94999694824219,61.86000061035156,64.47000122070312,1382800,2020-04-15,0,1
2020-04-16,64.56999969482422,65.9800033569336,63.63999938964844,65.69999694824219,1205300,2020-04-16,0,1
2020-04-17,66.80999755859375,68.69000244140625,66.25,66.66000366210938,768500,2020-04-17,0,1
2020-04-20,64.88999938964844,67.87999725341797,64.66000366210938,66.98999786376953,532200,2020-04-20,0,1
2020-04-21,65.55999755859375,66.2699966430664,62.720001220703125,62.970001220703125,515100,2020-04-21,0,1
2020-04-22,64.5199966430664,65.12999725341797,63.0099983215332,64.7699966430664,482300,2020-04-22,0,1
2020-04-23,64.81999969482422,66.51000213623047,64.16999816894531,64.33000183105469,792700,2020-04-23,0,1
2020-04-24,64.76000213623047,65.31999969482422,63.84000015258789,65.0,596500,2020-04-24,0,1
2020-04-27,65.7699966430664,66.69000244140625,65.41999816894531,66.27999877929688,468800,2020-04-27,0,1
2020-04-28,67.48999786376953,68.23999786376953,66.11000061035156,66.37000274658203,1070600,2020-04-28,0,1
2020-04-29,68.0,70.55999755859375,67.36000061035156,69.95999908447266,1553000,2020-04-29,0,1
2020-04-30,70.11000061035156,71.27999877929688,64.5,69.25,2280200,2020-04-30,0,1
2020-05-01,68.22000122070312,69.16000366210938,65.69000244140625,66.37999725341797,1017500,2020-05-01,0,1
2020-05-04,64.9800033569336,67.47000122070312,64.36000061035156,67.19000244140625,859100,2020-05-04,0,1
2020-05-05,68.54000091552734,70.69999694824219,67.04000091552734,70.31999969482422,961700,2020-05-05,0,1
2020-05-06,71.20999908447266,71.54000091552734,69.7699966430664,70.41000366210938,812300,2020-05-06,0,1
2020-05-07,71.25,72.3499984741211,70.66000366210938,70.86000061035156,873100,2020-05-07,0,1
2020-05-08,71.72000122070312,72.26000213623047,70.5999984741211,71.55000305175781,647100,2020-05-08,0,1
2020-05-11,71.2300033569336,72.81999969482422,70.66000366210938,72.22000122070312,1187700,2020-05-11,0,1
2020-05-12,71.97000122070312,72.66000366210938,68.33999633789062,68.51000213623047,684300,2020-05-12,0,1
2020-05-13,68.01000213623047,68.38999938964844,62.459999084472656,63.290000915527344,1013200,2020-05-13,0,1
2020-05-14,62.060001373291016,65.20999908447266,60.97999954223633,64.95999908447266,735800,2020-05-14,0,1
2020-05-15,64.6500015258789,65.69000244140625,64.0999984741211,65.0,373600,2020-05-15,0,1
2020-05-18,66.58000183105469,69.41999816894531,66.58000183105469,68.97000122070312,820900,2020-05-18,0,1
2020-05-19,69.0,70.41999816894531,68.58000183105469,68.91000366210938,632200,2020-05-19,0,1
2020-05-20,69.51000213623047,71.51000213623047,69.51000213623047,70.43000030517578,468200,2020-05-20,0,1
2020-05-21,70.38999938964844,71.08000183105469,69.66000366210938,69.88999938964844,453400,2020-05-21,0,1
2020-05-22,70.16000366210938,70.5199966430664,69.08999633789062,70.20999908447266,362800,2020-05-22,0,1
2020-05-26,71.3499984741211,73.6500015258789,70.61000061035156,73.31999969482422,907600,2020-05-26,0,1
2020-05-27,74.9000015258789,75.04000091552734,72.01000213623047,74.94000244140625,662000,2020-05-27,0,1
2020-05-28,75.62000274658203,76.62000274658203,74.7699966430664,74.9000015258789,684100,2020-05-28,0,1
2020-05-29,74.87999725341797,76.56999969482422,74.12000274658203,76.37999725341797,920600,2020-05-29,0,1
2020-06-01,76.55999755859375,79.44000244140625,76.26000213623047,79.08000183105469,820500,2020-06-01,0,1
2020-06-02,79.33999633789062,80.3499984741211,78.12999725341797,79.5,615000,2020-06-02,0,1
2020-06-03,79.55999755859375,81.02999877929688,79.11000061035156,80.94000244140625,488400,2020-06-03,0,1
2020-06-04,80.0999984741211,80.97000122070312,79.66999816894531,80.26000213623047,576400,2020-06-04,0,1
2020-06-05,81.80000305175781,84.48999786376953,81.04000091552734,83.73999786376953,696600,2020-06-05,0,1
2020-06-08,84.13999938964844,84.36000061035156,82.51000213623047,83.41999816894531,1040700,2020-06-08,0,1
2020-06-09,82.76000213623047,82.76000213623047,81.44000244140625,81.54000091552734,859500,2020-06-09,0,1
2020-06-10,82.12000274658203,83.05999755859375,80.91000366210938,81.20999908447266,720100,2020-06-10,0,1
2020-06-11,78.80999755859375,78.80999755859375,72.2699966430664,72.62000274658203,1009800,2020-06-11,0,1
2020-06-12,75.04000091552734,76.66000366210938,73.30000305175781,75.16000366210938,1127800,2020-06-12,0,1
2020-06-15,73.55999755859375,77.45999908447266,73.41000366210938,77.26000213623047,503400,2020-06-15,0,1
2020-06-16,79.4000015258789,80.80000305175781,78.30999755859375,79.56999969482422,692900,2020-06-16,0,1
2020-06-17,80.0,80.30999755859375,79.06999969482422,79.16999816894531,624500,2020-06-17,0,1
2020-06-18,78.38999938964844,79.37999725341797,78.25,79.06999969482422,426600,2020-06-18,0,1
2020-06-19,80.11000061035156,80.63999938964844,77.79000091552734,78.70999908447266,880900,2020-06-19,0,1
2020-06-22,78.31999969482422,78.95999908447266,77.22000122070312,78.93000030517578,412600,2020-06-22,0,1
2020-06-23,79.79000091552734,81.70999908447266,79.44999694824219,79.56999969482422,617800,2020-06-23,0,1
2020-06-24,79.16000366210938,79.66999816894531,76.83999633789062,76.91999816894531,566800,2020-06-24,0,1
2020-06-25,76.4000015258789,77.37999725341797,75.6500015258789,77.36000061035156,625700,2020-06-25,0,1
2020-06-26,77.0999984741211,77.44000244140625,75.45999908447266,75.52999877929688,1006700,2020-06-26,0,1
2020-06-29,76.08999633789062,77.02999877929688,74.18000030517578,76.44000244140625,683400,2020-06-29,0,1
2020-06-30,76.56999969482422,78.2300033569336,75.73999786376953,77.79000091552734,975000,2020-06-30,0,1
2020-07-01,77.93000030517578,79.75,77.36000061035156,78.44000244140625,801100,2020-07-01,0,1
2020-07-02,79.51000213623047,80.2300033569336,78.06999969482422,78.2699966430664,709600,2020-07-02,0,1
2020-07-06,79.5199966430664,80.31999969482422,78.6500015258789,79.08000183105469,691600,2020-07-06,0,1
2020-07-07,78.30000305175781,79.0999984741211,76.41999816894531,76.58999633789062,744700,2020-07-07,0,1
2020-07-08,77.0999984741211,78.55999755859375,76.76000213623047,78.5,625200,2020-07-08,0,1
2020-07-09,82.0,86.02999877929688,81.30000305175781,85.0,1678300,2020-07-09,0,1
2020-07-10,85.0,85.23999786376953,82.58999633789062,82.88999938964844,782200,2020-07-10,0,1
2020-07-13,83.37999725341797,83.47000122070312,78.16999816894531,78.2300033569336,782800,2020-07-13,0,1
2020-07-14,77.9800033569336,78.5999984741211,76.1500015258789,78.41000366210938,1226500,2020-07-14,0,1
2020-07-15,79.77999877929688,80.91999816894531,78.83000183105469,80.27999877929688,568500,2020-07-15,0,1
2020-07-16,82.6500015258789,82.6500015258789,79.30999755859375,80.36000061035156,1066200,2020-07-16,0,1
2020-07-17,81.0199966430664,81.31999969482422,79.98999786376953,80.75,768300,2020-07-17,0,1
2020-07-20,81.08000183105469,83.23999786376953,81.05999755859375,83.02999877929688,589000,2020-07-20,0,1
2020-07-21,84.91000366210938,85.05999755859375,83.0,83.1500015258789,642700,2020-07-21,0,1
2020-07-22,84.16000366210938,84.58999633789062,83.51000213623047,83.83000183105469,408000,2020-07-22,0,1
2020-07-23,83.51000213623047,85.43000030517578,82.87000274658203,83.61000061035156,624500,2020-07-23,0,1
2020-07-24,82.5999984741211,83.08999633789062,80.73999786376953,81.45999908447266,702000,2020-07-24,0,1
2020-07-27,83.0,83.55999755859375,81.01000213623047,83.13999938964844,623800,2020-07-27,0,1
2020-07-28,84.0,84.0999984741211,82.08999633789062,82.25,610100,2020-07-28,0,1
2020-07-29,83.0,84.7300033569336,83.0,84.02999877929688,608500,2020-07-29,0,1
2020-07-30,86.4800033569336,86.79000091552734,82.12000274658203,85.58000183105469,1270100,2020-07-30,0,1
2020-07-31,88.0,88.80000305175781,83.73999786376953,85.55999755859375,994100,2020-07-31,0,1
2020-08-03,85.9800033569336,86.98999786376953,85.7699966430664,86.3499984741211,693300,2020-08-03,0,1
2020-08-04,86.37000274658203,86.95999908447266,85.37000274658203,86.5999984741211,562800,2020-08-04,0,1
2020-08-05,87.0,88.8499984741211,87.0,87.87999725341797,481800,2020-08-05,0,1
2020-08-06,87.94999694824219,88.7300033569336,87.05000305175781,88.58999633789062,542100,2020-08-06,0,1
2020-08-07,88.0,88.61000061035156,86.02999877929688,86.94000244140625,533700,2020-08-07,0,1
2020-08-10,86.56999969482422,86.95999908447266,84.80999755859375,85.9000015258789,417200,2020-08-10,0,1
2020-08-11,86.0,86.68000030517578,84.63999938964844,84.80000305175781,577900,2020-08-11,0,1
2020-08-12,85.2300033569336,86.83000183105469,85.12999725341797,85.91999816894531,461200,2020-08-12,0,1
2020-08-13,86.0,89.1500015258789,85.91999816894531,88.05999755859375,711300,2020-08-13,0,1
2020-08-14,87.72000122070312,88.01000213623047,86.86000061035156,87.4800033569336,551100,2020-08-14,0,1
2020-08-17,88.0,88.91999816894531,87.8499984741211,88.22000122070312,545100,2020-08-17,0,1
2020-08-18,88.81999969482422,90.52999877929688,88.69000244140625,89.8499984741211,839900,2020-08-18,0,1
2020-08-19,89.83999633789062,90.36000061035156,88.45999908447266,88.54000091552734,784300,2020-08-19,0,1
2020-08-20,88.4000015258789,88.43000030517578,87.61000061035156,88.02999877929688,440300,2020-08-20,0,1
2020-08-21,87.91999816894531,87.91999816894531,86.73999786376953,87.36000061035156,1039700,2020-08-21,0,1
2020-08-24,87.83999633789062,88.02999877929688,86.3499984741211,87.0999984741211,516900,2020-08-24,0,1
2020-08-25,86.8499984741211,88.19999694824219,86.68000030517578,88.13999938964844,485800,2020-08-25,0,1
2020-08-26,89.54000091552734,90.55000305175781,87.6500015258789,89.77999877929688,894300,2020-08-26,0,1
2020-08-27,89.75,89.94000244140625,88.2699966430664,89.41999816894531,629300,2020-08-27,0,1
2020-08-28,89.87000274658203,91.25,89.73999786376953,91.1500015258789,381100,2020-08-28,0,1
2020-08-31,91.1500015258789,91.94000244140625,90.5,91.41000366210938,763800,2020-08-31,0,1
2020-09-01,91.5,95.58999633789062,91.37999725341797,95.44000244140625,773900,2020-09-01,0,1
2020-09-02,95.31999969482422,97.66999816894531,94.7699966430664,97.5999984741211,748100,2020-09-02,0,1
2020-09-03,96.12000274658203,96.58999633789062,91.81999969482422,92.63999938964844,1035900,2020-09-03,0,1
2020-09-04,92.04000091552734,92.05999755859375,86.91999816894531,87.69000244140625,1166100,2020-09-04,0,1
2020-09-08,83.98999786376953,88.62000274658203,83.98999786376953,86.70999908447266,1037600,2020-09-08,0,1
2020-09-09,87.73999786376953,89.30999755859375,87.05000305175781,88.5999984741211,500700,2020-09-09,0,1
2020-09-10,88.73999786376953,91.27999877929688,83.63999938964844,83.7699966430664,1507300,2020-09-10,0,1
2020-09-11,83.7699966430664,84.16999816894531,80.94000244140625,82.30000305175781,1403000,2020-09-11,0,1
2020-09-14,83.31999969482422,85.73999786376953,83.0,85.4000015258789,762800,2020-09-14,0,1
2020-09-15,86.25,88.48999786376953,86.12000274658203,88.31999969482422,780300,2020-09-15,0,1
2020-09-16,89.3499984741211,89.5999984741211,87.66000366210938,87.80000305175781,574200,2020-09-16,0,1
2020-09-17,85.83999633789062,86.72000122070312,85.05999755859375,86.69999694824219,804900,2020-09-17,0,1
2020-09-18,86.73999786376953,87.94000244140625,84.58999633789062,86.11000061035156,1475600,2020-09-18,0,1
2020-09-21,84.37000274658203,85.3499984741211,82.87000274658203,85.33000183105469,685700,2020-09-21,0,1
2020-09-22,85.87999725341797,86.58999633789062,84.68000030517578,85.8499984741211,598400,2020-09-22,0,1
2020-09-23,85.62000274658203,85.76000213623047,81.44000244140625,81.69999694824219,705600,2020-09-23,0,1
2020-09-24,81.26000213623047,81.76000213623047,79.70999908447266,80.27999877929688,1110100,2020-09-24,0,1
2020-09-25,80.1500015258789,82.31999969482422,79.51000213623047,81.68000030517578,1240700,2020-09-25,0,1
2020-09-28,83.33999633789062,83.55000305175781,82.2699966430664,82.9000015258789,542900,2020-09-28,0,1
2020-09-29,83.13999938964844,84.51000213623047,82.30000305175781,82.3499984741211,603800,2020-09-29,0,1
2020-09-30,82.3499984741211,83.41000366210938,81.68000030517578,82.72000122070312,935600,2020-09-30,0,1
2020-10-01,83.66000366210938,84.5199966430664,83.20999908447266,84.12999725341797,851200,2020-10-01,0,1
2020-10-02,81.91999816894531,83.33999633789062,81.16999816894531,82.16000366210938,667000,2020-10-02,0,1
2020-10-05,83.0,83.72000122070312,82.08000183105469,82.72000122070312,800700,2020-10-05,0,1
2020-10-06,82.72000122070312,84.48999786376953,81.02999877929688,81.22000122070312,814600,2020-10-06,0,1
2020-10-07,82.0,83.36000061035156,81.12000274658203,83.20999908447266,1032100,2020-10-07,0,1
2020-10-08,83.93000030517578,85.20999908447266,83.11000061035156,84.05999755859375,654700,2020-10-08,0,1
2020-10-09,84.51000213623047,86.55000305175781,84.51000213623047,85.94000244140625,455700,2020-10-09,0,1
2020-10-12,86.86000061035156,87.83000183105469,85.91000366210938,87.5,463200,2020-10-12,0,1
2020-10-13,87.94000244140625,89.44999694824219,87.16000366210938,87.38999938964844,736600,2020-10-13,0,1
2020-10-14,88.56999969482422,88.5999984741211,85.66999816894531,85.77999877929688,539300,2020-10-14,0,1
2020-10-15,84.30999755859375,87.94000244140625,84.01000213623047,87.79000091552734,568800,2020-10-15,0,1
2020-10-16,88.0,88.87999725341797,87.5,87.62000274658203,776800,2020-10-16,0,1
2020-10-19,88.22000122070312,89.26000213623047,85.87999725341797,86.44000244140625,458900,2020-10-19,0,1
2020-10-20,86.88999938964844,87.9800033569336,86.5199966430664,87.19000244140625,474900,2020-10-20,0,1
2020-10-21,87.16999816894531,88.37000274658203,86.58999633789062,86.9800033569336,375700,2020-10-21,0,1
2020-10-22,86.86000061035156,87.68000030517578,85.87000274658203,86.79000091552734,494900,2020-10-22,0,1
2020-10-23,87.16999816894531,89.37999725341797,86.54000091552734,89.25,623100,2020-10-23,0,1
2020-10-26,88.08000183105469,88.5999984741211,82.4000015258789,83.66999816894531,1262500,2020-10-26,0,1
2020-10-27,84.25,85.98999786376953,83.72000122070312,84.26000213623047,720400,2020-10-27,0,1
2020-10-28,82.26000213623047,87.68000030517578,79.36000061035156,82.47000122070312,1636200,2020-10-28,0,1
2020-10-29,80.0,87.55000305175781,79.5,85.87000274658203,2008000,2020-10-29,0,1
2020-10-30,83.25,85.27999877929688,82.05000305175781,83.87999725341797,1061700,2020-10-30,0,1
2020-11-02,84.5999984741211,87.18000030517578,84.0199966430664,86.87999725341797,761600,2020-11-02,0,1
2020-11-03,87.62999725341797,92.73999786376953,86.48999786376953,92.16000366210938,1104300,2020-11-03,0,1
2020-11-04,92.0,93.27999877929688,89.68000030517578,92.36000061035156,1004500,2020-11-04,0,1
2020-11-05,93.31999969482422,94.69000244140625,93.22000122070312,93.94000244140625,719900,2020-11-05,0,1
2020-11-06,94.0,95.63999938964844,92.73999786376953,94.83999633789062,478100,2020-11-06,0,1
2020-11-09,96.66000366210938,97.27999877929688,92.7300033569336,92.91000366210938,926900,2020-11-09,0,1
2020-11-10,92.69000244140625,94.45999908447266,89.98999786376953,94.23999786376953,764400,2020-11-10,0,1
2020-11-11,95.0,96.66999816894531,94.58999633789062,95.30999755859375,680700,2020-11-11,0,1
2020-11-12,95.37999725341797,96.95999908447266,94.13999938964844,94.68000030517578,516900,2020-11-12,0,1
2020-11-13,94.91000366210938,97.56999969482422,94.44999694824219,97.20999908447266,453300,2020-11-13,0,1
2020-11-16,96.58999633789062,99.2300033569336,95.5999984741211,98.5199966430664,696800,2020-11-16,0,1
2020-11-17,97.05999755859375,99.87000274658203,97.05999755859375,99.12999725341797,883000,2020-11-17,0,1
2020-11-18,98.9800033569336,99.94999694824219,97.7699966430664,98.33000183105469,681100,2020-11-18,0,1
2020-11-19,97.91999816894531,100.33999633789062,97.33999633789062,100.20999908447266,613600,2020-11-19,0,1
2020-11-20,100.0,102.02999877929688,99.3499984741211,101.13999938964844,466600,2020-11-20,0,1
2020-11-23,102.08000183105469,103.69999694824219,101.0,103.19000244140625,475700,2020-11-23,0,1
2020-11-24,104.0,104.12000274658203,102.20999908447266,103.91000366210938,626900,2020-11-24,0,1
2020-11-25,104.25,106.30000305175781,103.62000274658203,105.95999908447266,645100,2020-11-25,0,1
2020-11-27,106.12000274658203,108.80000305175781,106.04000091552734,108.61000061035156,387100,2020-11-27,0,1
2020-11-30,109.51000213623047,110.62999725341797,107.56999969482422,107.8499984741211,914300,2020-11-30,0,1
2020-12-01,108.2699966430664,108.93000030517578,106.94999694824219,108.52999877929688,730100,2020-12-01,0,1
2020-12-02,107.58999633789062,107.73999786376953,106.3499984741211,107.26000213623047,597500,2020-12-02,0,1
2020-12-03,107.05999755859375,109.31999969482422,107.01000213623047,107.9800033569336,462600,2020-12-03,0,1
2020-12-04,108.44999694824219,110.08999633789062,108.44999694824219,109.5999984741211,596900,2020-12-04,0,1
2020-12-07,110.26000213623047,111.5,109.0999984741211,111.1500015258789,410000,2020-12-07,0,1
2020-12-08,111.63999938964844,112.04000091552734,111.0,111.30000305175781,321100,2020-12-08,0,1
2020-12-09,113.23999786376953,114.02999877929688,110.77999877929688,111.56999969482422,723500,2020-12-09,0,1
2020-12-10,111.12999725341797,113.04000091552734,110.0,112.66000366210938,535100,2020-12-10,0,1
2020-12-11,111.9000015258789,113.68000030517578,111.77999877929688,112.9800033569336,706100,2020-12-11,0,1
2020-12-14,113.19999694824219,116.2300033569336,112.94000244140625,113.83000183105469,746000,2020-12-14,0,1
2020-12-15,114.30000305175781,115.5,113.01000213623047,114.05000305175781,646900,2020-12-15,0,1
2020-12-16,115.41999816894531,116.79000091552734,114.19000244140625,115.06999969482422,990000,2020-12-16,0,1
2020-12-17,116.0,118.5199966430664,115.6500015258789,118.47000122070312,835800,2020-12-17,0,1
2020-12-18,119.37000274658203,119.97000122070312,117.38999938964844,118.38999938964844,1858600,2020-12-18,0,1
2020-12-21,116.73999786376953,120.37000274658203,115.8499984741211,120.13999938964844,730400,2020-12-21,0,1
2020-12-22,120.48999786376953,121.55000305175781,119.58000183105469,120.0199966430664,439000,2020-12-22,0,1
2020-12-23,119.9800033569336,121.25,118.87000274658203,119.16999816894531,392600,2020-12-23,0,1
2020-12-24,119.81999969482422,120.18000030517578,119.04000091552734,119.8499984741211,189400,2020-12-24,0,1
2020-12-28,121.36000061035156,121.75,118.0,118.80999755859375,392700,2020-12-28,0,1
2020-12-29,118.80000305175781,118.94000244140625,116.9800033569336,117.7699966430664,293400,2020-12-29,0,1
2020-12-30,118.76000213623047,120.16000366210938,118.30000305175781,119.51000213623047,283300,2020-12-30,0,1
2020-12-31,119.5999984741211,120.2699966430664,118.70999908447266,119.61000061035156,377800,2020-12-31,0,1
2021-01-04,120.06999969482422,120.63999938964844,116.0199966430664,118.18000030517578,710600,2021-01-04,0,1
2021-01-05,118.05999755859375,119.87000274658203,117.37000274658203,118.51000213623047,490300,2021-01-05,0,1
2021-01-06,118.02999877929688,121.12999725341797,117.0199966430664,119.0,1352000,2021-01-06,0,1
2021-01-07,119.76000213623047,125.52999877929688,119.76000213623047,125.44999694824219,706000,2021-01-07,0,1
2021-01-08,125.81999969482422,129.25999450683594,125.81999969482422,127.94000244140625,1010200,2021-01-08,0,1
2021-01-11,126.2699966430664,129.8699951171875,126.26000213623047,129.16000366210938,945900,2021-01-11,0,1
2021-01-12,130.11000061035156,130.9499969482422,128.0,128.5,519400,2021-01-12,0,1
2021-01-13,128.92999267578125,128.9499969482422,124.4800033569336,124.51000213623047,613300,2021-01-13,0,1
2021-01-14,124.16000366210938,124.8499984741211,123.52999877929688,124.5999984741211,475900,2021-01-14,0,1
2021-01-15,124.7300033569336,125.11000061035156,122.72000122070312,124.12000274658203,416100,2021-01-15,0,1
2021-01-19,125.31999969482422,126.63999938964844,124.01000213623047,125.55000305175781,795200,2021-01-19,0,1
2021-01-20,127.0,130.52999877929688,126.27999877929688,130.38999938964844,935100,2021-01-20,0,1
2021-01-21,131.63999938964844,132.3300018310547,128.4600067138672,129.55999755859375,746700,2021-01-21,0,1
2021-01-22,129.47999572753906,131.27000427246094,128.00999450683594,130.8800048828125,540900,2021-01-22,0,1
2021-01-25,132.3699951171875,132.8300018310547,127.77999877929688,130.8800048828125,633200,2021-01-25,0,1
2021-01-26,131.19000244140625,131.9499969482422,128.33999633789062,129.52000427246094,698700,2021-01-26,0,1
2021-01-27,127.0,128.44000244140625,120.83000183105469,120.83000183105469,1065000,2021-01-27,0,1
2021-01-28,133.89999389648438,141.6699981689453,131.0,138.3300018310547,3847500,2021-01-28,0,1
2021-01-29,137.6699981689453,137.6699981689453,131.97000122070312,132.91000366210938,918000,2021-01-29,0,1
2021-02-01,133.8000030517578,138.88999938964844,132.92999267578125,137.0,880600,2021-02-01,0,1
2021-02-02,138.0,140.49000549316406,137.0500030517578,138.00999450683594,761000,2021-02-02,0,1
2021-02-03,138.0,139.92999267578125,137.0,138.1300048828125,579300,2021-02-03,0,1
2021-02-04,139.10000610351562,141.1300048828125,138.17999267578125,139.2899932861328,544100,2021-02-04,0,1
2021-02-05,140.00999450683594,142.9199981689453,140.00999450683594,142.72999572753906,739100,2021-02-05,0,1
2021-02-08,144.42999267578125,144.8300018310547,141.88999938964844,142.9199981689453,617900,2021-02-08,0,1
2021-02-09,143.74000549316406,144.89999389648438,142.9600067138672,144.0500030517578,569600,2021-02-09,0,1
2021-02-10,144.6699981689453,146.6300048828125,143.63999938964844,144.72999572753906,554000,2021-02-10,0,1
2021-02-11,145.27999877929688,145.7899932861328,142.77000427246094,143.64999389648438,672600,2021-02-11,0,1
2021-02-12,143.5,143.92999267578125,142.0800018310547,142.72000122070312,566100,2021-02-12,0,1
2021-02-16,143.35000610351562,146.42999267578125,143.0,146.1300048828125,701100,2021-02-16,0,1
2021-02-17,144.9499969482422,144.9499969482422,142.25999450683594,144.19000244140625,459100,2021-02-17,0,1
2021-02-18,142.3699951171875,144.61000061035156,139.3800048828125,143.2100067138672,503000,2021-02-18,0,1
2021-02-19,144.36000061035156,147.6699981689453,143.9600067138672,146.72999572753906,467900,2021-02-19,0,1
2021-02-22,144.44000244140625,145.72999572753906,142.63999938964844,142.9499969482422,473900,2021-02-22,0,1
2021-02-23,139.0399932861328,140.67999267578125,134.5399932861328,140.1300048828125,761800,2021-02-23,0,1
2021-02-24,139.25999450683594,143.1699981689453,137.27000427246094,142.3300018310547,831300,2021-02-24,0,1
2021-02-25,140.67999267578125,141.60000610351562,133.55999755859375,134.47999572753906,620900,2021-02-25,0,1
2021-02-26,135.19000244140625,138.32000732421875,134.1199951171875,136.94000244140625,1151000,2021-02-26,0,1
2021-03-01,139.55999755859375,142.5800018310547,139.0399932861328,142.2100067138672,656100,2021-03-01,0,1
2021-03-02,143.1199951171875,143.49000549316406,136.41000366210938,136.50999450683594,843600,2021-03-02,0,1
2021-03-03,135.94000244140625,137.49000549316406,131.63999938964844,132.33999633789062,607900,2021-03-03,0,1
2021-03-04,131.4199981689453,133.14999389648438,124.87000274658203,126.43000030517578,827000,2021-03-04,0,1
2021-03-05,127.23999786376953,127.30999755859375,117.9800033569336,125.51000213623047,1154500,2021-03-05,0,1
2021-03-08,124.97000122070312,126.87000274658203,118.80000305175781,118.8499984741211,769300,2021-03-08,0,1
2021-03-09,122.33000183105469,128.83999633789062,122.0,127.55000305175781,706000,2021-03-09,0,1
2021-03-10,129.3000030517578,132.10000610351562,128.69000244140625,130.99000549316406,782400,2021-03-10,0,1
2021-03-11,134.3699951171875,137.6699981689453,134.0399932861328,135.83999633789062,1086500,2021-03-11,0,1
2021-03-12,135.35000610351562,135.35000610351562,131.07000732421875,132.19000244140625,476600,2021-03-12,0,1
2021-03-15,132.82000732421875,137.25,132.5500030517578,137.08999633789062,612600,2021-03-15,0,1
2021-03-16,139.1199951171875,139.25999450683594,134.39999389648438,135.55999755859375,415200,2021-03-16,0,1
2021-03-17,134.75999450683594,135.97999572753906,129.82000732421875,132.22999572753906,961200,2021-03-17,0,1
2021-03-18,129.00999450683594,131.08999633789062,125.7300033569336,127.02999877929688,1046000,2021-03-18,0,1
2021-03-19,128.5399932861328,130.5,126.51000213623047,129.66000366210938,1183600,2021-03-19,0,1
2021-03-22,130.14999389648438,132.3800048828125,130.05999755859375,130.13999938964844,472300,2021-03-22,0,1
2021-03-23,130.50999450683594,133.41000366210938,129.2899932861328,129.80999755859375,607300,2021-03-23,0,1
2021-03-24,130.8699951171875,130.8699951171875,126.69999694824219,126.83999633789062,549900,2021-03-24,0,1
2021-03-25,125.5199966430664,128.4499969482422,122.97000122070312,128.0,617400,2021-03-25,0,1
2021-03-26,128.4199981689453,135.60000610351562,128.4199981689453,135.42999267578125,905700,2021-03-26,0,1
2021-03-29,134.72999572753906,135.91000366210938,131.42999267578125,131.6999969482422,926700,2021-03-29,0,1
2021-03-30,130.67999267578125,133.77000427246094,130.11000061035156,132.0,407000,2021-03-30,0,1
2021-03-31,133.3300018310547,139.83999633789062,133.3300018310547,137.64999389648438,923500,2021-03-31,0,1
2021-04-01,139.6999969482422,144.8800048828125,139.6999969482422,143.8699951171875,837600,2021-04-01,0,1
2021-04-05,145.0,146.52999877929688,143.33999633789062,145.97999572753906,635700,2021-04-05,0,1
2021-04-06,145.75999450683594,146.91000366210938,144.02000427246094,144.30999755859375,766400,2021-04-06,0,1
2021-04-07,144.0,144.97999572753906,142.58999633789062,143.22000122070312,402500,2021-04-07,0,1
2021-04-08,145.5399932861328,149.25999450683594,144.38999938964844,146.6300048828125,839900,2021-04-08,0,1
2021-04-09,146.97999572753906,146.97999572753906,144.4600067138672,146.0399932861328,397900,2021-04-09,0,1
2021-04-12,144.8800048828125,147.38999938964844,144.4199981689453,146.64999389648438,322000,2021-04-12,0,1
2021-04-13,146.6999969482422,148.27999877929688,145.07000732421875,147.2100067138672,335300,2021-04-13,0,1
2021-04-14,146.8300018310547,149.24000549316406,146.14999389648438,146.55999755859375,388400,2021-04-14,0,1
2021-04-15,148.25999450683594,149.2100067138672,146.1999969482422,147.5500030517578,497000,2021-04-15,0,1
2021-04-16,148.6199951171875,148.6199951171875,144.4600067138672,146.16000366210938,1584800,2021-04-16,0,1
2021-04-19,144.91000366210938,146.8800048828125,137.92999267578125,139.8000030517578,23298600,2021-04-19,0,1
2021-04-20,139.99000549316406,142.3699951171875,138.9199981689453,142.19000244140625,1199400,2021-04-20,0,1
2021-04-21,141.42999267578125,144.07000732421875,141.05999755859375,144.0,587900,2021-04-21,0,1
2021-04-22,143.42999267578125,146.85000610351562,142.8300018310547,145.27000427246094,703800,2021-04-22,0,1
2021-04-23,146.1999969482422,148.0800018310547,145.94000244140625,147.33999633789062,501800,2021-04-23,0,1
2021-04-26,147.75999450683594,149.49000549316406,147.27000427246094,148.83999633789062,661300,2021-04-26,0,1
2021-04-27,148.41000366210938,149.5,146.05999755859375,147.7899932861328,634200,2021-04-27,0,1
2021-04-28,147.5,148.42999267578125,146.64999389648438,148.2899932861328,631700,2021-04-28,0,1
2021-04-29,141.5399932861328,144.72999572753906,133.05999755859375,133.4199981689453,1971200,2021-04-29,0,1
2021-04-30,133.07000732421875,133.97000122070312,130.52000427246094,130.94000244140625,1057200,2021-04-30,0,1
2021-05-03,132.02999877929688,132.02999877929688,129.08999633789062,130.25,1266900,2021-05-03,0,1
2021-05-04,129.72999572753906,130.13999938964844,126.98999786376953,129.99000549316406,857800,2021-05-04,0,1
2021-05-05,130.50999450683594,132.77000427246094,129.02000427246094,130.89999389648438,769900,2021-05-05,0,1
2021-05-06,129.6300048828125,130.24000549316406,126.95999908447266,130.10000610351562,702700,2021-05-06,0,1
2021-05-07,131.99000549316406,133.3699951171875,130.5,131.16000366210938,658200,2021-05-07,0,1
2021-05-10,130.42999267578125,131.60000610351562,129.1199951171875,129.13999938964844,555600,2021-05-10,0,1
2021-05-11,126.41999816894531,130.9499969482422,125.05999755859375,130.16000366210938,502800,2021-05-11,0,1
2021-05-12,127.63999938964844,128.60000610351562,124.93000030517578,125.30000305175781,905600,2021-05-12,0,1
2021-05-13,126.98999786376953,127.56999969482422,123.05999755859375,125.38999938964844,777700,2021-05-13,0,1
2021-05-14,127.2699966430664,129.8800048828125,125.76000213623047,129.00999450683594,741700,2021-05-14,0,1
2021-05-17,127.54000091552734,128.77000427246094,126.13999938964844,127.66000366210938,558800,2021-05-17,0,1
2021-05-18,127.62000274658203,130.0399932861328,126.88999938964844,127.83999633789062,743400,2021-05-18,0,1
2021-05-19,125.88999938964844,127.19999694824219,124.62999725341797,127.12000274658203,558200,2021-05-19,0,1
2021-05-20,128.24000549316406,131.42999267578125,128.0,130.6999969482422,539900,2021-05-20,0,1
2021-05-21,132.14999389648438,133.07000732421875,130.3300018310547,130.77000427246094,764400,2021-05-21,0,1
2021-05-24,132.5,133.58999633789062,131.50999450683594,132.82000732421875,512700,2021-05-24,0,1
2021-05-25,134.41000366210938,135.22000122070312,132.8000030517578,133.02999877929688,483000,2021-05-25,0,1
2021-05-26,133.27999877929688,134.1300048828125,132.17999267578125,132.88999938964844,453600,2021-05-26,0,1
2021-05-27,133.1199951171875,133.52000427246094,130.64999389648438,133.07000732421875,687100,2021-05-27,0,1
2021-05-28,134.08999633789062,135.4600067138672,133.6699981689453,134.13999938964844,482800,2021-05-28,0,1
2021-06-01,135.49000549316406,135.6999969482422,131.8000030517578,131.89999389648438,503000,2021-06-01,0,1
2021-06-02,131.8300018310547,131.8300018310547,129.36000061035156,130.75999450683594,619300,2021-06-02,0,1
2021-06-03,130.75999450683594,131.3699951171875,128.25999450683594,129.5800018310547,477700,2021-06-03,0,1
2021-06-04,131.0,134.82000732421875,131.0,132.5399932861328,256600,2021-06-04,0,1
2021-06-07,134.8800048828125,134.9199981689453,131.9600067138672,132.57000732421875,586200,2021-06-07,0,1
2021-06-08,133.94000244140625,135.72000122070312,133.30999755859375,134.9499969482422,445600,2021-06-08,0,1
2021-06-09,135.35000610351562,136.5800018310547,134.49000549316406,134.74000549316406,328900,2021-06-09,0,1
2021-06-10,135.0,136.4499969482422,134.50999450683594,136.3699951171875,337100,2021-06-10,0,1
2021-06-11,136.97999572753906,137.14999389648438,135.41000366210938,136.4199981689453,371000,2021-06-11,0,1
2021-06-14,136.83999633789062,138.05999755859375,136.83999633789062,137.66000366210938,263100,2021-06-14,0,1
2021-06-15,138.0,138.35000610351562,136.0800018310547,136.4600067138672,285800,2021-06-15,0,1
2021-06-16,136.47000122070312,136.47000122070312,132.38999938964844,134.67999267578125,558000,2021-06-16,0,1
2021-06-17,134.30999755859375,135.5,133.7100067138672,134.27000427246094,478600,2021-06-17,0,1
2021-06-18,134.13999938964844,134.66000366210938,130.5,131.75,1008000,2021-06-18,0,1
2021-06-21,131.4600067138672,134.83999633789062,130.22999572753906,134.64999389648438,640500,2021-06-21,0,1
2021-06-22,134.64999389648438,135.44000244140625,133.57000732421875,135.19000244140625,436100,2021-06-22,0,1
2021-06-23,135.58999633789062,136.6300048828125,134.61000061035156,135.7100067138672,408900,2021-06-23,0,1
2021-06-24,137.0,138.47999572753906,136.25,137.74000549316406,527500,2021-06-24,0,1
2021-06-25,138.0,139.24000549316406,137.1300048828125,138.69000244140625,636500,2021-06-25,0,1
2021-06-28,139.99000549316406,141.16000366210938,139.4499969482422,140.10000610351562,562600,2021-06-28,0,1
2021-06-29,140.10000610351562,142.1199951171875,139.33999633789062,141.75999450683594,432300,2021-06-29,0,1
2021-06-30,141.38999938964844,142.39999389648438,140.3800048828125,141.25999450683594,483900,2021-06-30,0,1
2021-07-01,140.8800048828125,143.25999450683594,140.5,142.97000122070312,588200,2021-07-01,0,1
2021-07-02,143.67999267578125,144.1999969482422,142.38999938964844,143.97999572753906,425200,2021-07-02,0,1
2021-07-06,144.36000061035156,145.7100067138672,143.57000732421875,145.5800018310547,606300,2021-07-06,0,1
2021-07-07,146.0,147.07000732421875,143.4499969482422,144.1199951171875,724100,2021-07-07,0,1
2021-07-08,142.0399932861328,143.8699951171875,139.3800048828125,142.86000061035156,438600,2021-07-08,0,1
2021-07-09,142.86000061035156,145.52999877929688,142.7899932861328,145.13999938964844,465500,2021-07-09,0,1
2021-07-12,145.5,145.64999389648438,142.5,142.8800048828125,504600,2021-07-12,0,1
2021-07-13,142.8800048828125,143.8800048828125,141.4199981689453,143.05999755859375,348000,2021-07-13,0,1
2021-07-14,144.1300048828125,144.1300048828125,141.77000427246094,142.57000732421875,358100,2021-07-14,0,1
2021-07-15,141.9199981689453,142.6300048828125,139.8300018310547,141.27999877929688,386800,2021-07-15,0,1
2021-07-16,141.99000549316406,142.74000549316406,139.72999572753906,140.1999969482422,469600,2021-07-16,0,1
2021-07-19,138.30999755859375,138.30999755859375,135.35000610351562,136.7100067138672,700800,2021-07-19,0,1
2021-07-20,137.30999755859375,143.52000427246094,136.72000122070312,142.9600067138672,810600,2021-07-20,0,1
2021-07-21,143.24000549316406,146.66000366210938,142.82000732421875,146.5,637900,2021-07-21,0,1
2021-07-22,146.77999877929688,148.82000732421875,146.77999877929688,148.27999877929688,479800,2021-07-22,0,1
2021-07-23,148.9499969482422,153.72999572753906,148.2899932861328,152.69000244140625,943800,2021-07-23,0,1
2021-07-26,151.99000549316406,152.0,148.9499969482422,151.32000732421875,592900,2021-07-26,0,1
2021-07-27,150.4199981689453,150.4199981689453,142.44000244140625,143.60000610351562,889300,2021-07-27,0,1
2021-07-28,144.0,146.42999267578125,142.9199981689453,145.25,667100,2021-07-28,0,1
2021-07-29,136.55999755859375,137.5,130.0500030517578,133.02999877929688,1725900,2021-07-29,0,1
2021-07-30,133.1199951171875,135.5,131.19000244140625,135.4499969482422,1028000,2021-07-30,0,1
2021-08-02,135.67999267578125,135.7899932861328,130.8000030517578,131.07000732421875,676200,2021-08-02,0,1
2021-08-03,131.07000732421875,133.27000427246094,130.6699981689453,132.41000366210938,622500,2021-08-03,0,1
2021-08-04,132.8699951171875,135.72999572753906,131.89999389648438,135.3000030517578,792600,2021-08-04,0,1
2021-08-05,135.47999572753906,137.19000244140625,134.3800048828125,135.5500030517578,905900,2021-08-05,0,1
2021-08-06,135.8800048828125,136.3300018310547,134.4499969482422,135.3699951171875,502600,2021-08-06,0,1
2021-08-09,135.5500030517578,136.10000610351562,134.66000366210938,135.17999267578125,283700,2021-08-09,0,1
2021-08-10,136.17999267578125,137.6699981689453,135.1699981689453,135.77999877929688,482800,2021-08-10,0,1
2021-08-11,136.74000549316406,136.74000549316406,133.60000610351562,134.49000549316406,304100,2021-08-11,0,1
2021-08-12,134.35000610351562,134.35000610351562,133.0500030517578,133.67999267578125,487300,2021-08-12,0,1
2021-08-13,133.86000061035156,134.0800018310547,131.6999969482422,132.00999450683594,807800,2021-08-13,0,1
2021-08-16,131.6199951171875,131.6199951171875,129.32000732421875,130.16000366210938,891900,2021-08-16,0,1
2021-08-17,129.3000030517578,129.3000030517578,125.94000244140625,127.9800033569336,994100,2021-08-17,0,1
2021-08-18,127.22000122070312,128.07000732421875,126.43000030517578,126.56999969482422,469500,2021-08-18,0,1
2021-08-19,124.9800033569336,126.47000122070312,124.18000030517578,126.25,578900,2021-08-19,0,1
2021-08-20,126.44000244140625,128.5,126.02999877929688,128.2899932861328,471900,2021-08-20,0,1
2021-08-23,128.9499969482422,130.10000610351562,128.8000030517578,129.89999389648438,624100,2021-08-23,0,1
2021-08-24,130.66000366210938,132.49000549316406,130.58999633789062,131.25999450683594,344700,2021-08-24,0,1
2021-08-25,131.10000610351562,132.47999572753906,130.5500030517578,131.72000122070312,349100,2021-08-25,0,1
2021-08-26,131.27999877929688,131.89999389648438,129.27999877929688,130.17999267578125,591300,2021-08-26,0,1
2021-08-27,130.5,132.89999389648438,130.49000549316406,131.97999572753906,601200,2021-08-27,0,1
2021-08-30,132.47000122070312,133.0,131.8699951171875,132.47000122070312,346400,2021-08-30,0,1
2021-08-31,133.0,133.0,131.10000610351562,131.66000366210938,585900,2021-08-31,0,1
2021-09-01,132.60000610351562,134.69000244140625,132.60000610351562,133.11000061035156,685500,2021-09-01,0,1
2021-09-02,133.8699951171875,134.60000610351562,131.44000244140625,131.83999633789062,356100,2021-09-02,0,1
2021-09-03,131.57000732421875,133.4499969482422,131.25,132.99000549316406,354900,2021-09-03,0,1
2021-09-07,133.0,133.64999389648438,129.52999877929688,129.77000427246094,527600,2021-09-07,0,1
2021-09-08,130.85000610351562,130.85000610351562,127.70999908447266,129.7899932861328,474300,2021-09-08,0,1
2021-09-09,130.11000061035156,130.6699981689453,127.33000183105469,127.38999938964844,2543400,2021-09-09,0,1
2021-09-10,127.88999938964844,128.77999877929688,125.4800033569336,125.62000274658203,1051800,2021-09-10,0,1
2021-09-13,125.62000274658203,126.41000366210938,122.05000305175781,122.80999755859375,1728400,2021-09-13,0,1
2021-09-14,123.94000244140625,125.06999969482422,121.87000274658203,122.44000244140625,1020200,2021-09-14,0,1
2021-09-15,122.8499984741211,125.3499984741211,121.6500015258789,125.19999694824219,1191700,2021-09-15,0,1
2021-09-16,125.0,125.63999938964844,122.9800033569336,125.5,633900,2021-09-16,0,1
2021-09-17,125.16000366210938,125.58000183105469,122.52999877929688,123.13999938964844,773100,2021-09-17,0,1
2021-09-20,120.27999877929688,121.38999938964844,118.61000061035156,120.73999786376953,643600,2021-09-20,0,1
2021-09-21,121.44999694824219,121.47000122070312,119.48999786376953,119.93000030517578,536400,2021-09-21,0,1
2021-09-22,120.29000091552734,122.62999725341797,119.8499984741211,121.08999633789062,769400,2021-09-22,0,1
2021-09-23,122.33000183105469,125.33999633789062,121.29000091552734,123.83999633789062,524900,2021-09-23,0,1
2021-09-24,122.44000244140625,124.1500015258789,122.29000091552734,123.5199966430664,347500,2021-09-24,0,1
2021-09-27,123.05000305175781,124.72000122070312,121.83000183105469,124.08000183105469,627600,2021-09-27,0,1
2021-09-28,122.5199966430664,123.33999633789062,118.87000274658203,121.0,754200,2021-09-28,0,1
2021-09-29,121.55999755859375,122.69999694824219,119.5999984741211,120.0,550600,2021-09-29,0,1
2021-09-30,120.62000274658203,121.76000213623047,119.33000183105469,119.79000091552734,813400,2021-09-30,0,1
2021-10-01,120.4000015258789,121.30000305175781,119.70999908447266,120.51000213623047,472600,2021-10-01,0,1
2021-10-04,119.98999786376953,120.19999694824219,114.6500015258789,117.51000213623047,1076100,2021-10-04,0,1
2021-10-05,117.80000305175781,120.01000213623047,116.93000030517578,119.87000274658203,1370600,2021-10-05,0,1
2021-10-06,118.0199966430664,120.16000366210938,117.19999694824219,119.58999633789062,616700,2021-10-06,0,1
2021-10-07,120.70999908447266,122.94999694824219,119.69000244140625,120.19999694824219,544000,2021-10-07,0,1
2021-10-08,120.48999786376953,121.44000244140625,119.61000061035156,120.04000091552734,544500,2021-10-08,0,1
2021-10-11,119.83000183105469,121.12000274658203,117.6500015258789,117.94000244140625,467400,2021-10-11,0,1
2021-10-12,118.80000305175781,119.94000244140625,117.01000213623047,117.1500015258789,474900,2021-10-12,0,1
2021-10-13,118.16000366210938,121.26000213623047,118.16000366210938,120.68000030517578,624900,2021-10-13,0,1
2021-10-14,123.22000122070312,124.44999694824219,122.4800033569336,122.83000183105469,550900,2021-10-14,0,1
2021-10-15,123.73999786376953,123.93000030517578,122.70999908447266,123.5,563600,2021-10-15,0,1
2021-10-18,122.51000213623047,125.20999908447266,122.1500015258789,124.95999908447266,639000,2021-10-18,0,1
2021-10-19,126.26000213623047,129.25999450683594,125.69999694824219,129.00999450683594,793300,2021-10-19,0,1
2021-10-20,129.2100067138672,129.67999267578125,126.94999694824219,129.47999572753906,650900,2021-10-20,0,1
2021-10-21,128.75,129.3699951171875,126.05000305175781,127.98999786376953,683900,2021-10-21,0,1
2021-10-22,128.66000366210938,128.9600067138672,126.7699966430664,128.11000061035156,431100,2021-10-22,0,1
2021-10-25,128.5,130.36000061035156,127.52999877929688,129.36000061035156,416500,2021-10-25,0,1
2021-10-26,129.97999572753906,129.97999572753906,127.44999694824219,127.5999984741211,402300,2021-10-26,0,1
2021-10-27,127.61000061035156,128.5399932861328,124.86000061035156,125.01000213623047,788300,2021-10-27,0,1
2021-10-28,125.48999786376953,128.63999938964844,124.5999984741211,126.87000274658203,873700,2021-10-28,0,1
2021-10-29,126.11000061035156,128.97999572753906,126.08999633789062,127.3499984741211,965700,2021-10-29,0,1
2021-11-01,127.55999755859375,128.80999755859375,125.41000366210938,126.80000305175781,625900,2021-11-01,0,1
2021-11-02,126.68000030517578,127.0999984741211,124.94999694824219,126.41000366210938,768300,2021-11-02,0,1
2021-11-03,125.83999633789062,130.57000732421875,125.12000274658203,129.85000610351562,956200,2021-11-03,0,1
2021-11-04,136.0,136.0,117.30000305175781,120.93000030517578,2614400,2021-11-04,0,1
2021-11-05,121.91000366210938,127.63999938964844,121.72000122070312,125.94000244140625,1047500,2021-11-05,0,1
2021-11-08,125.08999633789062,126.91000366210938,123.5,126.43000030517578,728300,2021-11-08,0,1
2021-11-09,126.0199966430664,127.61000061035156,121.75,122.37000274658203,755300,2021-11-09,0,1
2021-11-10,121.55000305175781,122.61000061035156,119.62999725341797,120.18000030517578,770200,2021-11-10,0,1
2021-11-11,120.97000122070312,121.06999969482422,119.55000305175781,119.79000091552734,844700,2021-11-11,0,1
2021-11-12,120.79000091552734,121.94000244140625,119.83999633789062,121.83000183105469,579100,2021-11-12,0,1
2021-11-15,122.0,122.36000061035156,119.30999755859375,120.05000305175781,552600,2021-11-15,0,1
2021-11-16,119.5,123.7300033569336,118.9000015258789,122.79000091552734,911700,2021-11-16,0,1
2021-11-17,122.47000122070312,123.88999938964844,119.62999725341797,119.63999938964844,541400,2021-11-17,0,1
2021-11-18,119.80999755859375,120.4800033569336,116.9000015258789,117.44999694824219,565700,2021-11-18,0,1
2021-11-19,118.20999908447266,118.66000366210938,117.29000091552734,117.33000183105469,516900,2021-11-19,0,1
2021-11-22,117.48999786376953,118.3499984741211,114.52999877929688,115.93000030517578,680000,2021-11-22,0,1
2021-11-23,111.12999725341797,111.5999984741211,107.62999725341797,109.72000122070312,2215700,2021-11-23,0,1
2021-11-24,108.19999694824219,110.12999725341797,106.72000122070312,110.0,1496800,2021-11-24,0,1
2021-11-26,108.73999786376953,110.16999816894531,105.51000213623047,105.94000244140625,619900,2021-11-26,0,1
2021-11-29,107.87000274658203,111.83999633789062,107.0,110.31999969482422,1143700,2021-11-29,0,1
2021-11-30,109.68000030517578,110.98999786376953,105.48999786376953,109.58000183105469,1883300,2021-11-30,0,1
2021-12-01,111.44000244140625,112.01000213623047,108.41000366210938,108.83999633789062,1131500,2021-12-01,0,1
2021-12-02,108.56999969482422,111.29000091552734,108.12000274658203,110.91000366210938,680800,2021-12-02,0,1
2021-12-03,111.19000244140625,113.58000183105469,109.94999694824219,112.88999938964844,1839800,2021-12-03,0,1
2021-12-06,113.0,117.05000305175781,111.56999969482422,116.63999938964844,1007300,2021-12-06,0,1
2021-12-07,118.5199966430664,120.8499984741211,117.87999725341797,120.19999694824219,866200,2021-12-07,0,1
2021-12-08,120.01000213623047,121.58999633789062,117.08000183105469,120.73999786376953,802600,2021-12-08,0,1
2021-12-09,120.22000122070312,122.30999755859375,119.87999725341797,119.95999908447266,699600,2021-12-09,0,1
2021-12-10,120.86000061035156,121.86000061035156,119.01000213623047,120.56999969482422,774600,2021-12-10,0,1
2021-12-13,120.0999984741211,123.45999908447266,119.94000244140625,122.5199966430664,793200,2021-12-13,0,1
2021-12-14,117.73999786376953,119.80000305175781,115.08999633789062,117.30999755859375,1153300,2021-12-14,0,1
2021-12-15,117.05999755859375,119.22000122070312,113.69000244140625,118.66999816894531,1287200,2021-12-15,0,1
2021-12-16,119.11000061035156,119.31999969482422,115.41000366210938,115.5199966430664,1102300,2021-12-16,0,1
2021-12-17,115.69999694824219,121.58999633789062,113.93000030517578,120.75,2048000,2021-12-17,0,1
2021-12-20,118.9000015258789,121.22000122070312,117.7300033569336,119.91999816894531,891700,2021-12-20,0,1
2021-12-21,120.76000213623047,121.30000305175781,119.88999938964844,120.7300033569336,737400,2021-12-21,0,1
2021-12-22,120.80999755859375,122.5199966430664,119.75,121.08000183105469,484800,2021-12-22,0,1
2021-12-23,121.38999938964844,121.70999908447266,120.08000183105469,120.51000213623047,444200,2021-12-23,0,1
2021-12-27,120.55999755859375,122.66999816894531,120.26000213623047,122.5999984741211,403900,2021-12-27,0,1
2021-12-28,123.1500015258789,123.5,121.91999816894531,122.33999633789062,370300,2021-12-28,0,1
2021-12-29,122.33999633789062,122.6500015258789,121.3499984741211,122.12999725341797,259700,2021-12-29,0,1
2021-12-30,122.87999725341797,123.44000244140625,121.88999938964844,122.04000091552734,297600,2021-12-30,0,1
2021-12-31,122.0999984741211,122.13999938964844,120.94999694824219,121.1500015258789,313700,2021-12-31,0,1
2022-01-03,121.31999969482422,123.45999908447266,118.7699966430664,122.9800033569336,580100,2022-01-03,0,1
2022-01-04,122.77999877929688,123.0,120.5999984741211,122.5999984741211,449900,2022-01-04,0,1
2022-01-05,122.16999816894531,123.43000030517578,118.13999938964844,118.33000183105469,806300,2022-01-05,0,1
2022-01-06,117.56999969482422,119.06999969482422,115.56999969482422,117.13999938964844,463900,2022-01-06,0,1
2022-01-07,116.4000015258789,118.83000183105469,115.05000305175781,115.08000183105469,458300,2022-01-07,0,1
2022-01-10,113.48999786376953,114.58999633789062,110.52999877929688,114.54000091552734,823900,2022-01-10,0,1
2022-01-11,114.62999725341797,119.5199966430664,112.06999969482422,119.2699966430664,612000,2022-01-11,0,1
2022-01-12,120.11000061035156,121.73999786376953,118.27999877929688,120.05000305175781,473700,2022-01-12,0,1
2022-01-13,120.3499984741211,121.13999938964844,114.62999725341797,115.19999694824219,672800,2022-01-13,0,1
2022-01-14,114.23999786376953,116.63999938964844,112.93000030517578,115.87999725341797,513800,2022-01-14,0,1
2022-01-18,114.44000244140625,117.37000274658203,113.7699966430664,116.06999969482422,1100700,2022-01-18,0,1
2022-01-19,116.06999969482422,121.69999694824219,115.98999786376953,117.36000061035156,677500,2022-01-19,0,1
2022-01-20,118.0999984741211,120.26000213623047,115.61000061035156,115.7699966430664,607000,2022-01-20,0,1
2022-01-21,115.08000183105469,118.27999877929688,113.88999938964844,116.05999755859375,1191400,2022-01-21,0,1
2022-01-24,114.4000015258789,117.62000274658203,111.43000030517578,117.5999984741211,1364600,2022-01-24,0,1
2022-01-25,113.91000366210938,116.52999877929688,112.55999755859375,114.62999725341797,862400,2022-01-25,0,1
2022-01-26,116.0,117.98999786376953,112.5,113.4800033569336,1209100,2022-01-26,0,1
2022-01-27,107.69999694824219,112.16999816894531,106.0,109.77999877929688,2068500,2022-01-27,0,1
2022-01-28,109.91999816894531,113.5199966430664,106.88999938964844,113.41000366210938,845300,2022-01-28,0,1
2022-01-31,112.56999969482422,116.52999877929688,112.56999969482422,116.26000213623047,730500,2022-01-31,0,1
2022-02-01,116.43000030517578,117.12000274658203,114.61000061035156,116.1500015258789,716000,2022-02-01,0,1
2022-02-02,116.1500015258789,116.98999786376953,114.62000274658203,116.4000015258789,494700,2022-02-02,0,1
2022-02-03,114.5,115.41000366210938,113.12000274658203,113.62999725341797,656000,2022-02-03,0,1
2022-02-04,113.55999755859375,116.37000274658203,113.01000213623047,115.76000213623047,529000,2022-02-04,0,1
2022-02-07,116.52999877929688,117.80000305175781,114.88999938964844,115.16999816894531,464900,2022-02-07,0,1
2022-02-08,114.93000030517578,115.69000244140625,113.45999908447266,114.62999725341797,592500,2022-02-08,0,1
2022-02-09,116.22000122070312,120.20999908447266,115.25,120.11000061035156,508400,2022-02-09,0,1
2022-02-10,117.30999755859375,120.55999755859375,116.95999908447266,118.33000183105469,584800,2022-02-10,0,1
2022-02-11,118.83999633789062,119.13999938964844,113.63999938964844,114.1500015258789,495900,2022-02-11,0,1
2022-02-14,113.6500015258789,114.94000244140625,111.2300033569336,111.91000366210938,517800,2022-02-14,0,1
2022-02-15,114.45999908447266,114.45999908447266,111.43000030517578,113.19999694824219,581600,2022-02-15,0,1
2022-02-16,112.41999816894531,114.77999877929688,111.33000183105469,114.6500015258789,560200,2022-02-16,0,1
2022-02-17,112.93000030517578,113.86000061035156,109.23999786376953,109.54000091552734,592400,2022-02-17,0,1
2022-02-18,109.83000183105469,110.91000366210938,107.79000091552734,108.86000061035156,974700,2022-02-18,0,1
2022-02-22,108.01000213623047,109.80000305175781,106.56999969482422,107.05000305175781,713400,2022-02-22,0,1
2022-02-23,107.8499984741211,108.56999969482422,106.45999908447266,106.54000091552734,1112300,2022-02-23,0,1
2022-02-24,103.83000183105469,109.91999816894531,103.44000244140625,109.8499984741211,805000,2022-02-24,0,1
2022-02-25,110.08000183105469,111.52999877929688,107.83000183105469,111.5199966430664,510800,2022-02-25,0,1
2022-02-28,110.47000122070312,112.5,107.5199966430664,111.27999877929688,884400,2022-02-28,0,1
2022-03-01,111.69999694824219,113.44000244140625,109.30000305175781,110.12999725341797,495900,2022-03-01,0,1
2022-03-02,110.62999725341797,113.31999969482422,109.05999755859375,111.76000213623047,526500,2022-03-02,0,1
2022-03-03,112.48999786376953,113.02999877929688,108.3499984741211,109.0,571400,2022-03-03,0,1
2022-03-04,109.0199966430664,109.19999694824219,106.2300033569336,107.98999786376953,482100,2022-03-04,0,1
2022-03-07,108.16999816894531,109.44999694824219,104.83000183105469,104.86000061035156,779600,2022-03-07,0,1
2022-03-08,104.2300033569336,106.12999725341797,101.6500015258789,104.44999694824219,715100,2022-03-08,0,1
2022-03-09,106.91999816894531,109.62000274658203,106.62000274658203,109.30000305175781,592400,2022-03-09,0,1
2022-03-10,107.20999908447266,108.16000366210938,105.48999786376953,106.81999969482422,296300,2022-03-10,0,1
2022-03-11,107.72000122070312,107.72000122070312,103.87000274658203,103.94000244140625,357200,2022-03-11,0,1
2022-03-14,104.13999938964844,105.20999908447266,100.5999984741211,101.51000213623047,374000,2022-03-14,0,1
2022-03-15,102.41999816894531,106.13999938964844,101.70999908447266,105.94999694824219,656600,2022-03-15,0,1
2022-03-16,107.02999877929688,109.95999908447266,105.58000183105469,109.73999786376953,724900,2022-03-16,0,1
2022-03-17,109.51000213623047,111.94999694824219,109.13999938964844,110.7300033569336,657700,2022-03-17,0,1
2022-03-18,110.31999969482422,112.01000213623047,109.69999694824219,111.41999816894531,883200,2022-03-18,0,1
2022-03-21,110.75,111.13999938964844,109.08999633789062,110.66999816894531,550500,2022-03-21,0,1
2022-03-22,110.52999877929688,111.86000061035156,109.83999633789062,111.58999633789062,646900,2022-03-22,0,1
2022-03-23,110.87999725341797,110.87999725341797,107.13999938964844,107.1500015258789,523700,2022-03-23,0,1
2022-03-24,107.97000122070312,108.66000366210938,106.27999877929688,108.01000213623047,436100,2022-03-24,0,1
2022-03-25,108.69000244140625,108.83999633789062,106.69999694824219,107.31999969482422,559200,2022-03-25,0,1
2022-03-28,107.27999877929688,108.4800033569336,106.20999908447266,107.94999694824219,852700,2022-03-28,0,1
2022-03-29,109.5,111.94999694824219,109.44999694824219,111.88999938964844,948400,2022-03-29,0,1
2022-03-30,111.08999633789062,111.79000091552734,108.80999755859375,109.19000244140625,374600,2022-03-30,0,1
2022-03-31,109.2300033569336,109.72000122070312,107.5,107.72000122070312,626800,2022-03-31,0,1
2022-04-01,108.55000305175781,109.31999969482422,105.48999786376953,106.7699966430664,554000,2022-04-01,0,1
2022-04-04,107.27999877929688,109.47000122070312,106.8499984741211,108.75,523400,2022-04-04,0,1
2022-04-05,108.54000091552734,108.76000213623047,104.63999938964844,105.02999877929688,574000,2022-04-05,0,1
2022-04-06,103.18000030517578,104.70999908447266,100.7300033569336,100.9800033569336,680000,2022-04-06,0,1
2022-04-07,100.63999938964844,104.19999694824219,100.63999938964844,104.0,811600,2022-04-07,0,1
2022-04-08,103.45999908447266,104.41999816894531,101.79000091552734,103.5,727000,2022-04-08,0,1
2022-04-11,102.7699966430664,104.26000213623047,101.13999938964844,101.36000061035156,720000,2022-04-11,0,1
2022-04-12,102.7699966430664,104.31999969482422,100.33000183105469,100.55999755859375,488400,2022-04-12,0,1
2022-04-13,100.31999969482422,102.55999755859375,99.69000244140625,101.56999969482422,805800,2022-04-13,0,1
2022-04-14,102.25,102.33000183105469,98.5999984741211,98.70999908447266,544200,2022-04-14,0,1
2022-04-18,98.44000244140625,100.12999725341797,97.0,99.30999755859375,549700,2022-04-18,0,1
2022-04-19,99.37999725341797,100.77999877929688,98.81999969482422,99.91999816894531,478700,2022-04-19,0,1
2022-04-20,101.2300033569336,104.95999908447266,100.25,102.44999694824219,1003600,2022-04-20,0,1
2022-04-21,103.7300033569336,105.66000366210938,100.4800033569336,101.44999694824219,841700,2022-04-21,0,1
2022-04-22,100.83000183105469,102.52999877929688,99.05000305175781,99.12000274658203,978500,2022-04-22,0,1
2022-04-25,99.05999755859375,101.05999755859375,98.9800033569336,99.9000015258789,859400,2022-04-25,0,1
2022-04-26,99.56999969482422,100.36000061035156,96.93000030517578,97.87999725341797,809600,2022-04-26,0,1
2022-04-27,98.01000213623047,100.0999984741211,96.55000305175781,97.62000274658203,1378000,2022-04-27,0,1
2022-04-28,116.19000244140625,118.48999786376953,109.0,114.38999938964844,2684400,2022-04-28,0,1
2022-04-29,114.0999984741211,116.80999755859375,112.06999969482422,114.20999908447266,1469000,2022-04-29,0,1
2022-05-02,113.98999786376953,115.94000244140625,111.75,114.87000274658203,1128100,2022-05-02,0,1
2022-05-03,114.62000274658203,116.66000366210938,114.04000091552734,114.58999633789062,1164800,2022-05-03,0,1
2022-05-04,114.68000030517578,118.18000030517578,112.4000015258789,118.01000213623047,1107500,2022-05-04,0,1
2022-05-05,116.44000244140625,117.47000122070312,111.0199966430664,112.1500015258789,897800,2022-05-05,0,1
2022-05-06,111.58000183105469,112.0,108.5,110.41000366210938,702500,2022-05-06,0,1
2022-05-09,108.58000183105469,109.69999694824219,105.69999694824219,106.55000305175781,942500,2022-05-09,0,1
2022-05-10,108.51000213623047,109.0999984741211,104.16999816894531,107.51000213623047,886900,2022-05-10,0,1
2022-05-11,107.02999877929688,109.1500015258789,102.47000122070312,102.91000366210938,954400,2022-05-11,0,1
2022-05-12,101.70999908447266,106.66000366210938,101.51000213623047,106.31999969482422,785000,2022-05-12,0,1
2022-05-13,107.44000244140625,110.2300033569336,106.41999816894531,109.55000305175781,1355600,2022-05-13,0,1
2022-05-16,109.23999786376953,109.69999694824219,107.31999969482422,108.9800033569336,524300,2022-05-16,0,1
2022-05-17,111.30000305175781,112.51000213623047,108.19000244140625,111.94000244140625,649200,2022-05-17,0,1
2022-05-18,110.54000091552734,111.4000015258789,107.06999969482422,107.41999816894531,435300,2022-05-18,0,1
2022-05-19,107.33999633789062,110.9800033569336,107.16999816894531,109.51000213623047,743400,2022-05-19,0,1
2022-05-20,111.12000274658203,113.58999633789062,109.66999816894531,113.41999816894531,921200,2022-05-20,0,1
2022-05-23,113.41999816894531,113.4800033569336,110.13999938964844,112.95999908447266,469300,2022-05-23,0,1
2022-05-24,111.6500015258789,112.01000213623047,106.58999633789062,108.66999816894531,844300,2022-05-24,0,1
2022-05-25,107.58000183105469,110.75,106.18000030517578,109.36000061035156,1193300,2022-05-25,0,1
2022-05-26,109.66999816894531,113.56999969482422,108.36000061035156,112.16000366210938,439300,2022-05-26,0,1
2022-05-27,113.72000122070312,119.0,113.72000122070312,118.6500015258789,693500,2022-05-27,0,1
2022-05-31,117.66999816894531,118.63999938964844,116.05999755859375,116.52999877929688,977300,2022-05-31,0,1
2022-06-01,117.12999725341797,118.63999938964844,114.62999725341797,116.41999816894531,571500,2022-06-01,0,1
2022-06-02,116.22000122070312,119.75,115.76000213623047,119.69999694824219,580200,2022-06-02,0,1
2022-06-03,117.80999755859375,119.06999969482422,116.66000366210938,118.55999755859375,497000,2022-06-03,0,1
2022-06-06,120.0,120.58000183105469,117.73999786376953,118.47000122070312,504200,2022-06-06,0,1
2022-06-07,116.80000305175781,118.7300033569336,115.18000030517578,117.83999633789062,605300,2022-06-07,0,1
2022-06-08,117.43000030517578,118.69000244140625,115.43000030517578,115.5199966430664,521700,2022-06-08,0,1
2022-06-09,114.29000091552734,115.05000305175781,112.97000122070312,113.02999877929688,582100,2022-06-09,0,1
2022-06-10,110.86000061035156,110.86000061035156,109.0,109.08999633789062,534300,2022-06-10,0,1
2022-06-13,105.19999694824219,106.19000244140625,102.13999938964844,102.44000244140625,501900,2022-06-13,0,1
2022-06-14,102.91999816894531,103.36000061035156,99.79000091552734,99.88999938964844,788200,2022-06-14,0,1
2022-06-15,101.23999786376953,105.43000030517578,100.66000366210938,103.41999816894531,837800,2022-06-15,0,1
2022-06-16,100.6500015258789,101.93000030517578,99.41999816894531,100.27999877929688,1089700,2022-06-16,0,1
2022-06-17,100.16999816894531,104.70999908447266,100.1500015258789,103.91000366210938,1412600,2022-06-17,0,1
2022-06-21,104.93000030517578,107.08999633789062,104.06999969482422,106.13999938964844,634800,2022-06-21,0,1
2022-06-22,105.05000305175781,107.04000091552734,104.61000061035156,105.33999633789062,627100,2022-06-22,0,1
2022-06-23,106.22000122070312,108.69000244140625,105.97000122070312,108.51000213623047,500700,2022-06-23,0,1
2022-06-24,109.05000305175781,112.61000061035156,109.05000305175781,112.44000244140625,883800,2022-06-24,0,1
2022-06-27,112.1500015258789,112.5999984741211,110.66999816894531,112.19000244140625,379400,2022-06-27,0,1
2022-06-28,112.48999786376953,112.9800033569336,106.23999786376953,106.38999938964844,1069500,2022-06-28,0,1
2022-06-29,106.62999725341797,107.30999755859375,104.51000213623047,107.0999984741211,775400,2022-06-29,0,1
2022-06-30,105.94000244140625,107.93000030517578,103.70999908447266,106.33999633789062,584700,2022-06-30,0,1
2022-07-01,106.25,107.22000122070312,104.11000061035156,107.0,539600,2022-07-01,0,1
2022-07-05,105.6500015258789,107.11000061035156,104.6500015258789,107.0999984741211,602100,2022-07-05,0,1
2022-07-06,107.36000061035156,107.8499984741211,105.05000305175781,105.73999786376953,573900,2022-07-06,0,1
2022-07-07,105.9000015258789,107.52999877929688,105.7699966430664,107.38999938964844,531800,2022-07-07,0,1
2022-07-08,106.7300033569336,107.5,104.55000305175781,106.9000015258789,339100,2022-07-08,0,1
2022-07-11,105.77999877929688,106.62000274658203,104.83000183105469,105.33000183105469,284300,2022-07-11,0,1
2022-07-12,105.58999633789062,106.83000183105469,102.31999969482422,103.19999694824219,644400,2022-07-12,0,1
2022-07-13,100.88999938964844,102.2300033569336,98.93000030517578,100.63999938964844,770100,2022-07-13,0,1
2022-07-14,99.75,101.01000213623047,97.97000122070312,100.26000213623047,646600,2022-07-14,0,1
2022-07-15,101.58999633789062,102.31999969482422,100.94999694824219,102.23999786376953,497900,2022-07-15,0,1
2022-07-18,103.47000122070312,103.8499984741211,102.06999969482422,102.41000366210938,524100,2022-07-18,0,1
2022-07-19,103.45999908447266,107.7300033569336,102.36000061035156,107.58999633789062,1022700,2022-07-19,0,1
2022-07-20,107.72000122070312,111.38999938964844,107.72000122070312,110.88999938964844,626800,2022-07-20,0,1
2022-07-21,111.05999755859375,112.8499984741211,110.38999938964844,112.54000091552734,627500,2022-07-21,0,1
2022-07-22,112.52999877929688,113.19000244140625,110.44999694824219,111.18000030517578,436800,2022-07-22,0,1
2022-07-25,111.30999755859375,111.4800033569336,108.37000274658203,111.18000030517578,536600,2022-07-25,0,1
2022-07-26,110.87000274658203,111.61000061035156,109.83000183105469,111.27999877929688,533500,2022-07-26,0,1
2022-07-27,112.66000366210938,117.5,111.83999633789062,117.33999633789062,1197400,2022-07-27,0,1
2022-07-28,118.97000122070312,126.87999725341797,117.81999969482422,125.80999755859375,1651600,2022-07-28,0,1
2022-07-29,125.58999633789062,125.58999633789062,122.31999969482422,123.37999725341797,880500,2022-07-29,0,1
2022-08-01,122.31999969482422,123.63999938964844,120.72000122070312,122.19000244140625,770100,2022-08-01,0,1
2022-08-02,121.25,122.11000061035156,120.43000030517578,120.58999633789062,623200,2022-08-02,0,1
2022-08-03,121.08000183105469,122.5999984741211,119.86000061035156,121.72000122070312,766900,2022-08-03,0,1
2022-08-04,121.5999984741211,122.08999633789062,120.01000213623047,120.8499984741211,645700,2022-08-04,0,1
2022-08-05,119.11000061035156,121.26000213623047,118.04000091552734,120.30000305175781,576900,2022-08-05,0,1
2022-08-08,120.75,121.04000091552734,118.88999938964844,119.33000183105469,567600,2022-08-08,0,1
2022-08-09,118.87000274658203,120.05999755859375,117.80999755859375,119.87999725341797,709600,2022-08-09,0,1
2022-08-10,121.93000030517578,123.87999725341797,120.75,123.0199966430664,706700,2022-08-10,0,1
2022-08-11,123.93000030517578,125.69999694824219,122.94000244140625,124.05000305175781,940100,2022-08-11,0,1
2022-08-12,124.4000015258789,125.08000183105469,122.83000183105469,125.02999877929688,659500,2022-08-12,0,1
2022-08-15,124.91000366210938,125.80999755859375,124.26000213623047,125.16000366210938,871700,2022-08-15,0,1
2022-08-16,124.19000244140625,125.1500015258789,123.05000305175781,123.94000244140625,442900,2022-08-16,0,1
2022-08-17,122.58000183105469,123.22000122070312,121.19000244140625,122.47000122070312,915900,2022-08-17,0,1
2022-08-18,122.5,122.88999938964844,121.77999877929688,122.08999633789062,406400,2022-08-18,0,1
2022-08-19,120.94999694824219,121.08000183105469,118.91999816894531,119.5,378100,2022-08-19,0,1
2022-08-22,118.05999755859375,118.11000061035156,116.37999725341797,116.52999877929688,650400,2022-08-22,0,1
2022-08-23,116.19000244140625,117.45999908447266,114.55999755859375,114.66999816894531,492600,2022-08-23,0,1
2022-08-24,115.41999816894531,116.27999877929688,114.47000122070312,115.70999908447266,1014400,2022-08-24,0,1
2022-08-25,116.75,119.33000183105469,116.75,119.31999969482422,433800,2022-08-25,0,1
2022-08-26,119.36000061035156,119.4800033569336,114.43000030517578,114.58999633789062,684500,2022-08-26,0,1
2022-08-29,113.22000122070312,115.77999877929688,113.22000122070312,114.5199966430664,590800,2022-08-29,0,1
2022-08-30,115.30000305175781,115.76000213623047,113.02999877929688,114.18000030517578,770100,2022-08-30,0,1
2022-08-31,115.31999969482422,116.12000274658203,114.02999877929688,114.88999938964844,1615800,2022-08-31,0,1
2022-09-01,113.95999908447266,115.25,112.18000030517578,114.93000030517578,1260000,2022-09-01,0,1
2022-09-02,115.72000122070312,118.0999984741211,114.69000244140625,115.05000305175781,1406900,2022-09-02,0,1
2022-09-06,115.05000305175781,116.27999877929688,113.73999786376953,114.70999908447266,1435400,2022-09-06,0,1
2022-09-07,115.0,118.91999816894531,114.12999725341797,118.51000213623047,1146600,2022-09-07,0,1
2022-09-08,117.44999694824219,119.87000274658203,116.5199966430664,119.58999633789062,774300,2022-09-08,0,1
2022-09-09,120.75,121.11000061035156,119.37999725341797,119.97000122070312,1057900,2022-09-09,0,1
2022-09-12,120.8499984741211,121.0,119.48999786376953,120.87999725341797,593600,2022-09-12,0,1
2022-09-13,117.30000305175781,119.56999969482422,115.12000274658203,117.16000366210938,1076800,2022-09-13,0,1
2022-09-14,117.47000122070312,118.19000244140625,116.05999755859375,117.1500015258789,732300,2022-09-14,0,1
2022-09-15,116.08000183105469,117.75,114.56999969482422,114.98999786376953,908200,2022-09-15,0,1
2022-09-16,114.01000213623047,115.33999633789062,112.29000091552734,114.9000015258789,1406700,2022-09-16,0,1
2022-09-19,113.31999969482422,115.22000122070312,113.12000274658203,114.72000122070312,631300,2022-09-19,0,1
2022-09-20,114.0199966430664,114.18000030517578,111.5999984741211,112.33000183105469,384900,2022-09-20,0,1
2022-09-21,113.36000061035156,115.54000091552734,111.72000122070312,111.75,502200,2022-09-21,0,1
2022-09-22,111.4000015258789,111.76000213623047,109.0199966430664,109.33999633789062,1162000,2022-09-22,0,1
2022-09-23,108.77999877929688,109.08000183105469,104.26000213623047,106.04000091552734,842800,2022-09-23,0,1
2022-09-26,106.12999725341797,107.77999877929688,105.04000091552734,105.16999816894531,470100,2022-09-26,0,1
2022-09-27,106.8499984741211,106.8499984741211,103.2300033569336,104.23999786376953,533500,2022-09-27,0,1
2022-09-28,104.88999938964844,106.87000274658203,104.43000030517578,106.19000244140625,663800,2022-09-28,0,1
2022-09-29,105.18000030517578,106.37000274658203,104.02999877929688,105.66999816894531,644100,2022-09-29,0,1
2022-09-30,105.86000061035156,106.66000366210938,104.5199966430664,104.5999984741211,559700,2022-09-30,0,1
2022-10-03,105.81999969482422,108.04000091552734,105.12999725341797,107.4800033569336,645100,2022-10-03,0,1
2022-10-04,109.31999969482422,112.05000305175781,109.31999969482422,111.83999633789062,484900,2022-10-04,0,1
2022-10-05,110.45999908447266,113.05000305175781,110.2300033569336,112.2699966430664,558100,2022-10-05,0,1
2022-10-06,112.05000305175781,113.08000183105469,111.38999938964844,112.16999816894531,499100,2022-10-06,0,1
2022-10-07,110.20999908447266,110.43000030517578,108.83999633789062,110.16999816894531,711400,2022-10-07,0,1
2022-10-10,110.26000213623047,110.76000213623047,106.37000274658203,107.13999938964844,505800,2022-10-10,0,1
2022-10-11,106.77999877929688,108.06999969482422,105.55999755859375,107.16999816894531,757100,2022-10-11,0,1
2022-10-12,107.12000274658203,107.51000213623047,105.38999938964844,105.69000244140625,525400,2022-10-12,0,1
2022-10-13,103.05999755859375,108.51000213623047,101.81999969482422,108.16999816894531,760100,2022-10-13,0,1
2022-10-14,109.69000244140625,110.0999984741211,105.38999938964844,105.56999969482422,821300,2022-10-14,0,1
2022-10-17,108.69999694824219,109.52999877929688,107.7699966430664,108.38999938964844,414200,2022-10-17,0,1
2022-10-18,111.04000091552734,111.54000091552734,108.93000030517578,111.23999786376953,546600,2022-10-18,0,1
2022-10-19,110.13999938964844,110.94000244140625,108.22000122070312,108.62000274658203,293400,2022-10-19,0,1
2022-10-20,108.91000366210938,110.70999908447266,107.19000244140625,108.20999908447266,461000,2022-10-20,0,1
2022-10-21,108.7300033569336,112.58999633789062,106.80000305175781,112.38999938964844,587100,2022-10-21,0,1
2022-10-24,113.13999938964844,113.19000244140625,109.87999725341797,112.18000030517578,446700,2022-10-24,0,1
2022-10-25,112.4800033569336,115.43000030517578,112.4800033569336,115.36000061035156,627900,2022-10-25,0,1
2022-10-26,114.73999786376953,118.0,114.6500015258789,114.95999908447266,506100,2022-10-26,0,1
2022-10-27,115.66000366210938,117.2699966430664,113.20999908447266,113.5199966430664,708100,2022-10-27,0,1
2022-10-28,114.05999755859375,117.30999755859375,113.88999938964844,116.94000244140625,826300,2022-10-28,0,1
2022-10-31,116.06999969482422,118.83000183105469,115.69999694824219,117.83000183105469,776700,2022-10-31,0,1
2022-11-01,119.08000183105469,119.3499984741211,116.27999877929688,118.0199966430664,870900,2022-11-01,0,1
2022-11-02,118.9800033569336,124.2699966430664,114.08999633789062,115.7300033569336,2525100,2022-11-02,0,1
2022-11-03,114.0999984741211,124.87000274658203,114.0999984741211,123.16999816894531,2264300,2022-11-03,0,1
2022-11-04,124.16000366210938,126.33000183105469,121.4800033569336,124.23999786376953,1114200,2022-11-04,0,1
2022-11-07,124.43000030517578,126.94000244140625,122.95999908447266,125.20999908447266,1278400,2022-11-07,0,1
2022-11-08,125.29000091552734,127.37000274658203,123.7300033569336,125.44999694824219,1213500,2022-11-08,0,1
2022-11-09,124.97000122070312,126.66000366210938,123.2699966430664,125.83000183105469,697400,2022-11-09,0,1
2022-11-10,130.25,132.0,128.69000244140625,129.77000427246094,1239800,2022-11-10,0,1
2022-11-11,130.0,133.13999938964844,129.3300018310547,131.9199981689453,1191700,2022-11-11,0,1
2022-11-14,131.10000610351562,132.0,129.47000122070312,130.2899932861328,671600,2022-11-14,0,1
2022-11-15,131.83999633789062,132.42999267578125,129.9199981689453,132.00999450683594,845200,2022-11-15,0,1
2022-11-16,130.30999755859375,131.55999755859375,129.57000732421875,129.8300018310547,1049100,2022-11-16,0,1
2022-11-17,128.00999450683594,128.00999450683594,122.58999633789062,123.87000274658203,1333600,2022-11-17,0,1
2022-11-18,125.47000122070312,125.7300033569336,122.31999969482422,123.30000305175781,804400,2022-11-18,0,1
2022-11-21,123.02999877929688,124.05999755859375,122.04000091552734,123.20999908447266,654600,2022-11-21,0,1
2022-11-22,123.97000122070312,125.3499984741211,121.43000030517578,124.95999908447266,618500,2022-11-22,0,1
2022-11-23,124.33000183105469,125.44999694824219,123.08999633789062,124.18000030517578,606200,2022-11-23,0,1
2022-11-25,124.0,124.88999938964844,122.70999908447266,124.62999725341797,349800,2022-11-25,0,1
2022-11-28,124.08999633789062,124.7699966430664,122.55999755859375,122.58000183105469,516600,2022-11-28,0,1
2022-11-29,122.58000183105469,123.66999816894531,122.12999725341797,123.06999969482422,456900,2022-11-29,0,1
2022-11-30,122.81999969482422,127.58000183105469,122.52999877929688,127.20999908447266,1124600,2022-11-30,0,1
2022-12-01,127.43000030517578,128.27999877929688,125.4000015258789,127.48999786376953,974300,2022-12-01,0,1
2022-12-02,125.33000183105469,127.0,124.01000213623047,126.47000122070312,564000,2022-12-02,0,1
2022-12-05,125.08000183105469,125.75,122.01000213623047,123.33000183105469,460800,2022-12-05,0,1
2022-12-06,123.0199966430664,124.93000030517578,120.68000030517578,121.26000213623047,456000,2022-12-06,0,1
2022-12-07,121.26000213623047,122.4800033569336,119.4000015258789,121.63999938964844,755300,2022-12-07,0,1
2022-12-08,122.36000061035156,124.83999633789062,121.41000366210938,121.76000213623047,739400,2022-12-08,0,1
2022-12-09,120.5199966430664,122.04000091552734,119.18000030517578,121.19000244140625,981100,2022-12-09,0,1
2022-12-12,121.26000213623047,124.36000061035156,121.1500015258789,124.08999633789062,835900,2022-12-12,0,1
2022-12-13,128.24000549316406,129.02000427246094,125.94000244140625,127.05999755859375,825300,2022-12-13,0,1
2022-12-14,127.4800033569336,128.92999267578125,125.27999877929688,127.30000305175781,492100,2022-12-14,0,1
2022-12-15,125.80000305175781,126.75,123.3499984741211,123.58000183105469,567400,2022-12-15,0,1
2022-12-16,123.12000274658203,123.95999908447266,121.55999755859375,123.51000213623047,1424200,2022-12-16,0,1
2022-12-19,123.55999755859375,123.55999755859375,121.31999969482422,122.5,494900,2022-12-19,0,1
2022-12-20,122.30000305175781,123.44999694824219,120.75,122.19000244140625,527600,2022-12-20,0,1
2022-12-21,122.44000244140625,124.01000213623047,121.30000305175781,123.70999908447266,666600,2022-12-21,0,1
2022-12-22,122.25,122.88999938964844,120.08000183105469,122.1500015258789,273100,2022-12-22,0,1
2022-12-23,121.30000305175781,122.86000061035156,120.48999786376953,121.25,304800,2022-12-23,0,1
2022-12-27,121.33000183105469,121.86000061035156,120.16999816894531,120.62000274658203,234300,2022-12-27,0,1
2022-12-28,120.27999877929688,121.98999786376953,118.76000213623047,118.87000274658203,241500,2022-12-28,0,1
2022-12-29,119.4000015258789,122.41999816894531,119.05999755859375,121.12000274658203,261400,2022-12-29,0,1
2022-12-30,119.95999908447266,120.36000061035156,118.05999755859375,120.04000091552734,803600,2022-12-30,0,1
2023-01-03,121.25,123.05999755859375,118.5999984741211,119.6500015258789,729300,2023-01-03,0,1
2023-01-04,120.44000244140625,122.2300033569336,119.69000244140625,121.97000122070312,505700,2023-01-04,0,1
2023-01-05,120.7699966430664,120.98999786376953,118.20999908447266,120.05000305175781,546800,2023-01-05,0,1
2023-01-06,121.37999725341797,123.19000244140625,119.0199966430664,122.69000244140625,524800,2023-01-06,0,1
2023-01-09,123.87000274658203,128.36000061035156,123.87000274658203,125.95999908447266,827700,2023-01-09,0,1
2023-01-10,125.5999984741211,128.08999633789062,124.5,127.4000015258789,700200,2023-01-10,0,1
2023-01-11,128.05999755859375,129.60000610351562,126.22000122070312,127.20999908447266,858200,2023-01-11,0,1
2023-01-12,127.25,131.44000244140625,126.76000213623047,131.08999633789062,711600,2023-01-12,0,1
2023-01-13,129.8000030517578,131.5,127.55999755859375,129.69000244140625,796600,2023-01-13,0,1
2023-01-17,129.9499969482422,131.74000549316406,129.24000549316406,130.22999572753906,754100,2023-01-17,0,1
2023-01-18,131.24000549316406,132.05999755859375,128.6300048828125,129.3800048828125,751900,2023-01-18,0,1
2023-01-19,128.99000549316406,130.02999877929688,126.75,127.56999969482422,574000,2023-01-19,0,1
2023-01-20,127.5199966430664,130.11000061035156,127.51000213623047,129.9499969482422,405100,2023-01-20,0,1
2023-01-23,132.6999969482422,135.08999633789062,131.5,134.97999572753906,618100,2023-01-23,0,1
2023-01-24,134.49000549316406,135.10000610351562,133.0399932861328,133.6199951171875,604400,2023-01-24,0,1
2023-01-25,132.41000366210938,134.61000061035156,130.3300018310547,134.08999633789062,833600,2023-01-25,0,1
2023-01-26,136.2100067138672,139.91000366210938,134.6199951171875,135.77000427246094,805300,2023-01-26,0,1
2023-01-27,135.42999267578125,135.77999877929688,134.1199951171875,135.08999633789062,527500,2023-01-27,0,1
2023-01-30,134.1999969482422,134.52999877929688,132.66000366210938,133.27999877929688,643300,2023-01-30,0,1
2023-01-31,134.02999877929688,134.89999389648438,133.22999572753906,134.8800048828125,700400,2023-01-31,0,1
2023-02-01,134.55999755859375,138.97000122070312,134.13999938964844,138.11000061035156,1093700,2023-02-01,0,1
2023-02-02,136.0,136.5800018310547,127.2300033569336,132.30999755859375,2581000,2023-02-02,0,1
2023-02-03,129.3300018310547,133.13999938964844,129.3300018310547,130.5500030517578,958100,2023-02-03,0,1
2023-02-06,128.9499969482422,131.8300018310547,128.36000061035156,131.35000610351562,853600,2023-02-06,0,1
2023-02-07,131.14999389648438,136.2100067138672,131.0,135.22999572753906,919200,2023-02-07,0,1
2023-02-08,134.66000366210938,136.44000244140625,133.85000610351562,134.5500030517578,681500,2023-02-08,0,1
2023-02-09,136.19000244140625,137.5800018310547,134.00999450683594,135.02000427246094,628100,2023-02-09,0,1
2023-02-10,134.60000610351562,135.67999267578125,131.72999572753906,132.77999877929688,581400,2023-02-10,0,1
2023-02-13,133.50999450683594,134.0,132.8300018310547,133.7899932861328,546400,2023-02-13,0,1
2023-02-14,133.64999389648438,135.5500030517578,132.86000061035156,134.36000061035156,422700,2023-02-14,0,1
2023-02-15,134.16000366210938,134.16000366210938,132.27000427246094,133.38999938964844,430700,2023-02-15,0,1
2023-02-16,131.08999633789062,133.2899932861328,130.91000366210938,131.4600067138672,547800,2023-02-16,0,1
2023-02-17,130.6300048828125,131.22999572753906,129.44000244140625,130.2899932861328,626800,2023-02-17,0,1
2023-02-21,129.1999969482422,130.32000732421875,128.63999938964844,129.44000244140625,537400,2023-02-21,0,1
2023-02-22,130.0399932861328,132.61000061035156,127.69000244140625,128.4600067138672,735700,2023-02-22,0,1
2023-02-23,129.67999267578125,130.97000122070312,128.99000549316406,130.16000366210938,597400,2023-02-23,0,1
2023-02-24,127.86000061035156,128.8000030517578,126.62000274658203,126.98999786376953,368700,2023-02-24,0,1
2023-02-27,128.25,128.47000122070312,125.87999725341797,126.30000305175781,609200,2023-02-27,0,1
2023-02-28,126.58000183105469,127.31999969482422,124.94000244140625,125.33000183105469,1167300,2023-02-28,0,1
2023-03-01,125.5199966430664,125.91000366210938,122.93000030517578,123.80999755859375,1207600,2023-03-01,0,1
2023-03-02,123.0,125.36000061035156,122.9000015258789,124.66999816894531,681900,2023-03-02,0,1
2023-03-03,124.70999908447266,125.51000213623047,124.30000305175781,124.83999633789062,1150300,2023-03-03,0,1
2023-03-06,124.36000061035156,125.2699966430664,122.9800033569336,124.69000244140625,947100,2023-03-06,0,1
2023-03-07,124.04000091552734,124.86000061035156,121.62000274658203,121.95999908447266,645300,2023-03-07,0,1
2023-03-08,121.52999877929688,122.69999694824219,120.22000122070312,122.66000366210938,888400,2023-03-08,0,1
2023-03-09,122.79000091552734,123.83000183105469,120.2699966430664,120.55999755859375,571400,2023-03-09,0,1
2023-03-10,120.45999908447266,121.1500015258789,117.68000030517578,118.37999725341797,535700,2023-03-10,0,1
2023-03-13,117.30999755859375,118.58000183105469,115.44999694824219,117.33000183105469,719300,2023-03-13,0,1
2023-03-14,118.66999816894531,120.61000061035156,118.44000244140625,119.95999908447266,647000,2023-03-14,0,1
2023-03-15,118.22000122070312,120.06999969482422,115.6500015258789,117.5199966430664,931500,2023-03-15,0,1
2023-03-16,117.16999816894531,120.08000183105469,116.4800033569336,119.47000122070312,674400,2023-03-16,0,1
2023-03-17,119.5199966430664,119.91999816894531,117.81999969482422,118.70999908447266,1566100,2023-03-17,0,1
2023-03-20,118.55000305175781,120.38999938964844,118.55000305175781,119.12000274658203,534900,2023-03-20,0,1
2023-03-21,119.66999816894531,120.9000015258789,118.88999938964844,120.38999938964844,677600,2023-03-21,0,1
2023-03-22,119.69999694824219,121.26000213623047,118.5,118.56999969482422,530400,2023-03-22,0,1
2023-03-23,119.0999984741211,121.43000030517578,118.80000305175781,119.9800033569336,405900,2023-03-23,0,1
2023-03-24,119.61000061035156,121.7300033569336,118.68000030517578,121.69999694824219,413600,2023-03-24,0,1
2023-03-27,122.16000366210938,123.83999633789062,122.04000091552734,123.16999816894531,825400,2023-03-27,0,1
2023-03-28,122.83000183105469,123.69000244140625,122.11000061035156,123.23999786376953,403900,2023-03-28,0,1
2023-03-29,124.25,124.83000183105469,123.37999725341797,124.70999908447266,378400,2023-03-29,0,1
2023-03-30,125.75,126.62999725341797,125.13999938964844,125.68000030517578,462100,2023-03-30,0,1
2023-03-31,126.38999938964844,128.42999267578125,126.26000213623047,128.22999572753906,653100,2023-03-31,0,1
2023-04-03,127.26000213623047,128.32000732421875,126.7300033569336,128.07000732421875,579900,2023-04-03,0,1
2023-04-04,127.87999725341797,128.66000366210938,126.9800033569336,127.5999984741211,376700,2023-04-04,0,1
2023-04-05,127.44999694824219,127.44999694824219,125.9800033569336,126.13999938964844,655200,2023-04-05,0,1
2023-04-06,125.33000183105469,125.94000244140625,124.33999633789062,125.29000091552734,529000,2023-04-06,0,1
2023-04-10,124.22000122070312,126.55000305175781,123.12000274658203,126.33999633789062,462600,2023-04-10,0,1
2023-04-11,126.01000213623047,127.06999969482422,125.23999786376953,126.01000213623047,375000,2023-04-11,0,1
2023-04-12,127.27999877929688,127.77999877929688,125.83999633789062,126.38999938964844,601800,2023-04-12,0,1
2023-04-13,126.73999786376953,128.61000061035156,126.55000305175781,128.4600067138672,543500,2023-04-13,0,1
2023-04-14,127.7300033569336,130.0800018310547,127.01000213623047,127.7300033569336,440200,2023-04-14,0,1
2023-04-17,127.83999633789062,129.2899932861328,127.55000305175781,129.08999633789062,361600,2023-04-17,0,1
2023-04-18,129.97000122070312,130.27999877929688,127.33999633789062,128.14999389648438,639300,2023-04-18,0,1
2023-04-19,127.19999694824219,127.19999694824219,125.97000122070312,126.16000366210938,546400,2023-04-19,0,1
2023-04-20,125.41000366210938,126.26000213623047,124.31999969482422,125.66999816894531,749300,2023-04-20,0,1
2023-04-21,125.69000244140625,126.94999694824219,125.56999969482422,126.58999633789062,974600,2023-04-21,0,1
2023-04-24,126.0,126.2699966430664,124.30999755859375,126.08999633789062,768900,2023-04-24,0,1
2023-04-25,124.70999908447266,125.05999755859375,122.11000061035156,124.20999908447266,928500,2023-04-25,0,1
2023-04-26,124.0999984741211,126.51000213623047,124.08000183105469,125.19999694824219,1399000,2023-04-26,0,1
2023-04-27,124.77999877929688,127.9000015258789,120.62000274658203,123.33999633789062,1782700,2023-04-27,0,1
2023-04-28,122.79000091552734,128.22000122070312,121.56999969482422,125.79000091552734,1048200,2023-04-28,0,1
2023-05-01,125.66999816894531,126.87000274658203,124.94000244140625,125.62000274658203,667000,2023-05-01,0,1
2023-05-02,125.62000274658203,126.61000061035156,124.47000122070312,125.27999877929688,686200,2023-05-02,0,1
2023-05-03,125.5999984741211,126.80999755859375,124.45999908447266,125.01000213623047,547400,2023-05-03,0,1
2023-05-04,125.0999984741211,126.44000244140625,124.41999816894531,125.22000122070312,577700,2023-05-04,0,1
2023-05-05,126.20999908447266,129.24000549316406,125.70999908447266,129.05999755859375,814700,2023-05-05,0,1
2023-05-08,129.30999755859375,130.0,127.88999938964844,129.58999633789062,410500,2023-05-08,0,1
2023-05-09,129.13999938964844,130.25,128.7100067138672,129.1199951171875,713300,2023-05-09,0,1
2023-05-10,130.0500030517578,131.33999633789062,128.97999572753906,130.38999938964844,501200,2023-05-10,0,1
2023-05-11,130.1999969482422,130.1999969482422,128.61000061035156,129.47999572753906,444500,2023-05-11,0,1
2023-05-12,129.33999633789062,130.5,129.33999633789062,130.10000610351562,489900,2023-05-12,0,1
2023-05-15,129.92999267578125,131.4499969482422,128.8000030517578,130.77999877929688,514800,2023-05-15,0,1
2023-05-16,130.1199951171875,130.33999633789062,129.25999450683594,129.72999572753906,478300,2023-05-16,0,1
2023-05-17,130.52000427246094,132.11000061035156,129.5399932861328,131.6199951171875,803000,2023-05-17,0,1
2023-05-18,131.47999572753906,133.92999267578125,131.2100067138672,133.8000030517578,645100,2023-05-18,0,1
2023-05-19,134.08999633789062,134.66000366210938,133.47999572753906,134.2100067138672,710000,2023-05-19,0,1
2023-05-22,134.5,135.11000061035156,133.7899932861328,134.74000549316406,591600,2023-05-22,0,1
2023-05-23,133.7100067138672,133.83999633789062,130.82000732421875,130.86000061035156,709500,2023-05-23,0,1
2023-05-24,130.38999938964844,131.1699981689453,129.47000122070312,130.35000610351562,802600,2023-05-24,0,1
2023-05-25,130.97999572753906,131.6999969482422,129.91000366210938,130.92999267578125,1147700,2023-05-25,0,1
2023-05-26,131.27999877929688,132.41000366210938,130.8699951171875,131.02999877929688,1023400,2023-05-26,0,1
2023-05-30,132.08999633789062,133.64999389648438,131.4499969482422,132.69000244140625,688500,2023-05-30,0,1
2023-05-31,132.3800048828125,134.75999450683594,131.80999755859375,134.39999389648438,3423400,2023-05-31,0,1
2023-06-01,133.30999755859375,135.4600067138672,132.91000366210938,135.07000732421875,579100,2023-06-01,0,1
2023-06-02,135.99000549316406,138.80999755859375,135.6699981689453,137.92999267578125,887600,2023-06-02,0,1
2023-06-05,136.9600067138672,139.69000244140625,136.74000549316406,139.27999877929688,513100,2023-06-05,0,1
2023-06-06,139.72999572753906,141.38999938964844,139.10000610351562,141.00999450683594,591200,2023-06-06,0,1
2023-06-07,141.1999969482422,141.6999969482422,135.75999450683594,135.9499969482422,881300,2023-06-07,0,1
2023-06-08,135.75999450683594,137.8300018310547,135.42999267578125,137.42999267578125,585600,2023-06-08,0,1
2023-06-09,137.91000366210938,139.3300018310547,136.7899932861328,138.57000732421875,757100,2023-06-09,0,1
2023-06-12,139.11000061035156,140.66000366210938,138.9199981689453,140.6199951171875,378100,2023-06-12,0,1
2023-06-13,141.44000244140625,141.91000366210938,140.39999389648438,140.97000122070312,636300,2023-06-13,0,1
2023-06-14,139.6999969482422,141.99000549316406,139.6999969482422,141.3800048828125,711300,2023-06-14,0,1
2023-06-15,141.10000610351562,144.10000610351562,140.80999755859375,143.58999633789062,674600,2023-06-15,0,1
2023-06-16,144.55999755859375,144.55999755859375,142.2899932861328,143.14999389648438,1515100,2023-06-16,0,1
2023-06-20,142.07000732421875,142.83999633789062,140.4600067138672,141.74000549316406,544100,2023-06-20,0,1
2023-06-21,141.50999450683594,142.19000244140625,139.85000610351562,141.9600067138672,964800,2023-06-21,0,1
2023-06-22,141.92999267578125,142.92999267578125,140.86000061035156,142.7100067138672,911700,2023-06-22,0,1
2023-06-23,141.75,142.0399932861328,140.4600067138672,140.86000061035156,1704200,2023-06-23,0,1
2023-06-26,140.86000061035156,140.92999267578125,138.24000549316406,138.3000030517578,683600,2023-06-26,0,1
2023-06-27,138.49000549316406,140.30999755859375,138.44000244140625,139.77000427246094,703400,2023-06-27,0,1
2023-06-28,139.77999877929688,140.69000244140625,138.66000366210938,140.63999938964844,625200,2023-06-28,0,1
2023-06-29,141.0,143.75,141.0,142.6300048828125,697100,2023-06-29,0,1
2023-06-30,143.60000610351562,143.7100067138672,142.0,142.3000030517578,553500,2023-06-30,0,1
2023-07-03,142.0,142.24000549316406,137.67999267578125,140.33999633789062,676100,2023-07-03,0,1
2023-07-05,139.13999938964844,140.0,135.75,138.25,1106800,2023-07-05,0,1
2023-07-06,137.13999938964844,138.0,136.19000244140625,137.52000427246094,587000,2023-07-06,0,1
2023-07-07,137.36000061035156,138.6199951171875,137.13999938964844,137.25,485600,2023-07-07,0,1
2023-07-10,136.47000122070312,139.83999633789062,136.08999633789062,139.10000610351562,436100,2023-07-10,0,1
2023-07-11,139.33999633789062,141.25,139.2100067138672,140.89999389648438,567700,2023-07-11,0,1
2023-07-12,142.5500030517578,143.4600067138672,141.0800018310547,143.1999969482422,688600,2023-07-12,0,1
2023-07-13,144.0,146.02999877929688,143.67999267578125,145.47000122070312,546800,2023-07-13,0,1
2023-07-14,145.8300018310547,145.8300018310547,143.9199981689453,144.6699981689453,527400,2023-07-14,0,1
2023-07-17,145.00999450683594,146.83999633789062,145.0,146.5500030517578,534300,2023-07-17,0,1
2023-07-18,145.97000122070312,146.8800048828125,145.13999938964844,146.77999877929688,348200,2023-07-18,0,1
2023-07-19,147.0,147.8300018310547,145.77999877929688,146.63999938964844,411600,2023-07-19,0,1
2023-07-20,145.7100067138672,146.47000122070312,143.35000610351562,143.60000610351562,557800,2023-07-20,0,1
2023-07-21,143.92999267578125,145.88999938964844,143.1999969482422,145.52999877929688,558400,2023-07-21,0,1
2023-07-24,144.9499969482422,145.16000366210938,142.4600067138672,143.08999633789062,490200,2023-07-24,0,1
2023-07-25,142.3800048828125,144.63999938964844,141.80999755859375,144.24000549316406,795800,2023-07-25,0,1
2023-07-26,144.0,144.24000549316406,142.80999755859375,144.19000244140625,915000,2023-07-26,0,1
2023-07-27,149.97000122070312,152.08999633789062,144.9499969482422,145.2899932861328,1538200,2023-07-27,0,1
2023-07-28,146.49000549316406,147.1199951171875,141.57000732421875,146.6300048828125,1456300,2023-07-28,0,1
2023-07-31,146.33999633789062,146.58999633789062,144.0800018310547,145.80999755859375,803000,2023-07-31,0,1
2023-08-01,144.82000732421875,147.61000061035156,143.47999572753906,146.50999450683594,945400,2023-08-01,0,1
2023-08-02,143.0,144.39999389648438,141.5500030517578,143.75,3298100,2023-08-02,0,1
2023-08-03,142.9600067138672,144.94000244140625,142.9199981689453,143.44000244140625,1431700,2023-08-03,0,1
2023-08-04,143.8000030517578,144.47999572753906,140.72000122070312,141.22000122070312,1527100,2023-08-04,0,1
2023-08-07,142.1999969482422,143.39999389648438,141.2899932861328,142.89999389648438,811700,2023-08-07,0,1
2023-08-08,141.89999389648438,142.92999267578125,141.39999389648438,142.83999633789062,753400,2023-08-08,0,1
2023-08-09,143.19000244140625,143.64999389648438,141.3800048828125,142.67999267578125,968300,2023-08-09,0,1
2023-08-10,143.41000366210938,144.83999633789062,141.7100067138672,142.50999450683594,910800,2023-08-10,0,1
2023-08-11,142.10000610351562,144.08999633789062,141.9600067138672,143.25999450683594,591200,2023-08-11,0,1
2023-08-14,143.25999450683594,146.05999755859375,142.82000732421875,145.7899932861328,732000,2023-08-14,0,1
2023-08-15,145.0,146.4499969482422,144.60000610351562,145.00999450683594,525400,2023-08-15,0,1
2023-08-16,144.72000122070312,146.17999267578125,144.30999755859375,144.32000732421875,508900,2023-08-16,0,1
2023-08-17,144.72000122070312,144.86000061035156,140.92999267578125,141.17999267578125,685000,2023-08-17,0,1
2023-08-18,139.82000732421875,140.6300048828125,139.02999877929688,139.92999267578125,785400,2023-08-18,0,1
2023-08-21,140.39999389648438,141.5,140.1699981689453,140.97000122070312,596900,2023-08-21,0,1
2023-08-22,141.5800018310547,142.91000366210938,141.25999450683594,141.52000427246094,1066800,2023-08-22,0,1
2023-08-23,141.5800018310547,143.36000061035156,141.5800018310547,142.86000061035156,588300,2023-08-23,0,1
2023-08-24,144.07000732421875,144.7100067138672,140.2100067138672,140.24000549316406,489300,2023-08-24,0,1
2023-08-25,140.5800018310547,145.4199981689453,140.5800018310547,144.85000610351562,690500,2023-08-25,0,1
2023-08-28,144.8300018310547,146.41000366210938,144.60000610351562,145.49000549316406,507100,2023-08-28,0,1
2023-08-29,145.14999389648438,146.75,144.41000366210938,146.58999633789062,471600,2023-08-29,0,1
2023-08-30,146.72000122070312,147.8800048828125,146.11000061035156,146.42999267578125,629300,2023-08-30,0,1
2023-08-31,146.6300048828125,147.67999267578125,146.6300048828125,147.1699981689453,460600,2023-08-31,0,1
2023-09-01,148.14999389648438,148.14999389648438,145.9199981689453,146.75,570300,2023-09-01,0,1
2023-09-05,146.72000122070312,147.5,145.80999755859375,146.11000061035156,642800,2023-09-05,0,1
2023-09-06,145.5,146.60000610351562,144.07000732421875,146.0,503500,2023-09-06,0,1
2023-09-07,145.1699981689453,145.82000732421875,144.36000061035156,144.88999938964844,559400,2023-09-07,0,1
2023-09-08,144.88999938964844,145.5,143.3300018310547,143.63999938964844,387300,2023-09-08,0,1
2023-09-11,144.11000061035156,144.33999633789062,142.57000732421875,143.27999877929688,617900,2023-09-11,0,1
2023-09-12,142.08999633789062,142.9499969482422,140.0399932861328,140.1199951171875,653400,2023-09-12,0,1
2023-09-13,139.72000122070312,140.1699981689453,137.60000610351562,138.67999267578125,769300,2023-09-13,0,1
2023-09-14,138.9499969482422,141.0800018310547,138.4199981689453,140.8000030517578,707200,2023-09-14,0,1
2023-09-15,140.7100067138672,142.0800018310547,140.19000244140625,141.4499969482422,3603400,2023-09-15,0,1
2023-09-18,141.10000610351562,144.07000732421875,141.10000610351562,143.27000427246094,1083600,2023-09-18,0,1
2023-09-19,143.11000061035156,143.11000061035156,141.94000244140625,142.6999969482422,552000,2023-09-19,0,1
2023-09-20,142.77000427246094,144.99000549316406,142.30999755859375,142.88999938964844,504800,2023-09-20,0,1
2023-09-21,142.5800018310547,142.75,140.97000122070312,141.7899932861328,886400,2023-09-21,0,1
2023-09-22,142.4199981689453,143.1999969482422,140.6199951171875,140.64999389648438,669100,2023-09-22,0,1
2023-09-25,139.91000366210938,141.4499969482422,139.91000366210938,140.8699951171875,566000,2023-09-25,0,1
2023-09-26,139.82000732421875,140.9499969482422,138.02999877929688,138.1999969482422,645500,2023-09-26,0,1
2023-09-27,138.8300018310547,139.1199951171875,136.0,138.47000122070312,684100,2023-09-27,0,1
2023-09-28,138.3000030517578,141.41000366210938,137.64999389648438,141.1999969482422,700500,2023-09-28,0,1
2023-09-29,142.52999877929688,143.25999450683594,141.1199951171875,141.67999267578125,844300,2023-09-29,0,1
2023-10-02,141.3800048828125,141.97999572753906,140.10000610351562,140.83999633789062,633300,2023-10-02,0,1
2023-10-03,140.25,141.42999267578125,137.24000549316406,137.83999633789062,604400,2023-10-03,0,1
2023-10-04,138.6999969482422,139.8000030517578,137.75,139.6300048828125,604500,2023-10-04,0,1
2023-10-05,139.36000061035156,140.14999389648438,137.69000244140625,139.82000732421875,452800,2023-10-05,0,1
2023-10-06,138.66000366210938,141.75,138.50999450683594,140.33999633789062,638900,2023-10-06,0,1
2023-10-09,139.14999389648438,140.35000610351562,139.0500030517578,139.94000244140625,546300,2023-10-09,0,1
2023-10-10,140.22999572753906,142.74000549316406,139.88999938964844,142.33999633789062,684800,2023-10-10,0,1
2023-10-11,142.6300048828125,143.61000061035156,141.36000061035156,143.52000427246094,375100,2023-10-11,0,1
2023-10-12,143.72999572753906,145.1199951171875,142.75,144.13999938964844,617200,2023-10-12,0,1
2023-10-13,144.00999450683594,144.1699981689453,142.44000244140625,142.86000061035156,735100,2023-10-13,0,1
2023-10-16,143.8000030517578,145.57000732421875,143.35000610351562,144.4199981689453,420700,2023-10-16,0,1
2023-10-17,143.8300018310547,146.75999450683594,143.16000366210938,146.1699981689453,684900,2023-10-17,0,1
2023-10-18,145.11000061035156,146.7899932861328,143.8000030517578,145.13999938964844,943700,2023-10-18,0,1
2023-10-19,145.19000244140625,145.52999877929688,141.25,141.32000732421875,526200,2023-10-19,0,1
2023-10-20,141.9199981689453,141.9199981689453,136.94000244140625,137.75,636200,2023-10-20,0,1
2023-10-23,137.22000122070312,137.63999938964844,135.5399932861328,136.10000610351562,576900,2023-10-23,0,1
2023-10-24,136.8000030517578,139.69000244140625,136.8000030517578,139.66000366210938,616300,2023-10-24,0,1
2023-10-25,139.63999938964844,140.1999969482422,137.27999877929688,137.97000122070312,989600,2023-10-25,0,1
2023-10-26,138.24000549316406,139.1300048828125,134.61000061035156,135.85000610351562,715500,2023-10-26,0,1
2023-10-27,136.1999969482422,137.49000549316406,135.02999877929688,136.05999755859375,533000,2023-10-27,0,1
2023-10-30,138.8000030517578,140.07000732421875,136.72000122070312,139.39999389648438,950500,2023-10-30,0,1
2023-10-31,139.33999633789062,140.88999938964844,138.35000610351562,140.4199981689453,654300,2023-10-31,0,1
2023-11-01,141.25,141.49000549316406,137.22999572753906,138.88999938964844,1058500,2023-11-01,0,1
2023-11-02,137.22000122070312,147.17999267578125,135.16000366210938,146.32000732421875,1614800,2023-11-02,0,1
2023-11-03,146.05999755859375,148.5500030517578,144.16000366210938,147.50999450683594,797100,2023-11-03,0,1
2023-11-06,147.60000610351562,148.72999572753906,146.6300048828125,148.66000366210938,573500,2023-11-06,0,1
2023-11-07,149.0,150.52999877929688,147.9499969482422,149.25,871700,2023-11-07,0,1
2023-11-08,150.05999755859375,151.0399932861328,148.6999969482422,149.6300048828125,834800,2023-11-08,0,1
2023-11-09,150.00999450683594,151.4499969482422,148.69000244140625,148.75,542400,2023-11-09,0,1
2023-11-10,149.3000030517578,151.66000366210938,148.00999450683594,151.61000061035156,503100,2023-11-10,0,1
2023-11-13,151.8000030517578,153.19000244140625,151.5,152.13999938964844,825800,2023-11-13,0,1
2023-11-14,153.9600067138672,155.6699981689453,152.3699951171875,154.8300018310547,969300,2023-11-14,0,1
2023-11-15,155.24000549316406,155.83999633789062,153.64999389648438,154.67999267578125,502700,2023-11-15,0,1
2023-11-16,154.25,155.0,151.72999572753906,152.8300018310547,657800,2023-11-16,0,1
2023-11-17,153.47999572753906,154.35000610351562,152.5399932861328,153.94000244140625,529400,2023-11-17,0,1
2023-11-20,154.0500030517578,156.07000732421875,153.1999969482422,155.5399932861328,769000,2023-11-20,0,1
2023-11-21,156.24000549316406,156.89999389648438,154.8300018310547,156.0399932861328,627600,2023-11-21,0,1
2023-11-22,155.55999755859375,156.00999450683594,152.67999267578125,154.35000610351562,853500,2023-11-22,0,1
2023-11-24,154.1999969482422,155.07000732421875,153.11000061035156,154.9199981689453,301900,2023-11-24,0,1
2023-11-27,154.58999633789062,155.77999877929688,154.5399932861328,154.75,510900,2023-11-27,0,1
2023-11-28,153.80999755859375,155.75999450683594,153.44000244140625,154.4499969482422,597800,2023-11-28,0,1
2023-11-29,155.97000122070312,156.97999572753906,154.39999389648438,155.49000549316406,730600,2023-11-29,0,1
2023-11-30,156.02000427246094,157.91000366210938,154.72999572753906,157.36000061035156,2157300,2023-11-30,0,1
2023-12-01,157.02999877929688,159.75999450683594,156.11000061035156,159.41000366210938,918100,2023-12-01,0,1
2023-12-04,158.32000732421875,160.27999877929688,157.72000122070312,159.89999389648438,696500,2023-12-04,0,1
2023-12-05,158.9499969482422,160.82000732421875,158.47999572753906,160.74000549316406,711000,2023-12-05,0,1
2023-12-06,161.30999755859375,161.8300018310547,159.6699981689453,159.85000610351562,652300,2023-12-06,0,1
2023-12-07,160.52000427246094,163.36000061035156,160.1199951171875,163.24000549316406,1061500,2023-12-07,0,1
2023-12-08,162.8800048828125,166.80999755859375,162.7899932861328,166.61000061035156,920400,2023-12-08,0,1
2023-12-11,166.77999877929688,169.60000610351562,166.66000366210938,168.5800018310547,930900,2023-12-11,0,1
2023-12-12,168.5800018310547,170.11000061035156,167.77999877929688,169.3699951171875,776900,2023-12-12,0,1
2023-12-13,169.9600067138672,170.08999633789062,168.13999938964844,169.82000732421875,1098800,2023-12-13,0,1
2023-12-14,171.1999969482422,171.3800048828125,167.66000366210938,171.24000549316406,1126600,2023-12-14,0,1
2023-12-15,170.39999389648438,171.9199981689453,170.2100067138672,171.07000732421875,1737900,2023-12-15,0,1
2023-12-18,171.4199981689453,172.0399932861328,170.57000732421875,171.83999633789062,813500,2023-12-18,0,1
2023-12-19,172.57000732421875,172.86000061035156,171.47999572753906,171.97999572753906,703100,2023-12-19,0,1
2023-12-20,171.94000244140625,172.4499969482422,169.14999389648438,169.1699981689453,593300,2023-12-20,0,1
2023-12-21,170.83999633789062,171.3699951171875,169.77000427246094,171.19000244140625,453700,2023-12-21,0,1
2023-12-22,172.10000610351562,174.05999755859375,171.89999389648438,173.97000122070312,799400,2023-12-22,0,1
2023-12-26,174.6199951171875,175.72999572753906,174.08999633789062,175.30999755859375,416500,2023-12-26,0,1
2023-12-27,174.86000061035156,176.0500030517578,174.86000061035156,175.72000122070312,291700,2023-12-27,0,1
2023-12-28,173.3800048828125,176.0399932861328,173.25,175.9199981689453,350800,2023-12-28,0,1
2023-12-29,175.9199981689453,176.25,174.3699951171875,174.9600067138672,398000,2023-12-29,0,1
2024-01-02,173.99000549316406,174.13999938964844,166.9499969482422,168.6300048828125,1258900,2024-01-02,0,1
2024-01-03,168.75,168.9199981689453,166.08999633789062,166.4600067138672,891200,2024-01-03,0,1
2024-01-04,169.83999633789062,170.75,167.58999633789062,167.72000122070312,1174500,2024-01-04,0,1
2024-01-05,166.75999450683594,167.85000610351562,165.74000549316406,165.85000610351562,938800,2024-01-05,0,1
2024-01-08,167.00999450683594,169.75,166.17999267578125,169.64999389648438,878800,2024-01-08,0,1
2024-01-09,168.60000610351562,170.10000610351562,167.2899932861328,167.6199951171875,721900,2024-01-09,0,1
2024-01-10,167.92999267578125,169.82000732421875,167.72000122070312,169.10000610351562,561800,2024-01-10,0,1
2024-01-11,169.69000244140625,172.13999938964844,169.67999267578125,172.07000732421875,792500,2024-01-11,0,1
2024-01-12,172.83999633789062,173.07000732421875,171.38999938964844,172.1699981689453,672700,2024-01-12,0,1
2024-01-16,171.55999755859375,172.33999633789062,170.60000610351562,171.58999633789062,974800,2024-01-16,0,1
2024-01-17,170.7899932861328,171.9499969482422,169.88999938964844,171.74000549316406,775500,2024-01-17,0,1
2024-01-18,172.3300018310547,173.3300018310547,171.22000122070312,173.19000244140625,638200,2024-01-18,0,1
2024-01-19,174.49000549316406,175.4199981689453,173.4199981689453,174.6999969482422,691500,2024-01-19,0,1
2024-01-22,176.99000549316406,178.8000030517578,176.02999877929688,177.0800018310547,712600,2024-01-22,0,1
2024-01-23,177.9199981689453,179.1699981689453,177.3300018310547,178.82000732421875,605700,2024-01-23,0,1
2024-01-24,179.77999877929688,182.6699981689453,178.60000610351562,178.7100067138672,1026100,2024-01-24,0,1
2024-01-25,180.52999877929688,181.14999389648438,178.77000427246094,180.02999877929688,611300,2024-01-25,0,1
2024-01-26,180.02999877929688,181.32000732421875,179.3699951171875,180.64999389648438,774000,2024-01-26,0,1
2024-01-29,182.10000610351562,184.97000122070312,181.7100067138672,184.85000610351562,1094600,2024-01-29,0,1
2024-01-30,184.0500030517578,185.0800018310547,182.99000549316406,184.0500030517578,723800,2024-01-30,0,1
2024-01-31,182.92999267578125,183.8300018310547,180.0399932861328,180.64999389648438,1713000,2024-01-31,0,1
2024-02-01,177.74000549316406,182.7899932861328,176.80999755859375,179.39999389648438,2204700,2024-02-01,0,1
2024-02-02,179.25,180.27000427246094,177.4499969482422,178.72999572753906,1001700,2024-02-02,0,1
2024-02-05,178.07000732421875,178.58999633789062,176.07000732421875,177.2100067138672,869400,2024-02-05,0,1
2024-02-06,178.27000427246094,178.8800048828125,176.02000427246094,177.11000061035156,805400,2024-02-06,0,1
2024-02-07,178.27999877929688,181.3699951171875,177.52000427246094,180.2100067138672,1210900,2024-02-07,0,1
2024-02-08,180.72000122070312,181.60000610351562,179.05999755859375,181.5399932861328,584400,2024-02-08,0,1
2024-02-09,182.5500030517578,183.69000244140625,181.61000061035156,183.10000610351562,537800,2024-02-09,0,1
2024-02-12,182.9499969482422,183.30999755859375,177.8699951171875,178.5399932861328,1036500,2024-02-12,0,1
2024-02-13,175.0,177.8800048828125,172.72000122070312,177.80999755859375,1114700,2024-02-13,0,1
2024-02-14,178.5500030517578,180.85000610351562,178.38999938964844,180.75,868000,2024-02-14,0,1
2024-02-15,181.9600067138672,182.52999877929688,180.3800048828125,181.99000549316406,963000,2024-02-15,0,1
2024-02-16,181.47000122070312,181.8000030517578,177.94000244140625,178.19000244140625,1554100,2024-02-16,0,1
2024-02-20,177.52999877929688,178.1999969482422,174.85000610351562,176.88999938964844,1143800,2024-02-20,0,1
2024-02-21,174.8800048828125,176.6199951171875,173.33999633789062,176.6199951171875,795800,2024-02-21,0,1
2024-02-22,178.6199951171875,180.8000030517578,178.16000366210938,179.3800048828125,932200,2024-02-22,0,1
2024-02-23,180.55999755859375,181.74000549316406,178.8699951171875,180.94000244140625,811700,2024-02-23,0,1
2024-02-26,180.72000122070312,182.57000732421875,180.5,181.6699981689453,598000,2024-02-26,0,1
2024-02-27,181.8000030517578,182.4499969482422,180.67999267578125,182.36000061035156,532800,2024-02-27,0,1
2024-02-28,182.0500030517578,185.47000122070312,181.8000030517578,184.2899932861328,1195400,2024-02-28,0,1
2024-02-29,184.5,184.60000610351562,181.1999969482422,183.00999450683594,1959700,2024-02-29,0,1
2024-03-01,183.00999450683594,188.75,182.9499969482422,187.75999450683594,1290800,2024-03-01,0,1
2024-03-04,187.0,188.7100067138672,186.1300048828125,187.22000122070312,616900,2024-03-04,0,1
2024-03-05,185.6699981689453,185.8000030517578,177.47999572753906,179.19000244140625,812200,2024-03-05,0,1
2024-03-06,181.0,183.85000610351562,180.49000549316406,182.86000061035156,822200,2024-03-06,0,1
2024-03-07,184.47999572753906,187.27000427246094,183.27000427246094,186.2899932861328,755700,2024-03-07,0,1
2024-03-08,186.3300018310547,187.35000610351562,184.2100067138672,185.42999267578125,599200,2024-03-08,0,1
2024-03-11,185.42999267578125,186.4499969482422,183.94000244140625,186.35000610351562,585500,2024-03-11,0,1
2024-03-12,186.97999572753906,188.6999969482422,186.4600067138672,187.88999938964844,602800,2024-03-12,0,1
2024-03-13,188.1199951171875,188.6999969482422,185.36000061035156,185.75,428900,2024-03-13,0,1
2024-03-14,186.3800048828125,187.32000732421875,183.1999969482422,184.50999450683594,580700,2024-03-14,0,1
2024-03-15,182.60000610351562,183.4199981689453,180.1199951171875,181.80999755859375,996600,2024-03-15,0,1
2024-03-18,182.5800018310547,184.13999938964844,182.38999938964844,183.66000366210938,480300,2024-03-18,0,1
2024-03-19,183.6199951171875,187.00999450683594,182.7899932861328,186.86000061035156,524000,2024-03-19,0,1
2024-03-20,187.3800048828125,189.8800048828125,185.94000244140625,189.77999877929688,708000,2024-03-20,0,1
2024-03-21,191.0,194.24000549316406,189.66000366210938,189.69000244140625,1050900,2024-03-21,0,1
2024-03-22,190.0,192.3300018310547,188.5399932861328,190.27999877929688,588300,2024-03-22,0,1
2024-03-25,189.24000549316406,189.58999633789062,187.0800018310547,188.66000366210938,867500,2024-03-25,0,1
2024-03-26,189.5,191.3699951171875,188.66000366210938,189.94000244140625,668000,2024-03-26,0,1
2024-03-27,191.25,191.3300018310547,188.6699981689453,189.7100067138672,594600,2024-03-27,0,1
2024-03-28,189.99000549316406,189.99000549316406,188.22000122070312,188.94000244140625,551800,2024-03-28,0,1
2024-04-01,189.08999633789062,190.47999572753906,187.66000366210938,188.1199951171875,501800,2024-04-01,0,1
2024-04-02,186.3800048828125,186.75,183.6999969482422,186.61000061035156,532800,2024-04-02,0,1
2024-04-03,185.5399932861328,187.86000061035156,185.0,185.35000610351562,775900,2024-04-03,0,1
2024-04-04,187.74000549316406,188.0399932861328,182.74000549316406,182.9499969482422,744300,2024-04-04,0,1
2024-04-05,183.27000427246094,186.0500030517578,182.50999450683594,185.27999877929688,499500,2024-04-05,0,1
2024-04-08,185.4199981689453,187.97999572753906,183.2899932861328,186.41000366210938,614700,2024-04-08,0,1
2024-04-09,186.32000732421875,187.58999633789062,184.69000244140625,187.13999938964844,481900,2024-04-09,0,1
2024-04-10,185.33999633789062,187.5,181.6999969482422,181.9199981689453,627600,2024-04-10,0,1
2024-04-11,182.6300048828125,184.42999267578125,181.39999389648438,182.27000427246094,671700,2024-04-11,0,1
2024-04-12,180.2100067138672,181.52999877929688,179.19000244140625,180.05999755859375,1139600,2024-04-12,0,1
2024-04-15,182.1999969482422,182.83999633789062,176.67999267578125,177.85000610351562,998200,2024-04-15,0,1
2024-04-16,178.32000732421875,179.25,177.52000427246094,178.6199951171875,701500,2024-04-16,0,1
2024-04-17,179.27999877929688,180.11000061035156,177.0500030517578,177.47999572753906,764000,2024-04-17,0,1
2024-04-18,178.30999755859375,178.30999755859375,173.82000732421875,175.6999969482422,825600,2024-04-18,0,1
2024-04-19,176.52999877929688,177.47000122070312,175.02000427246094,176.3699951171875,703400,2024-04-19,0,1
2024-04-22,178.02000427246094,178.83999633789062,175.92999267578125,178.5500030517578,557000,2024-04-22,0,1
2024-04-23,179.38999938964844,180.5,178.02999877929688,180.44000244140625,647300,2024-04-23,0,1
2024-04-24,181.3800048828125,181.92999267578125,178.83999633789062,180.5,416100,2024-04-24,0,1
2024-04-25,179.0500030517578,181.5500030517578,178.14999389648438,179.8800048828125,953900,2024-04-25,0,1
2024-04-26,180.39999389648438,182.88999938964844,180.39999389648438,180.99000549316406,742700,2024-04-26,0,1
2024-04-29,180.85000610351562,181.82000732421875,179.5500030517578,180.67999267578125,708000,2024-04-29,0,1
2024-04-30,179.64999389648438,180.38999938964844,176.4199981689453,177.44000244140625,1185700,2024-04-30,0,1
2024-05-01,177.19000244140625,177.91000366210938,174.14999389648438,174.9600067138672,1980500,2024-05-01,0,1
2024-05-02,166.61000061035156,176.92999267578125,163.3000030517578,170.60000610351562,2101400,2024-05-02,0,1
2024-05-03,172.0399932861328,177.05999755859375,171.7100067138672,175.77000427246094,1491200,2024-05-03,0,1
2024-05-06,176.3699951171875,178.32000732421875,175.82000732421875,178.22000122070312,728300,2024-05-06,0,1
2024-05-07,177.67999267578125,178.6300048828125,176.80999755859375,178.3800048828125,636500,2024-05-07,0,1
2024-05-08,177.7100067138672,178.8699951171875,176.9600067138672,178.3300018310547,496000,2024-05-08,0,1
2024-05-09,179.3800048828125,180.30999755859375,178.3300018310547,180.0,537500,2024-05-09,0,1
2024-05-10,180.6199951171875,182.1300048828125,179.41000366210938,180.0,629900,2024-05-10,0,1
2024-05-13,180.82000732421875,181.3800048828125,178.0500030517578,179.1199951171875,653800,2024-05-13,0,1
2024-05-14,178.39999389648438,180.63999938964844,177.5500030517578,180.52999877929688,523700,2024-05-14,0,1
2024-05-15,182.3300018310547,184.49000549316406,181.66000366210938,183.85000610351562,458500,2024-05-15,0,1
2024-05-16,183.1699981689453,185.13999938964844,181.60000610351562,184.2100067138672,746000,2024-05-16,0,1
2024-05-17,185.0,185.0,182.75,184.22000122070312,1222400,2024-05-17,0,1
2024-05-20,183.9199981689453,185.99000549316406,183.38999938964844,184.0,667100,2024-05-20,0,1
2024-05-21,183.60000610351562,183.94000244140625,182.16000366210938,182.6699981689453,496200,2024-05-21,0,1
2024-05-22,182.8699951171875,184.0,182.50999450683594,183.75999450683594,440000,2024-05-22,0,1
2024-05-23,185.0,185.0,181.8300018310547,182.60000610351562,590000,2024-05-23,0,1
2024-05-24,181.50999450683594,183.77000427246094,180.52000427246094,183.0,550400,2024-05-24,0,1
2024-05-28,182.7899932861328,182.97000122070312,178.66000366210938,179.55999755859375,757900,2024-05-28,0,1
2024-05-29,178.07000732421875,178.8800048828125,176.58999633789062,177.30999755859375,661000,2024-05-29,0,1
2024-05-30,176.42999267578125,176.72000122070312,173.00999450683594,173.86000061035156,766300,2024-05-30,0,1
2024-05-31,174.74000549316406,176.52000427246094,171.8300018310547,176.24000549316406,1578200,2024-05-31,0,1
2024-06-03,177.0,178.77000427246094,172.08999633789062,174.11000061035156,733600,2024-06-03,0,1
2024-06-04,171.77999877929688,172.07000732421875,168.17999267578125,171.47000122070312,1287600,2024-06-04,0,1
2024-06-05,172.27000427246094,172.5,171.25,172.17999267578125,913900,2024-06-05,0,1
2024-06-06,172.50999450683594,175.16000366210938,172.50999450683594,174.60000610351562,512100,2024-06-06,0,1
2024-06-07,175.0,175.9600067138672,173.60000610351562,174.47999572753906,408100,2024-06-07,0,1
2024-06-10,173.0,176.17999267578125,173.0,175.5399932861328,577000,2024-06-10,0,1
2024-06-11,174.66000366210938,176.02000427246094,173.07000732421875,174.5,619500,2024-06-11,0,1
2024-06-12,176.0399932861328,179.69000244140625,175.02000427246094,176.9600067138672,613800,2024-06-12,0,1
2024-06-13,176.1199951171875,177.35000610351562,173.89999389648438,174.27000427246094,499600,2024-06-13,0,1
2024-06-14,174.5800018310547,174.8800048828125,171.92999267578125,173.5,425900,2024-06-14,0,1
2024-06-17,173.5,173.69000244140625,171.83999633789062,172.67999267578125,747000,2024-06-17,0,1
2024-06-18,172.61000061035156,173.72999572753906,172.16000366210938,173.02999877929688,805500,2024-06-18,0,1
2024-06-20,172.5,176.08999633789062,172.24000549316406,176.02999877929688,636900,2024-06-20,0,1
2024-06-21,176.8300018310547,177.6300048828125,175.07000732421875,177.2100067138672,1051500,2024-06-21,0,1
2024-06-24,176.9499969482422,179.1300048828125,176.82000732421875,177.60000610351562,680800,2024-06-24,0,1
2024-06-25,177.9499969482422,178.6999969482422,175.94000244140625,177.02999877929688,648300,2024-06-25,0,1
2024-06-26,176.5500030517578,178.24000549316406,174.52999877929688,177.60000610351562,466900,2024-06-26,0,1
2024-06-27,177.60000610351562,181.2899932861328,175.74000549316406,181.25999450683594,876400,2024-06-27,0,1
2024-06-28,181.8800048828125,184.47999572753906,181.25999450683594,181.6699981689453,1660100,2024-06-28,0,1
2024-07-01,180.8300018310547,181.80999755859375,178.8699951171875,181.02000427246094,653200,2024-07-01,0,1
2024-07-02,181.02000427246094,184.22999572753906,181.02000427246094,182.88999938964844,769200,2024-07-02,0,1
2024-07-03,182.69000244140625,184.50999450683594,182.07000732421875,183.97000122070312,408700,2024-07-03,0,1
2024-07-05,183.42999267578125,186.6199951171875,183.13999938964844,186.4600067138672,456500,2024-07-05,0,1
2024-07-08,186.4600067138672,187.77999877929688,185.38999938964844,187.32000732421875,670300,2024-07-08,0,1
2024-07-09,180.39999389648438,182.66000366210938,174.32000732421875,177.47999572753906,2132000,2024-07-09,0,1
2024-07-10,177.6199951171875,177.94000244140625,173.3800048828125,176.69000244140625,1519300,2024-07-10,0,1
2024-07-11,178.19000244140625,181.13999938964844,177.1199951171875,179.77000427246094,968300,2024-07-11,0,1
2024-07-12,179.77000427246094,183.99000549316406,178.60000610351562,182.72999572753906,976600,2024-07-12,0,1
2024-07-15,183.2100067138672,184.67999267578125,182.10000610351562,184.52999877929688,969900,2024-07-15,0,1
2024-07-16,184.97000122070312,186.4199981689453,183.11000061035156,184.0800018310547,1364400,2024-07-16,0,1
2024-07-17,183.00999450683594,184.0,179.6199951171875,179.77000427246094,1038900,2024-07-17,0,1
2024-07-18,179.77000427246094,179.77000427246094,175.4199981689453,176.0800018310547,917200,2024-07-18,0,1
2024-07-19,176.67999267578125,176.6999969482422,173.89999389648438,175.9199981689453,624000,2024-07-19,0,1
2024-07-22,176.72000122070312,179.17999267578125,175.1999969482422,178.41000366210938,651500,2024-07-22,0,1
2024-07-23,178.47999572753906,181.19000244140625,177.22000122070312,177.77000427246094,650000,2024-07-23,0,1
2024-07-24,176.7100067138672,177.1199951171875,172.02000427246094,172.32000732421875,636600,2024-07-24,0,1
2024-07-25,173.8699951171875,175.99000549316406,171.08999633789062,173.8699951171875,1037500,2024-07-25,0,1
2024-07-26,174.9499969482422,176.77999877929688,173.47999572753906,173.8000030517578,765300,2024-07-26,0,1
2024-07-29,174.27000427246094,177.42999267578125,173.07000732421875,177.22000122070312,1022800,2024-07-29,0,1
2024-07-30,177.80999755859375,180.30999755859375,175.27000427246094,176.47000122070312,622200,2024-07-30,0,1
2024-07-31,178.5500030517578,179.86000061035156,177.6199951171875,177.85000610351562,1098500,2024-07-31,0,1
2024-08-01,173.8300018310547,181.0399932861328,172.2100067138672,175.8699951171875,1211800,2024-08-01,0,1
2024-08-02,173.08999633789062,173.4199981689453,169.3800048828125,172.0500030517578,1302000,2024-08-02,0,1
2024-08-05,168.00999450683594,170.0,164.55999755859375,168.17999267578125,1835000,2024-08-05,0,1
2024-08-06,169.3800048828125,172.55999755859375,168.49000549316406,169.10000610351562,1024000,2024-08-06,0,1
2024-08-07,171.92999267578125,172.35000610351562,166.66000366210938,167.1699981689453,826400,2024-08-07,0,1
2024-08-08,169.05999755859375,171.49000549316406,167.9199981689453,170.4199981689453,548000,2024-08-08,0,1
2024-08-09,170.4199981689453,173.5,169.8000030517578,173.14999389648438,737900,2024-08-09,0,1
2024-08-12,173.5,174.0399932861328,169.77000427246094,170.19000244140625,443400,2024-08-12,0,1
2024-08-13,170.77000427246094,172.97999572753906,169.41000366210938,172.08999633789062,417700,2024-08-13,0,1
2024-08-14,171.99000549316406,172.67999267578125,169.91000366210938,172.4199981689453,642000,2024-08-14,0,1
2024-08-15,174.55999755859375,175.19000244140625,172.86000061035156,173.36000061035156,552900,2024-08-15,0,1
2024-08-16,172.9499969482422,174.80999755859375,172.8000030517578,173.55999755859375,445700,2024-08-16,0,1
2024-08-19,173.85000610351562,176.42999267578125,173.52000427246094,176.33999633789062,567500,2024-08-19,0,1
2024-08-20,176.4600067138672,177.16000366210938,175.69000244140625,176.1699981689453,435000,2024-08-20,0,1
2024-08-21,176.5399932861328,177.6300048828125,176.05999755859375,177.5500030517578,378000,2024-08-21,0,1
2024-08-22,177.6999969482422,178.61000061035156,174.72999572753906,174.97000122070312,413200,2024-08-22,0,1
2024-08-23,176.22999572753906,177.49000549316406,174.77000427246094,177.30999755859375,766500,2024-08-23,0,1
2024-08-26,178.0,178.2899932861328,175.3699951171875,175.9499969482422,373600,2024-08-26,0,1
2024-08-27,174.9499969482422,176.35000610351562,173.3000030517578,176.05999755859375,1092300,2024-08-27,0,1
2024-08-28,175.35000610351562,176.0800018310547,173.4499969482422,173.8800048828125,787600,2024-08-28,0,1
2024-08-29,175.27999877929688,178.74000549316406,175.27999877929688,177.11000061035156,975400,2024-08-29,0,1
2024-08-30,178.74000549316406,180.0,175.67999267578125,179.08999633789062,1490100,2024-08-30,0,1
2024-09-03,178.36000061035156,179.14999389648438,172.83999633789062,173.6199951171875,812100,2024-09-03,0,1
2024-09-04,173.1199951171875,173.1199951171875,170.05999755859375,170.2100067138672,908600,2024-09-04,0,1
2024-09-05,169.63999938964844,170.0399932861328,167.55999755859375,168.5,1096500,2024-09-05,0,1
2024-09-06,168.99000549316406,169.7899932861328,164.44000244140625,164.75999450683594,1080000,2024-09-06,0,1
2024-09-09,166.19000244140625,168.72000122070312,166.19000244140625,167.8000030517578,782300,2024-09-09,0,1
2024-09-10,169.02999877929688,169.47999572753906,165.8300018310547,166.94000244140625,850600,2024-09-10,0,1
2024-09-11,166.55999755859375,168.83999633789062,164.36000061035156,168.69000244140625,847400,2024-09-11,0,1
2024-09-12,168.77999877929688,171.66000366210938,167.55999755859375,170.94000244140625,1035700,2024-09-12,0,1
2024-09-13,170.83999633789062,172.83999633789062,170.11000061035156,172.22999572753906,807100,2024-09-13,0,1
2024-09-16,173.16000366210938,174.02999877929688,171.4199981689453,173.75999450683594,732400,2024-09-16,0,1
2024-09-17,174.91000366210938,176.49000549316406,173.9499969482422,175.6999969482422,705500,2024-09-17,0,1
2024-09-18,176.05999755859375,177.3300018310547,174.6999969482422,175.1300048828125,656800,2024-09-18,0,1
2024-09-19,179.72999572753906,180.61000061035156,177.97999572753906,179.1300048828125,690300,2024-09-19,0,1
2024-09-20,178.60000610351562,178.60000610351562,174.58999633789062,175.89999389648438,1576600,2024-09-20,0,1
2024-09-23,176.7100067138672,178.25999450683594,176.24000549316406,177.9600067138672,475800,2024-09-23,0,1
2024-09-24,177.9600067138672,178.77000427246094,176.42999267578125,177.7899932861328,406500,2024-09-24,0,1
2024-09-25,178.1199951171875,178.38999938964844,175.58999633789062,176.1999969482422,443500,2024-09-25,0,1
2024-09-26,177.9499969482422,181.13999938964844,176.52000427246094,181.00999450683594,576600,2024-09-26,0,1
2024-09-27,181.22000122070312,182.7100067138672,180.1699981689453,182.17999267578125,610800,2024-09-27,0,1
2024-09-30,181.61000061035156,182.50999450683594,179.67999267578125,180.66000366210938,600000,2024-09-30,0,1
2024-10-01,180.08999633789062,180.63999938964844,175.5,175.97000122070312,701600,2024-10-01,0,1
2024-10-02,175.7100067138672,178.11000061035156,174.74000549316406,177.91000366210938,383600,2024-10-02,0,1
2024-10-03,176.91000366210938,177.89999389648438,176.0,177.07000732421875,478900,2024-10-03,0,1
2024-10-04,178.77999877929688,179.74000549316406,178.1300048828125,179.60000610351562,364300,2024-10-04,0,1
2024-10-07,178.77000427246094,179.32000732421875,176.39999389648438,177.2899932861328,705800,2024-10-07,0,1
2024-10-08,177.8800048828125,178.3800048828125,176.47999572753906,178.0,553900,2024-10-08,0,1
2024-10-09,178.38999938964844,182.0,178.35000610351562,181.58999633789062,498500,2024-10-09,0,1
2024-10-10,180.2100067138672,181.83999633789062,179.6300048828125,180.38999938964844,549100,2024-10-10,0,1
2024-10-11,180.97999572753906,181.7100067138672,180.25999450683594,181.0,555800,2024-10-11,0,1
2024-10-14,181.99000549316406,186.11000061035156,181.99000549316406,185.5,681100,2024-10-14,0,1
2024-10-15,185.5,188.0800018310547,183.47999572753906,184.00999450683594,795200,2024-10-15,0,1
2024-10-16,184.00999450683594,186.0,183.14999389648438,184.47999572753906,609800,2024-10-16,0,1
2024-10-17,185.39999389648438,186.11000061035156,183.97000122070312,185.22000122070312,356200,2024-10-17,0,1
2024-10-18,186.22000122070312,186.9600067138672,184.17999267578125,184.39999389648438,424500,2024-10-18,0,1
2024-10-21,183.80999755859375,184.8800048828125,182.77000427246094,184.80999755859375,570800,2024-10-21,0,1
2024-10-22,183.9600067138672,184.52000427246094,181.6999969482422,182.92999267578125,425900,2024-10-22,0,1
2024-10-23,182.1199951171875,183.67999267578125,179.77999877929688,183.58999633789062,695000,2024-10-23,0,1
2024-10-24,184.72999572753906,184.8000030517578,182.49000549316406,183.6300048828125,531900,2024-10-24,0,1
2024-10-25,184.7100067138672,187.52000427246094,184.67999267578125,187.00999450683594,802500,2024-10-25,0,1
2024-10-28,188.1300048828125,188.99000549316406,185.08999633789062,185.25,680300,2024-10-28,0,1
2024-10-29,185.99000549316406,190.8699951171875,185.25999450683594,189.35000610351562,652500,2024-10-29,0,1
2024-10-30,189.41000366210938,190.8000030517578,186.52999877929688,186.83999633789062,684900,2024-10-30,0,1
2024-10-31,186.5500030517578,187.0800018310547,184.47000122070312,185.3300018310547,683700,2024-10-31,0,1
2024-11-01,183.4499969482422,187.49000549316406,182.36000061035156,185.02999877929688,739700,2024-11-01,0,1
2024-11-04,184.58999633789062,187.08999633789062,184.3300018310547,186.22999572753906,861400,2024-11-04,0,1
2024-11-05,186.60000610351562,190.00999450683594,186.60000610351562,189.99000549316406,900700,2024-11-05,0,1
2024-11-06,195.00999450683594,199.47999572753906,194.2899932861328,198.0399932861328,1731100,2024-11-06,0,1
2024-11-07,193.85000610351562,196.99000549316406,189.44000244140625,190.0500030517578,1677100,2024-11-07,0,1
2024-11-08,189.38999938964844,193.75,183.72999572753906,192.8300018310547,1598900,2024-11-08,0,1
2024-11-11,192.75999450683594,197.5800018310547,192.22999572753906,194.08999633789062,1132000,2024-11-11,0,1
2024-11-12,193.0500030517578,194.58999633789062,192.19000244140625,192.9199981689453,810600,2024-11-12,0,1
2024-11-13,192.44000244140625,195.10000610351562,192.11000061035156,193.4600067138672,852700,2024-11-13,0,1
2024-11-14,193.57000732421875,195.55999755859375,190.64999389648438,191.11000061035156,749700,2024-11-14,0,1
2024-11-15,190.58999633789062,191.75999450683594,188.74000549316406,190.00999450683594,687000,2024-11-15,0,1
2024-11-18,189.74000549316406,190.50999450683594,187.5,189.25999450683594,737600,2024-11-18,0,1
2024-11-19,187.14999389648438,189.83999633789062,186.88999938964844,189.27000427246094,754700,2024-11-19,0,1
2024-11-20,189.0,189.4600067138672,186.9600067138672,188.5,588200,2024-11-20,0,1
2024-11-21,190.75999450683594,193.83999633789062,189.10000610351562,192.75,677700,2024-11-21,0,1
2024-11-22,192.64999389648438,197.8300018310547,191.97999572753906,197.63999938964844,932100,2024-11-22,0,1
2024-11-25,197.80999755859375,201.66000366210938,197.80999755859375,200.58999633789062,1471400,2024-11-25,0,1
2024-11-26,200.49000549316406,200.67999267578125,198.4600067138672,199.25999450683594,756000,2024-11-26,0,1
2024-11-27,198.38999938964844,199.4199981689453,197.02999877929688,199.00999450683594,551900,2024-11-27,0,1
2024-11-29,199.4499969482422,200.4499969482422,197.52999877929688,200.05999755859375,340000,2024-11-29,0,1
2024-12-02,198.6999969482422,200.33999633789062,196.25,199.3800048828125,720700,2024-12-02,0,1
2024-12-03,198.7100067138672,200.4499969482422,198.05999755859375,200.1999969482422,456100,2024-12-03,0,1
2024-12-04,200.5,202.77999877929688,199.85000610351562,201.19000244140625,542600,2024-12-04,0,1
2024-12-05,200.9600067138672,201.2899932861328,199.50999450683594,200.86000061035156,694700,2024-12-05,0,1
2024-12-06,202.19000244140625,202.8000030517578,200.0,200.9199981689453,721300,2024-12-06,0,1
2024-12-09,200.67999267578125,201.60000610351562,199.38999938964844,199.58999633789062,455300,2024-12-09,0,1
2024-12-10,198.75999450683594,200.22000122070312,197.5500030517578,198.35000610351562,608200,2024-12-10,0,1
2024-12-11,199.67999267578125,202.75,199.5399932861328,201.88999938964844,578000,2024-12-11,0,1
2024-12-12,202.2100067138672,203.08999633789062,200.57000732421875,201.3000030517578,767900,2024-12-12,0,1
2024-12-13,201.0500030517578,202.1199951171875,197.72000122070312,198.67999267578125,593400,2024-12-13,0,1
2024-12-16,198.89999389648438,201.77000427246094,196.6300048828125,200.07000732421875,701400,2024-12-16,0,1
2024-12-17,199.88999938964844,199.88999938964844,196.5500030517578,196.89999389648438,775000,2024-12-17,0,1
2024-12-18,196.89999389648438,197.16000366210938,187.85000610351562,188.8300018310547,1093500,2024-12-18,0,1
2024-12-19,190.19000244140625,192.0500030517578,186.9600067138672,187.1300048828125,952700,2024-12-19,0,1
2024-12-20,185.50999450683594,188.8000030517578,185.22999572753906,187.5800018310547,2158700,2024-12-20,0,1
2024-12-23,186.67999267578125,186.67999267578125,184.11000061035156,185.25,705300,2024-12-23,0,1
2024-12-24,186.11000061035156,187.25,184.83999633789062,187.10000610351562,312400,2024-12-24,0,1
2024-12-26,186.6699981689453,186.75999450683594,185.32000732421875,185.91000366210938,302800,2024-12-26,0,1
2024-12-27,185.02999877929688,186.19000244140625,182.5399932861328,184.5,431100,2024-12-27,0,1
2024-12-30,183.14999389648438,184.35000610351562,181.44000244140625,183.66000366210938,495000,2024-12-30,0,1
