Date,Close,Volume,RSI,MA5,MA20,MA50,MA200
,ANET,ANET,,,,,
2016-02-17,3.7412500381469727,12318400,48.0457992688671,-0.2577678816659108,-0.050437533855438144,0.4284374380111693,0.734596832990646
2016-02-18,3.6343750953674316,26673600,47.46489964621801,-0.11348220280238541,0.04015616178512582,0.5152498865127564,0.8394405257701871
2016-02-19,4.0625,69076800,57.78753030180224,-0.434464250292097,-0.38028124570846566,0.07559998035430926,0.41168437123298673
2016-02-22,4.087500095367432,14164800,59.73367750275429,-0.35383932931082596,-0.40193759202957136,0.0408498907089232,0.38726865172386127
2016-02-23,4.122499942779541,11219200,63.64829537575524,-0.2853570325034007,-0.41799994707107535,-0.001499953269958887,0.3525844299793244
2016-02-24,4.214375019073486,12859200,59.91317007880166,-0.2773214067731584,-0.4866875171661378,-0.09721252918243373,0.2612187278270719
2016-02-25,4.228750228881836,9651200,59.635709623306646,-0.2157144546508789,-0.4797814607620241,-0.11143773555755576,0.24684664368629416
2016-02-26,4.31374979019165,11403200,69.09586308951279,-0.21892833709716797,-0.5348747849464415,-0.19813729763030974,0.16283770680427523
2016-02-29,4.283750057220459,10065600,84.91381483801048,-0.09616075243268707,-0.4782812952995301,-0.17222506046295205,0.19353431582450842
2016-03-01,4.327499866485596,8924800,89.37926216828116,-0.10205343791416688,-0.4908436059951784,-0.21892487049102805,0.14988762974739078
2016-03-02,4.168749809265137,14955200,79.06154009824665,0.06830372129167817,-0.3037810564041137,-0.06787481784820582,0.30903768658637976
2016-03-03,4.193749904632568,16076800,78.68410253924162,0.05348219190325043,-0.31268740892410296,-0.09683741092681863,0.2838407146930697
2016-03-04,4.015625,15916800,67.2852889745966,0.2032142366681784,-0.12868750095367432,0.07214999675750722,0.4609343683719631
2016-03-07,4.025000095367432,33016000,62.861349786817925,0.1647319793701172,-0.12187509536743146,0.05233740329742442,0.450596772432327
2016-03-08,3.867500066757202,13518400,54.54545766688407,0.2584820474897116,0.06037493944168082,0.1937499332427981,0.6062124252319334
2016-03-09,3.983750104904175,11801600,62.49441735805595,0.09937487329755523,-0.022312593460083185,0.06341239452362046,0.4883592617511745
2016-03-10,3.8193750381469727,16779200,39.283744634200886,0.1911606788635254,0.1656249761581421,0.20662496089935267,0.6503468286991119
2016-03-11,3.9256250858306885,10649600,43.34189957085131,0.05017852783203125,0.08574993610382098,0.08051241874694792,0.5424217820167545
2016-03-14,3.5331249237060547,52024000,31.267379834754024,0.3483036926814487,0.47915633916854894,0.44523757934570307,0.9310094428062436
2016-03-15,3.5062499046325684,18932800,26.522993948020826,0.3024108409881592,0.4965000987052921,0.44493760108947766,0.9535688352584835
2016-03-16,3.609999895095825,19100800,30.633787629662052,0.13937510762895844,0.38618760108947736,0.31663760662078877,0.8460532200336459
2016-03-17,3.656874895095825,13166400,28.937879759216926,0.06241079739161881,0.3404375910758972,0.24505010604858413,0.7950844693183896
2016-03-18,3.648124933242798,13830400,29.337667299866,0.023214306150163733,0.32846879959106445,0.2348500680923462,0.7986844313144683
2016-03-21,3.799999952316284,21934400,33.97874689983527,-0.1314285823277066,0.16221877336502066,0.07303754806518548,0.6426875376701355
2016-03-22,3.719374895095825,11312000,35.67158948457512,-0.08026783806937088,0.22268757820129403,0.14196259975433367,0.7178188455104824
2016-03-23,3.7168750762939453,11467200,34.57340028771421,-0.05151799746922103,0.2003123998641967,0.1337874174118041,0.7142999136447905
2016-03-24,3.688124895095825,7315200,38.27215789357749,0.003214325223650061,0.20203131437301636,0.15320009231567377,0.7365594696998592
2016-03-28,3.692500114440918,9256000,38.050320393300936,0.010624851499284826,0.16659361124038696,0.14178737640380845,0.725331125259399
2016-03-29,3.8681249618530273,17184000,50.02216922059584,-0.13482141494750977,-0.029812490940094083,-0.03821247100830094,0.5439406538009646
2016-03-30,3.900624990463257,15168000,46.86468314461888,-0.13125000681195953,-0.08365626335144061,-0.07376249790191647,0.5055812489986415
2016-03-31,3.9437499046325684,9721600,55.16345984057064,-0.15383921350751617,-0.1380311727523802,-0.11626241207122812,0.45616258502006524
2016-04-01,3.8837499618530273,13547200,48.19211578561857,-0.0703571183340892,-0.0935312271118165,-0.05778747081756608,0.509028152227402
2016-04-04,3.960624933242798,9513600,75.37092130884872,-0.11241068158830902,-0.17315620183944702,-0.1336249446868898,0.4251688051223752
2016-04-05,3.913749933242798,9608000,73.62319137038031,-0.03330353328159896,-0.13184370994567862,-0.08888744831085216,0.4644031798839565
2016-04-06,4.058750152587891,11552000,74.8271185349666,-0.12598231860569564,-0.26728142499923724,-0.2275876665115355,0.31259983658790613
2016-04-07,4.007500171661377,10726400,69.30489822268744,-0.05482159342084625,-0.21484394073486346,-0.17120018005371085,0.3564873182773587
2016-04-08,4.063125133514404,8872000,71.7277554879329,-0.08723224912370942,-0.25828139781951887,-0.22162513732910138,0.2938467323780056
2016-04-11,3.9725000858306885,7417600,59.650355060208184,0.007499967302595056,-0.1653126001358034,-0.1258625888824465,0.37708115577697754
2016-04-12,3.866874933242798,10425600,58.027210460675164,0.11071440151759537,-0.04299994707107535,-0.017937436103820925,0.47536568284034697
2016-04-13,4.041874885559082,7172800,64.89116537427279,-0.0526784147535051,-0.19121865034103402,-0.18617488861083986,0.29487510561943076
2016-04-14,4.030624866485596,4528000,65.94877249155405,-0.024731976645333553,-0.1589373826980589,-0.166362371444702,0.3009782493114468
2016-04-15,3.9618749618530273,7520000,61.8341509480602,0.030178615025111544,-0.07493747472763079,-0.09581246852874736,0.363993779420853
2016-04-18,3.992500066757202,7596800,56.26180389291098,-0.0025893620082309,-0.08834382295608512,-0.12455007076263414,0.32775617599487283
2016-04-19,3.940624952316284,10331200,51.975306200011595,0.03178572654724121,-0.029437458515167325,-0.06788745880126967,0.37375316500663747
2016-04-20,3.996875047683716,5467200,52.5898900107746,-0.020982231412614905,-0.07181254625320443,-0.11165005207061762,0.3122311949729921
2016-04-21,3.9512500762939453,6600000,53.33745766819789,0.03669633184160492,-0.014468824863433927,-0.053250079154968155,0.3526592922210696
2016-04-22,4.103125095367432,7516800,56.559267701404615,-0.1064286572592601,-0.14559383392334002,-0.19002509593963612,0.19708427429199205
2016-04-25,4.119375228881836,9571200,59.73949857880597,-0.11000016757420106,-0.14050021171569815,-0.1918502235412598,0.17696539163589442
2016-04-26,4.125,7742400,53.61527044271294,-0.09232136181422668,-0.13328123092651367,-0.18527499675750736,0.16679999589920058
2016-04-27,4.17062520980835,9680000,58.95675805877301,-0.11250012261526887,-0.165406429767609,-0.22142520427703838,0.11719353675842292
2016-04-28,4.110000133514404,7267200,52.55972536279961,-0.027678591864449764,-0.09646884202957118,-0.15342512607574443,0.17288423776626605
2016-04-29,4.163750171661377,10680000,60.88193248207216,-0.05758932658604188,-0.13621886968612706,-0.19658766269683836,0.1143654513359067
2016-05-02,4.191874980926514,10702400,70.28080865608729,-0.051339149475097656,-0.15278117656707746,-0.22212497234344486,0.08097189188003551
2016-05-03,4.01687479019165,9451200,48.43993253762325,0.11133956909179688,0.027375257015227916,-0.04853728771209731,0.24958770751953097
2016-05-04,3.909374952316284,13252800,43.24513221136285,0.18883936745779817,0.1274063348770138,0.05470005035400405,0.3503656709194187
2016-05-05,3.973750114440918,18408000,50.66480870465878,0.10285707882472472,0.06134366989135742,-0.014487609863281126,0.2797405087947844
2016-05-06,4.176875114440918,37809600,58.651025146340004,-0.09937507765633757,-0.13609383106231654,-0.2186501121520994,0.07087488532066377
2016-05-09,4.078750133514404,14886400,56.21136119040824,-0.005714382444109489,-0.032656347751617076,-0.1252251243591309,0.16308424115181008
2016-05-10,4.220624923706055,20451200,59.34237485612758,-0.1394642080579489,-0.15684363842010463,-0.26836241722106946,0.015837575197219955
2016-05-11,4.206874847412109,10720000,60.9651367379657,-0.12357129369463227,-0.13484356403350795,-0.2570248413085938,0.0247657763957978
2016-05-12,4.160624980926514,13168000,52.712258899198865,-0.05678568567548492,-0.08209369182586634,-0.2109374713897707,0.06658439278602568
2016-05-13,4.216249942779541,13188800,54.40590035548909,-0.06857136317661805,-0.12499990463256871,-0.2661124324798583,0.006912554502487289
2016-05-16,4.250625133514404,13182400,55.56787201217322,-0.06339297975812652,-0.1464688420295719,-0.2957876205444334,-0.03276263594627338
2016-05-17,4.181250095367432,6430400,50.461199582556624,0.0066070556640625,-0.06506254673004186,-0.22328758239746094,0.031121777296066355
2016-05-18,4.251874923706055,13302400,56.10542520236983,-0.03928565979003906,-0.12293738126754761,-0.2862249135971071,-0.044690550565719356
2016-05-19,4.262499809265137,11520000,54.413393129621326,-0.04392841884068055,-0.11799978017806989,-0.29127480506896974,-0.05992168784141505
2016-05-20,4.382500171661377,14817600,57.873006244916525,-0.13883944920131164,-0.22403138875961304,-0.40001266479492203,-0.18444392323493997
2016-05-23,4.474374771118164,13350400,70.28825504178829,-0.18589265005929168,-0.29815601110458356,-0.4809122705459594,-0.2794403994083403
2016-05-24,4.519999980926514,9097600,78.65102901743015,-0.18812499727521637,-0.3240312218666075,-0.5067999792098998,-0.328740609884262
2016-05-25,4.497499942779541,9876800,75.5799714852496,-0.13035712923322418,-0.2851874470710758,-0.46447494029998815,-0.30985307097435033
2016-05-26,4.50124979019165,9825600,69.67398352304639,-0.08839273452758789,-0.26937481164932287,-0.4503997898101808,-0.31594666838645935
2016-05-27,4.553750038146973,12292800,80.49758841311643,-0.09776796613420746,-0.3023750662803648,-0.48496253490448016,-0.3707875406742094
2016-05-31,4.580625057220459,8356800,77.11864711185825,-0.07919652121407683,-0.3098125815391537,-0.493187551498413,-0.400193809270859
2016-06-01,4.630000114440918,7876800,80.25023590437281,-0.09321444375174348,-0.3285313725471495,-0.5259626054763791,-0.4516688668727875
2016-06-02,4.681250095367432,9748800,86.95651585248127,-0.11491080692836242,-0.34118759632110596,-0.5579750823974612,-0.5051313483715054
2016-06-03,4.692500114440918,13299200,86.07954073379423,-0.10151794978550477,-0.3165001153945921,-0.5497126007080082,-0.517881366014481
2016-06-06,4.666250228881836,6678400,81.87920101296119,-0.0511608804975241,-0.26578147411346453,-0.5039002084732056,-0.49315647959709175
2016-06-07,4.661250114440918,11022400,90.85105882181065,-0.02330357687813933,-0.23165636062622053,-0.4795250940322875,-0.4880032384395596
2016-06-08,4.676249980926514,10337600,89.89423743279455,-0.020803451538085938,-0.22387497425079328,-0.47836246013641315,-0.5027374804019926
2016-06-09,4.695000171661377,7755200,90.04629731832298,-0.023214340209960938,-0.218218898773193,-0.48122514724731413,-0.520393921136856
2016-06-10,4.567500114440918,6956800,66.89496782329769,0.09535714558192687,-0.07037508487701416,-0.34125008583068883,-0.39257198929786696
2016-06-13,4.513124942779541,10844800,53.79903118043213,0.1257144383021762,-0.0011561632156373847,-0.2742874145507814,-0.33896556735038796
2016-06-14,4.528124809265137,11276800,50.847439081767746,0.08723238536289735,-0.002281045913695934,-0.2779372835159304,-0.354837309122086
2016-06-15,4.567500114440918,10660800,57.052905075654856,0.03374992098127105,-0.022343850135802867,-0.30423758506774945,-0.39524073958396944
2016-06-16,4.531875133514404,10660800,52.89943659937158,0.05089276177542512,0.027281141281127574,-0.25915010452270515,-0.36032825827598547
2016-06-17,4.503749847412109,9283200,45.03720980422967,0.05437517166137695,0.0674689292907713,-0.22109982490539526,-0.3321560990810397
2016-06-20,4.53125,5555200,45.10533177405311,0.003482137407575081,0.04740626811981219,-0.23923748016357393,-0.359875000715256
2016-06-21,4.538750171661377,7268800,40.13516369653636,-0.008125168936593319,0.04312486648559588,-0.23541265010833712,-0.36779392123222365
2016-06-22,4.460000038146973,18494400,27.423518913358905,0.06303569248744445,0.1188750028610226,-0.1448000144958499,-0.29014066338539113
2016-06-23,4.613749980926514,12099200,43.77470407877863,-0.07848208291189973,-0.029062438011169256,-0.2871124553680424,-0.44527810692787195
2016-06-24,4.165625095367432,34852800,26.259651490353377,0.31223208563668425,0.4022812128067015,0.16371243476867647,0.0005405294895171053
2016-06-27,3.8081250190734863,43680000,19.680162199921156,0.5663392884390692,0.7225000381469728,0.5181375122070309,0.3552437317371364
2016-06-28,3.875,9750400,22.536441442810812,0.4096429007393976,0.620343804359436,0.4489125299453738,0.2876000010967257
2016-06-29,3.984999895095825,11932800,27.09677865924236,0.22160727637154753,0.47809389829635585,0.33980013370513884,0.1777782309055329
2016-06-30,4.023749828338623,8089600,31.39435431633254,0.10928586551121278,0.4064689517021183,0.30158769607543956,0.1393032968044281
2016-07-01,3.978749990463257,9801600,31.597080074297068,0.08553569657461946,0.41578128337860143,0.34713753223419186,0.18435001015663133
2016-07-05,3.965625047683716,9457600,30.60346351366705,0.006071363176618494,0.39387496709823644,0.3575124740600586,0.1970749521255497
2016-07-06,4.039374828338623,14225600,32.210516678659545,-0.0857141699109758,0.28903142213821376,0.2821626853942867,0.12262204647064223
2016-07-07,4.125,9400000,36.74134149289985,-0.12607148715427963,0.17584375143051112,0.19653751373290973,0.03678750038146994
2016-07-08,4.23312520980835,9995200,41.618285143800634,-0.18303595270429351,0.04462479352951032,0.08966230392456076,-0.07090958356857335
2016-07-11,4.362500190734863,20115200,45.08376358656015,-0.25848231996808746,-0.09500018358230555,-0.03466267585754412,-0.19894706249237082
2016-07-12,4.380624771118164,13939200,45.4216298248414,-0.2256247656685968,-0.11974977254867536,-0.04844976425170877,-0.2154810190200802
2016-07-13,4.391250133514404,15230400,47.92765871818091,-0.17732153620038726,-0.13721886873245204,-0.055087623596191015,-0.2239938807487487
2016-07-14,4.375,9699200,42.15283428601519,-0.10258926664079926,-0.13059374094009435,-0.03167498588562001,-0.2053187477588656
2016-07-15,4.374374866485596,7084800,59.720594524333016,-0.054106984819684456,-0.1378436207771303,-0.02174985408782959,-0.20184361457824718
2016-07-18,4.461249828338623,12452800,90.6614715530421,-0.09294625691005187,-0.2268435835838316,-0.09887482166290251,-0.2855342018604281
2016-07-19,4.434999942779541,5752000,86.72131690886874,-0.03785712378365691,-0.20540620088577288,-0.06746243953704845,-0.2561718165874485
2016-07-20,4.455625057220459,17649600,84.95822782702881,-0.045178685869489144,-0.23018757104873622,-0.08055005550384564,-0.27414380550384543
2016-07-21,4.398125171661377,6228800,77.05512944126228,0.014821256910051872,-0.17578142881393433,-0.019500164985656987,-0.21462516903877216
2016-07-22,4.403749942779541,7136000,82.5670504384162,0.010982172829764103,-0.19190620183944684,-0.021187434196471955,-0.21928743958473174
2016-07-25,4.448124885559082,8195200,85.28335637610688,-0.02294635772705078,-0.22215615510940534,-0.059812378883361994,-0.2623498833179472
2016-07-26,4.436874866485596,10150400,81.99194692276046,-0.0027677672249932783,-0.1794686436653139,-0.044149861335754714,-0.24977486491203305
2016-07-27,4.418749809265137,7784000,76.52368298231806,0.009285858699253247,-0.13415609598159772,-0.02266231060028101,-0.23055918335914605
2016-07-28,4.351250171661377,11505600,61.510361490567796,0.06482124328613281,-0.04834394454956037,0.048237328529357804,-0.1621157944202425
2016-07-29,4.45437479019165,8539200,59.43514953738753,-0.038481984819684456,-0.12993731498718297,-0.050837292671203294,-0.2634904134273528
2016-08-01,4.507500171661377,8763200,62.15572921948996,-0.07598236628941102,-0.15662518739700282,-0.09906266689300569,-0.31436891913414033
2016-08-02,4.386875152587891,11651200,49.653809379709415,0.04223196847098176,-0.01493766307830846,0.02164985179901091,-0.19284077525138876
2016-08-03,4.456250190734863,8632000,55.93067548038771,-0.02598231179373567,-0.06346893310546875,-0.048087677955627406,-0.2610595619678495
2016-08-04,4.499374866485596,12881600,58.591077004554045,-0.060178416115896916,-0.08787486553192103,-0.09162485599517822,-0.30229673743247965
2016-08-05,4.484375,30014400,51.76360038197948,-0.03580352238246398,-0.060312509536743164,-0.07688748836517334,-0.2850812470912931
2016-08-08,4.504374980926514,16755200,55.34168578301645,-0.033928530556814884,-0.07321875095367414,-0.09682496547698971,-0.30270622849464424
2016-08-09,4.628749847412109,14412800,61.49378092521598,-0.13339267458234527,-0.1851873636245731,-0.21969983577728236,-0.4249154698848727
2016-08-10,4.625,7595200,66.21985650712179,-0.11285713740757508,-0.16975002288818342,-0.21506248950958273,-0.4194156229496002
2016-08-11,4.716249942779541,14206400,69.9044866491482,-0.15705353873116668,-0.2439374685287472,-0.30458743572235125,-0.5083249413967135
2016-08-12,4.736249923706055,9136000,68.94004553820847,-0.137053557804653,-0.2458436965942381,-0.32348742008209186,-0.525237423181534
2016-08-15,4.890625,20718400,75.10376990648969,-0.23553575788225434,-0.37875001430511457,-0.473899998664856,-0.6757875001430511
2016-08-16,4.849999904632568,13499200,73.27938182276826,-0.14267853328159852,-0.3173749208450314,-0.4295999097824099,-0.6312749063968655
2016-08-17,4.833749771118164,10432000,77.57142070847686,-0.0793748583112448,-0.28221855163574183,-0.4098997831344606,-0.611015399694443
2016-08-18,4.939374923706055,15750400,77.63533344092735,-0.140625,-0.3607812166213993,-0.5102624368667605,-0.7112874281406398
2016-08-19,4.945000171661377,12430400,76.35542410934853,-0.10053593771798308,-0.3393439531326292,-0.5108876848220829,-0.7116345500946046
2016-08-22,4.84250020980835,11142400,78.06005432787607,0.01999977656773133,-0.2171252250671385,-0.4028877210617061,-0.6046095871925354
2016-08-23,4.877500057220459,14729600,77.09003486585691,0.005178519657680347,-0.23009381294250453,-0.43060006618499713,-0.6345844340324405
2016-08-24,4.845624923706055,6588800,72.5938007757587,0.030625070844378044,-0.1768749237060545,-0.3923749303817745,-0.6004999256134029
2016-08-25,4.924375057220459,8436800,76.50601475207066,-0.03750004087175629,-0.2269688129425047,-0.463987565040588,-0.6761594343185422
2016-08-26,4.936874866485596,8830400,76.29177903980967,-0.0352676936558316,-0.2153436183929447,-0.46838737964630095,-0.6855061197280881
2016-08-29,4.98562479019165,11129600,73.89120040656039,-0.07741049357822938,-0.2401873111724857,-0.5074998044967653,-0.7303435444831852
2016-08-30,4.980625152587891,11492800,73.767760489301,-0.06732157298496766,-0.2055001735687254,-0.4935126638412477,-0.7210282802581789
2016-08-31,4.980000019073486,7828800,70.05703187664173,-0.04705360957554383,-0.17868754863738978,-0.4840625333786015,-0.7158750224113462
2016-09-01,4.979374885559082,10764800,69.04993551260381,-0.031874929155621956,-0.15406241416931188,-0.47304990291595495,-0.7115655136108394
2016-09-02,5.059374809265137,11529600,64.96671657066491,-0.08133915492466492,-0.20531234741210902,-0.5441373300552366,-0.787877938747406
2016-09-06,5.074375152587891,7808000,70.84785442313947,-0.0749109131949286,-0.19181268215179426,-0.5409626722335812,-0.7992845320701596
2016-09-07,5.084374904632568,6896000,73.56052367577144,-0.06383923121861024,-0.17903118133544904,-0.5254374265670778,-0.806184284687042
2016-09-08,5.084374904632568,5433600,67.00879617769553,-0.049732072012765194,-0.15606243610382098,-0.5012499284744258,-0.8030811595916747
2016-09-09,4.985000133514404,8604800,53.846153846153854,0.050267696380615234,-0.04325015544891375,-0.38187515258789073,-0.7018970131874083
2016-09-12,5.056250095367432,8457600,71.86701815251391,-0.010089397430419922,-0.09850010871887172,-0.43247510910034137,-0.771203224658966
2016-09-13,5.04562520980835,9566400,68.10232229551559,0.009999820164272144,-0.08012521266937256,-0.40051271915435827,-0.7584002137184145
2016-09-14,5.195624828338623,28867200,80.0429604392312,-0.12053550992693207,-0.21284358501434308,-0.5259123420715328,-0.9052342081069948
2016-09-15,5.276875019073486,10870400,80.12824901861055,-0.1728571483067105,-0.2719375133514408,-0.582412528991699,-0.9830750226974487
2016-09-16,5.314374923706055,18784000,80.94266924419645,-0.177499907357352,-0.29068741798400843,-0.5961249351501463,-1.0172218036651612
2016-09-19,5.126874923706055,16424000,59.43240559888578,0.016071523938860466,-0.0940936803817749,-0.39074994087219217,-0.8276249289512636
2016-09-20,5.113749980926514,10150400,58.79437856308996,0.04758930206298828,-0.06740624904632586,-0.3626000022888185,-0.8124374866485597
2016-09-21,5.23562479019165,6956800,64.55515975585917,-0.04866055079868836,-0.1713748216629032,-0.46737481117248514,-0.9313216710090639
2016-09-22,5.333125114440918,11374400,68.1410480251105,-0.10508946010044617,-0.2445001363754269,-0.5460376358032226,-1.0253501200675963
2016-09-23,5.357500076293945,11281600,66.21348417172008,-0.1063393865312845,-0.24721884727478027,-0.5507625961303715,-1.0458125805854799
2016-09-26,5.318124771118164,5276800,62.91389490426872,-0.061071259634835506,-0.18878104686737096,-0.49251229286193876,-1.0022966504096988
2016-09-27,5.394999980926514,7561600,65.36797088279229,-0.12642860412597656,-0.2451874971389767,-0.5507124996185304,-1.074228110313416
2016-09-28,5.360000133514404,12672000,63.17993062858383,-0.05812515531267426,-0.19121890068054181,-0.49721264839172363,-1.0335345125198367
2016-09-29,5.326250076293945,8654400,67.41071102744294,0.005982058388846134,-0.14015634059906024,-0.44605009078979485,-0.9951469540596012
2016-09-30,5.317500114440918,11376000,64.23705796416783,0.026428495134625862,-0.1145001173019411,-0.4189126300811772,-0.9822501158714294
2016-10-03,5.315625190734863,9950400,64.85556885423188,0.025803429739815975,-0.09981267452239972,-0.3988002014160159,-0.9761720657348629
2016-10-04,5.328125,6496000,58.58995974475541,0.009107181004115894,-0.09962499141693115,-0.3937000083923339,-0.9848000001907344
2016-10-05,5.310625076293945,8387200,52.385163118750995,0.02553571973528168,-0.07081255912780726,-0.3587250804901121,-0.9627063250541683
2016-10-06,5.341875076293945,5446400,51.960794980103735,-0.013303552355084847,-0.08918755054473859,-0.37151257514953606,-0.9896094489097598
2016-10-07,5.321249961853027,5448000,68.18713158068505,0.0017858232770651128,-0.05174994468688965,-0.331487464904785,-0.9651124596595766
2016-10-10,5.408124923706055,16926400,74.20348129230764,-0.07339273180280426,-0.12103116512298584,-0.3992874240875244,-1.0483061718940734
2016-10-11,5.188125133514404,10230400,46.63719335581191,0.12812491825648742,0.10609362125396693,-0.16567513465881323,-0.8258063817024235
2016-10-12,5.130624771118164,5859200,34.80298133160801,0.15919664927891297,0.16034398078918422,-0.09329977989196792,-0.7670403957366947
2016-10-13,5.047500133514404,11099200,28.620690789149165,0.20223202024187348,0.23199987411499023,0.0016498565673828125,-0.6832720065116886
2016-10-14,5.028124809265137,7934400,29.43262459316655,0.18125016348702605,0.23706269264221191,0.0316001796722416,-0.6633654332160948
2016-10-17,5.045000076293945,7140800,22.86822364476592,0.12196418217250304,0.2160936832427982,0.025937414169311168,-0.6793406987190247
2016-10-18,5.053750038146973,3772800,25.252521360374786,0.07499994550432465,0.20434372425079328,0.02817495346069343,-0.6870094108581544
2016-10-19,5.118750095367432,5692800,34.0384653475152,-0.031339372907366325,0.1334999322891237,-0.027025098800659286,-0.7508782172203068
2016-10-20,5.116250038146973,3763200,34.36893074437684,-0.03910718645368316,0.12515623569488543,-0.014700040817261062,-0.745775034427643
2016-10-21,5.223750114440918,5862400,43.86988929429087,-0.13330364227294922,0.010968661308288219,-0.11205011367797812,-0.8486407351493837
2016-10-24,5.251874923706055,4134400,45.016337119356336,-0.13223205293927887,-0.020468640327453436,-0.12986242294311534,-0.8720280456542966
2016-10-25,5.269999980926514,4776000,47.346934199782886,-0.11580351420811219,-0.04484369754791295,-0.14039998054504377,-0.8850562286376951
2016-10-26,5.263750076293945,5412800,44.72574111320857,-0.07830360957554383,-0.04340629577636701,-0.12587507247924812,-0.8732625746726992
2016-10-27,5.288125038146973,8523200,47.774984818086075,-0.06919642857142883,-0.06968750953674352,-0.1411625289916989,-0.8914187860488889
2016-10-28,5.318749904632568,14891200,43.505903598010676,-0.07124989373343293,-0.10024988651275635,-0.16419989585876493,-0.9158842778205871
2016-10-31,5.296875,10963200,61.09691953620311,-0.02357142312186067,-0.07931249141693097,-0.13528749465942358,-0.887790622711182
2016-11-01,5.260624885559082,11934400,63.86667887369792,0.017946515764508675,-0.04643738269805908,-0.090674886703491,-0.8447998833656314
2016-11-02,5.181875228881836,9099200,64.46838114112325,0.08669621603829558,0.025874781608581365,-0.0058377265930174005,-0.7599408507347105
2016-11-03,5.130000114440918,16529600,60.251606971829766,0.11857134955269988,0.06715614795684832,0.05172489166259808,-0.7019594860076905
2016-11-04,5.206874847412109,29430400,64.53422956715332,0.033571583884103084,-0.015437340736388805,-0.019499845504761026,-0.7729029703140258
2016-11-07,5.364999771118164,20396800,72.0354031295405,-0.11357123511178191,-0.17571852207183802,-0.16906227111816374,-0.9229216456413267
2016-11-08,5.379374980926514,13500800,69.8760822258943,-0.11928571973528168,-0.18053123950958216,-0.17556247711181605,-0.9291531050205233
2016-11-09,5.337500095367432,13392000,65.91728821373854,-0.07160724912370942,-0.1283125877380371,-0.12655009269714323,-0.879606343507767
2016-11-10,5.369375228881836,17264000,61.755825215062956,-0.0879466193062921,-0.14409396648406947,-0.1506377220153805,-0.9032127261161804
2016-11-11,5.384375095367432,11652800,60.92786124239714,-0.07401793343680207,-0.14128131866455096,-0.15753758430480946,-0.9100500917434688
2016-11-14,5.489375114440918,19153600,65.82509337246412,-0.12767866679600282,-0.22406258583068883,-0.2539375972747804,-1.00612198472023
2016-11-15,5.486875057220459,16145600,66.18314850078472,-0.08517857960292297,-0.199906277656555,-0.24318754196167003,-0.9942000520229337
2016-11-16,5.504374980926514,7384000,65.84250037553142,-0.08276775905064149,-0.19812495708465594,-0.2522874641418458,-1.0035374760627747
2016-11-17,5.502500057220459,4409600,64.05356043564899,-0.06330353873116668,-0.17693753242492694,-0.24205003738403352,-0.993640676736832
2016-11-18,5.49875020980835,8592000,65.88007060759895,-0.036517960684640194,-0.15943768024444616,-0.22802518844604514,-0.98090332865715
2016-11-21,5.90500020980835,38435200,82.03857185600206,-0.36625010626656707,-0.5330314159393312,-0.6173001861572267,-1.3744908273220062
2016-11-22,5.923749923706055,13678400,89.22671268174662,-0.30794627325875457,-0.5190936326980591,-0.6184874057769774,-1.3801842916011813
2016-11-23,5.949375152587891,7820800,94.56155073368781,-0.26785721097673676,-0.5104376077651978,-0.6290376281738279,-1.39280326962471
2016-11-25,5.916250228881836,5844800,90.50681853578737,-0.1733929770333429,-0.44590642452240026,-0.5831252002716063,-1.3470877194404602
2016-11-28,5.998125076293945,9921600,89.60129085366945,-0.1847320965358188,-0.4938125133514406,-0.6513250446319576,-1.4165469419956205
2016-11-29,5.970624923706055,9504000,86.38463321664265,-0.0903569630214145,-0.4326248645782469,-0.6069498920440672,-1.3776780402660371
2016-11-30,5.925624847412109,10664000,86.05363729319511,0.01562520435878234,-0.35437479019165075,-0.54571231842041,-1.321756089925766
2016-12-01,5.831250190734863,12539200,76.29895306153479,0.09946414402553039,-0.2275313854217531,-0.43942515373229973,-1.2163970577716832
2016-12-02,5.823124885559082,13537600,75.17933735892592,0.09321444375174348,-0.18474984169006348,-0.42149985313415517,-1.1994686281681064
2016-12-05,5.796875,12294400,69.40063490076969,0.09767859322684114,-0.12899994850158691,-0.3864624691009517,-1.1646718680858612
2016-12-06,5.866250038146973,10910400,72.07273841038841,0.021160670689174488,-0.17331247329711896,-0.44487500190734863,-1.2253281557559967
2016-12-07,6.116875171661377,20456000,78.03205219414981,-0.21250016348702605,-0.3870625972747801,-0.6810626316070554,-1.4664407885074615
2016-12-08,5.985000133514404,10625600,69.73415691279399,-0.07857152393886047,-0.22281255722045934,-0.5366875934600834,-1.325784500837326
2016-12-09,5.900625228881836,8201600,65.41966612888884,0.0022320066179544185,-0.11187515258789027,-0.4408251857757568,-1.2334752190113072
2016-12-12,5.821249961853027,14536000,45.71061545562668,0.08017866952078645,-0.010656142234802601,-0.35137492179870566,-1.1464124524593355
2016-12-13,5.939374923706055,9788800,50.72632162252023,-0.021339144025530388,-0.10628111362457293,-0.45702488899230964,-1.25647803902626
2016-12-14,6.117499828338623,22883200,56.84476998250869,-0.15366050175258117,-0.25287477970123273,-0.6193622970581059,-1.424859193563461
2016-12-15,6.049375057220459,15822400,55.26966192456299,-0.05937501362391906,-0.15750000476837123,-0.5364625263214116,-1.347456296682358
2016-12-16,6.042500019073486,14219200,51.867435572559714,-0.06312499727521637,-0.12362496852874738,-0.5155749893188473,-1.3304468834400174
2016-12-19,6.121250152587891,14830400,56.076660210729784,-0.12241084235055144,-0.1712501049041748,-0.5783251190185545,-1.39871576666832
2016-12-20,6.125,8873600,58.32029928561479,-0.09410715103149414,-0.16399996280670148,-0.567737464904785,-1.391178114414215
2016-12-21,6.121874809265137,5220800,63.128153962932615,-0.048035553523472,-0.15096852779388392,-0.5459372806549077,-1.3773623001575466
2016-12-22,6.053750038146973,7673600,59.88217140680818,0.03642851965768035,-0.07762501239776576,-0.4593500041961667,-1.298065654039383
2016-12-23,6.058125019073486,2219200,61.40829796617496,0.02357142312186067,-0.07490625381469762,-0.44351248741149885,-1.2917781352996824
2016-12-27,6.113749980926514,7169600,60.93922491246217,-0.022857121058872387,-0.12474997043609637,-0.4774249458312987,-1.3344999718666077
2016-12-28,6.078125,6958400,47.885392515801335,0.017857142857143238,-0.0837499856948849,-0.42113746643066374,-1.2860156154632572
2016-12-29,6.04562520980835,3840000,53.71079498689518,0.039553369794573356,-0.04525017738342285,-0.3688001728057859,-1.241337698698044
2016-12-30,6.04812479019165,4003200,60.033994959144415,0.026071616581508472,-0.03690602779388463,-0.35271225929260286,-1.2318810296058658
2017-01-03,6.066249847412109,8771200,68.18183748373974,1.3623918793115308e-07,-0.04287483692169225,-0.3518373203277587,-1.2379154622554776
2017-01-04,6.35812520980835,33945600,74.70504997650977,-0.24839305877685547,-0.3066876888275143,-0.62102518081665,-1.5170001983642578
2017-01-05,6.371250152587891,15624000,68.58978344936963,-0.21678583962576692,-0.2945626258850096,-0.6117626190185543,-1.5168657648563384
2017-01-06,6.329999923706055,7580800,71.40132878042394,-0.14464276177542512,-0.24265615940093976,-0.549312391281128,-1.462549911737442
2017-01-09,6.21999979019165,12043200,61.69685535697901,-0.014374801090785816,-0.12090604305267316,-0.4201872634887698,-1.3398904037475585
2017-01-10,6.276249885559082,6729600,60.52629874587766,-0.03767851420811219,-0.15837490558624268,-0.4566748619079588,-1.3832217502593993
2017-01-11,6.216875076293945,7755200,55.801110628043176,0.04580347878592317,-0.0792188405990597,-0.3793375492095947,-1.3121031904220581
2017-01-12,6.1875,9446400,54.01070796604598,0.09250000544956727,-0.03743751049041766,-0.3321499729156496,-1.2712937390804289
2017-01-13,6.26687479019165,5884800,62.848518821956795,8.944102695984668e-05,-0.10934355258941686,-0.3913997650146488,-1.3390529048442836
2017-01-17,5.51437520980835,73332800,32.76545104127371,0.630178315298898,0.616406035423279,0.3677498149871825,-0.5784001982212068
2017-01-18,5.544374942779541,19854400,31.655244589364443,0.487946442195347,0.5615000486373898,0.34603757858276385,-0.6004811811447146
2017-01-19,5.607500076293945,10116800,35.10090610798662,0.3373213495526999,0.4726874113082884,0.290924949645996,-0.655137563943863
2017-01-20,5.612500190734863,11713600,36.045102852435555,0.237499850136893,0.4420623064041136,0.290874843597412,-0.6523689281940461
2017-01-23,5.604374885559082,11896000,35.75442050139071,0.15812512806483703,0.42431261539459264,0.3035001468658445,-0.6362592494487762
2017-01-24,5.779375076293945,11118400,41.63325736390727,-0.07517862319946289,0.23559367656707764,0.1373374557495115,-0.8026781904697415
2017-01-25,5.817500114440918,7955200,31.493366475654327,-0.17750004359653992,0.18543739318847674,0.10817491531372081,-0.8315782284736635
2017-01-26,5.806875228881836,5107200,30.647239454398587,-0.12508944102695985,0.1807185411453247,0.12724980354309068,-0.8112533414363865
2017-01-27,5.861249923706055,5593600,34.06966410560071,-0.13419628143310547,0.11550009250640869,0.08031260490417491,-0.8565311610698698
2017-01-30,5.854374885559082,5880000,36.63773258073342,-0.09205341339111328,0.11281261444091761,0.09453763961792028,-0.84053737282753
2017-01-31,5.875,6513600,34.94371351255022,-0.07517855507986848,0.08353126049041748,0.08132502555847143,-0.851596862077713
2017-02-01,5.892499923706055,7284800,37.43340441788256,-0.05151775905064149,0.05734384059906006,0.07162509918212923,-0.859596786499023
2017-02-02,5.929999828338623,9422400,40.0866109209065,-0.0674998419625421,-0.0015623331069942736,0.0427501869201663,-0.8871498167514797
2017-02-03,5.96999979019165,7064000,38.21339593351256,-0.0857141358511786,-0.06162481307983381,0.004050216674804652,-0.9172841548919681
2017-02-06,5.969375133514404,5737600,94.82760564650701,-0.061875207083565975,-0.07903139591217023,0.005587377548217809,-0.9065688729286192
2017-02-07,5.999374866485596,4475200,94.82760564650701,-0.07214280537196593,-0.1200623750686649,-0.02341236114501921,-0.9270873570442202
2017-02-08,6.091249942779541,8312000,95.10491313777291,-0.13017858777727387,-0.22118744850158656,-0.11178744316101064,-1.0091030597686768
2017-02-09,6.113124847412109,7377600,95.25425306857151,-0.11803565706525543,-0.24824986457824672,-0.13136235237121596,-1.0210373401641846
2017-02-10,6.173749923706055,6516800,97.0072892701754,-0.13848216193062957,-0.30956244468688965,-0.18792492866516142,-1.0716467928886413
2017-02-13,6.243750095367432,13496000,96.37960348038118,-0.16366086687360504,-0.3807188510894779,-0.25156259536743164,-1.130978214740753
2017-02-14,6.295000076293945,8420800,96.47209511699353,-0.16848223549979036,-0.39293758869171125,-0.29353757858276364,-1.1715719461441036
2017-02-15,6.291874885559082,11448000,97.90125480134353,-0.11928565161568816,-0.35243740081787145,-0.2810373878479,-1.157946755886078
2017-02-16,6.260624885559082,28212800,91.33248978963388,-0.0507142203194757,-0.2885311603546139,-0.24051239013671832,-1.1154780054092406
2017-02-17,7.441249847412109,94566400,97.88759836050005,-1.0384820529392789,-1.3777186393737795,-1.3896373558044433,-2.2784435927867888
2017-02-21,7.663750171661377,26633600,98.11702219630634,-1.0394644737243652,-1.4972501993179321,-1.5812001800537105,-2.482493916749954
2017-02-22,7.612500190734863,13752000,95.44254521449484,-0.7826787403651645,-1.3543439626693727,-1.4974001979827882,-2.414065810441971
2017-02-23,7.365624904632568,18272000,84.1510524615513,-0.37553562436785004,-1.0300624370574951,-1.2212249183654782,-2.150756150484085
2017-02-24,7.536874771118164,14372800,85.08255994882136,-0.36937482016427214,-1.1148123264312746,-1.3581622886657714,-2.30542476773262
2017-02-27,7.524374961853027,9942400,84.63250729008496,-0.18080357142857117,-1.0191562652587889,-1.3139624786376949,-2.276337457895279
2017-02-28,7.436874866485596,10385600,81.21605966333755,0.07473223549979036,-0.8525311708450314,-1.200074882507324,-2.1724561131000515
2017-03-01,7.539999961853027,12446400,81.30739175155963,-0.014285700661795353,-0.8724062681198124,-1.2733874797821043,-2.2589624583721157
2017-03-02,7.468124866485596,7520000,78.66207262446429,0.029642922537667538,-0.7217499256134037,-1.172999887466431,-2.1709998643398283
2017-03-03,7.498125076293945,8019200,78.38198866934263,-0.016696589333670353,-0.6733438730239865,-1.1754625988006593,-2.1844156992435453
2017-03-06,7.464375019073486,11747200,76.57141587801942,0.031160627092633675,-0.5648750543594359,-1.1149250411987301,-2.1346031415462496
2017-03-07,7.567500114440918,14902400,77.08886555543104,-0.06758941922868988,-0.5880939006805423,-1.1891376304626462,-2.2212032353878017
2017-03-08,7.720624923706055,22932800,78.58928755443432,-0.19267851965768035,-0.6551562070846559,-1.3089249420166018,-2.3576374208927158
2017-03-09,7.693124771118164,8835200,78.70740288005724,-0.12857123783656554,-0.5475623130798342,-1.248724794387817,-2.3140435183048247
2017-03-10,7.760624885559082,9310400,61.555850164458015,-0.1645535060337613,-0.5326874256134033,-1.2832874107360839,-2.3653405082225802
2017-03-13,7.966875076293945,17952000,61.09838770219192,-0.2995536667960028,-0.6492813587188717,-1.4517625999450683,-2.5542438232898714
2017-03-14,7.9375,11670400,62.09300757616082,-0.20741074425833528,-0.5352187871932985,-1.3845500278472898,-2.5076874959468842
2017-03-15,8.017499923706055,18081600,77.69515418216619,-0.20839282444545226,-0.5290937185287472,-1.4251624488830563,-2.570368670225143
2017-03-16,7.946249961853027,14334400,69.00754171589091,-0.08303574153355164,-0.3751250028610231,-1.3163124847412107,-2.482290583848953
2017-03-17,8.006250381469727,16408000,71.42856537013759,-0.1022325243268698,-0.3478441476821903,-1.3433504009246828,-2.525409752130509
2017-03-20,8.145625114440918,11443200,80.12751051270544,-0.17696435110909636,-0.45200011730194056,-1.4472376346588138,-2.6474626100063325
2017-03-21,7.998125076293945,17740800,68.76599222294536,0.004464285714286476,-0.2877813339233395,-1.2663750934600833,-2.4834344470500946
2017-03-22,8.1587495803833,14115200,76.37229834822733,-0.1287495749337335,-0.4210933685302738,-1.3882246017456055,-2.626596454381943
2017-03-23,8.130000114440918,8974400,74.15194493128075,-0.07250009264264712,-0.35412514209747314,-1.322400131225586,-2.58050323843956
2017-03-24,8.235625267028809,10136000,77.94385690182231,-0.14696448189871703,-0.4248127698898312,-1.3876502799987795,-2.6683315145969395
2017-03-27,8.261249542236328,8745600,76.63148014049227,-0.1275888170514783,-0.4135933160781864,-1.371799564361572,-2.676124542951584
2017-03-28,8.373125076293945,12272000,75.86721068024886,-0.18705368041992188,-0.47865633964538556,-1.4415500926971436,-2.7689719521999363
2017-03-29,8.331250190734863,8278400,75.01227955672482,-0.11866092681884766,-0.3972189426422119,-1.343337707519531,-2.7080064404010775
2017-03-30,8.30062484741211,6528000,71.79617267536258,-0.04482133047921266,-0.3249686002731327,-1.2575873661041257,-2.658518596887588
2017-03-31,8.266875267028809,11803200,64.06801885079554,0.004374776567731331,-0.2527815103530884,-1.170650281906128,-2.606272140741348
2017-04-03,8.231249809265137,16627200,63.694639057369,0.05446447644914976,-0.1788123130798347,-1.0826498317718505,-2.552149809598923
2017-04-04,8.324999809265137,16340800,64.15420341259772,-0.026517731802803368,-0.23468732833862305,-1.1219873332977297,-2.6267935597896575
2017-04-05,8.375,25136000,70.12911770315733,-0.06026785714285765,-0.2519687652587894,-1.1200750255584717,-2.6575750005245204
2017-04-06,8.399999618530273,14675200,69.11406328701372,-0.08142825535365539,-0.24162464141845774,-1.0934246540069577,-2.6632683718204495
2017-04-07,8.278124809265137,9779200,56.54320220178924,0.032857213701520394,-0.09387483596801793,-0.9221248531341555,-2.522302938699722
2017-04-10,8.329375267028809,6713600,68.07642307055791,-0.014286041259765625,-0.12700028419494558,-0.9240128040313724,-2.554975270032883
2017-04-11,8.333125114440918,7956800,61.48152241347697,-0.008571624755859375,-0.11096887588501048,-0.8781876468658449,-2.5378876173496243
2017-04-12,8.216875076293945,11625600,55.12914788409629,0.10562488010951476,0.015249919891356711,-0.7151001071929928,-2.39959382891655
2017-04-13,8.210000038146973,5225600,48.28737000711312,0.09607137952532163,0.035312461853028054,-0.6618750667572018,-2.3710437905788417
2017-04-17,8.296875,7691200,52.2007984050751,-0.0019642966134210127,-0.03703126907348597,-0.7014125251770018,-2.4363593769073484
2017-04-18,8.3100004196167,5158400,45.55851545672319,-0.027946744646344612,-0.04193792343139613,-0.6677379322052,-2.428053543567658
2017-04-19,8.364375114440918,7208000,52.290399497792286,-0.06999996730259461,-0.07800011634826731,-0.6742126274108884,-2.460500112771988
2017-04-20,8.529375076293945,11555200,63.338204578970895,-0.20642852783203125,-0.22446880340576136,-0.7886125850677494,-2.6026813244819644
2017-04-21,8.541250228881836,6745600,66.41733725777976,-0.18857152121407594,-0.21578145027160645,-0.7514877319335938,-2.5920471000671386
2017-04-24,8.6875,10718400,74.10833337532692,-0.2675891603742322,-0.33943748474121094,-0.8462500000000004,-2.715484371185303
2017-04-25,8.713749885559082,9518400,72.11949609088423,-0.2218747820172986,-0.34306235313415456,-0.8216998863220217,-2.719331133365631
2017-04-26,8.710000038146973,11265600,70.1201343965615,-0.1591070720127643,-0.32246875762939453,-0.7686250400543209,-2.693843786716461
2017-04-27,8.728124618530273,10080000,69.87132246774398,-0.1174996239798407,-0.32074961662292445,-0.7380871295928957,-2.6902308678627014
2017-04-28,8.727499961853027,14784000,81.89888842253484,-0.06499998910086546,-0.2987812042236335,-0.68874997138977,-2.667924962043762
2017-05-01,8.818750381469727,11291200,82.87157621778964,-0.11491107940673828,-0.3624378681182865,-0.728837881088257,-2.736956629753113
2017-05-02,8.82437515258789,15192000,82.91461075349618,-0.08008943285260806,-0.3384063720703132,-0.7068001461029052,-2.7203313994407656
2017-05-03,8.792499542236328,10862400,93.48439395642238,-0.03321388789585633,-0.2831557750701901,-0.6523495483398438,-2.6667995405197145
2017-05-04,8.762499809265137,25768000,90.32848188852722,0.0037501198904852373,-0.23378105163574148,-0.5993498229980467,-2.615162308216095
2017-05-05,9.045000076293945,36128000,92.47694936766436,-0.23089299883161196,-0.48403129577636683,-0.8482625865936271,-2.874715700149536
2017-05-08,8.921875,14244800,80.88327741649779,-0.08008929661342101,-0.3287187099456794,-0.6974375057220463,-2.7289718747138973
2017-05-09,9.058124542236328,11083200,82.3426525235262,-0.16910675593784852,-0.4285307884216305,-0.8030120563507079,-2.841949543952942
2017-05-10,9.089374542236328,11411200,79.82689084167217,-0.16169616154262023,-0.42196831703186,-0.8012120628356936,-2.849993295669556
2017-05-11,9.126250267028809,9017600,80.35020013556772,-0.15544686998639712,-0.413375282287598,-0.8063627815246583,-2.86342214345932
2017-05-12,9.176250457763672,7630400,78.17004529264324,-0.1506255013602118,-0.4150629520416267,-0.8222004604339599,-2.8896348309516906
2017-05-15,9.213749885559082,9313600,78.44950707374142,-0.12366063254220094,-0.4067186355590824,-0.8253873920440675,-2.9028217601776127
2017-05-16,9.215624809265137,18894400,78.83106572264457,-0.10116059439522829,-0.3633123397827145,-0.7922373199462882,-2.8808904337882995
2017-05-17,8.897500038146973,14515200,57.19598101524826,0.2134820393153607,-0.018531322479248047,-0.44751255035400384,-2.5408156633377077
2017-05-18,8.967499732971191,12862400,59.62887629822129,0.13053594316754946,-0.06662478446960485,-0.4925747489929204,-2.58791223526001
2017-05-19,9.004375457763672,9950400,57.78710036710696,0.0815174920218329,-0.08034424781799387,-0.5032254600524908,-2.602047333717346
2017-05-22,8.946874618530273,11329600,54.92459560424731,0.11339323861258421,-0.0098746776580807,-0.4219996261596677,-2.5223089957237246
2017-05-23,8.949999809265137,13030400,56.48148656890272,0.07794652666364321,-0.001187372207642312,-0.4054623222351079,-2.503106062412262
2017-05-24,9.017499923706055,6366400,60.179633195593226,-0.017589296613421013,-0.05331249237060476,-0.4513624382019046,-2.548040552139282
2017-05-25,9.25374984741211,15873600,58.65283204437536,-0.2483927862984796,-0.26328115463256907,-0.6628873634338373,-2.7611654758453366
2017-05-26,9.153124809265137,9905600,59.76767024933676,-0.11124992370605469,-0.14137487411499094,-0.5381248283386224,-2.637899813652038
2017-05-30,9.201250076293945,10452800,56.53167346768241,-0.12598228454589844,-0.1703751564025886,-0.5623501014709475,-2.663600080013275
2017-05-31,9.211250305175781,41748800,55.67192689997746,-0.10642896379743227,-0.16103162765502965,-0.5510378265380851,-2.6512253069877625
2017-06-01,9.282500267028809,25180800,57.04621498180817,-0.12973240443638367,-0.20778155326843262,-0.5966002845764162,-2.7005158925056456
2017-06-02,9.516249656677246,20499200,63.152768605865184,-0.2825889587402344,-0.40384345054626536,-0.803199672698975,-2.9109340333938603
2017-06-05,9.645625114440918,14856000,65.59818520498422,-0.3222322463989258,-0.5031876564025879,-0.902262630462646,-3.0162501144409184
2017-06-06,9.709375381469727,10374400,67.07000636331566,-0.3208931514195026,-0.5275629043579109,-0.9365378952026369,-3.0561503791809086
2017-06-07,9.753125190734863,9998400,86.50661375876666,-0.27892862047467837,-0.5365626811981201,-0.9504501914978025,-3.0758595633506776
2017-06-08,9.829375267028809,9366400,86.57820093964817,-0.2654465266636432,-0.5758127212524418,-0.9975752639770512,-3.1271752643585202
2017-06-09,9.3412504196167,16251200,60.337542617169774,0.2412497656685968,-0.07693786621093679,-0.4892504119873049,-2.61673166513443
2017-06-12,9.359999656677246,18459200,62.986250300529235,0.23357186998639712,-0.08649964332580495,-0.486812152862548,-2.6129090285301206
2017-06-13,9.486249923706055,10086400,65.64551860687581,0.10303592681884766,-0.19912490844726527,-0.5886749267578129,-2.7163499212265014
2017-06-14,9.440625190734863,8809600,62.50462921469917,0.11937495640346008,-0.14225015640258754,-0.5188626861572274,-2.648206436634064
2017-06-15,9.451874732971191,8632000,56.75330222627621,0.07133960723876953,-0.12578096389770543,-0.5075747299194333,-2.6371247291564943
2017-06-16,9.473750114440918,24929600,61.548867304133,0.00955350058419313,-0.12234382629394602,-0.5074751091003424,-2.6365344858169557
2017-06-19,9.791250228881836,13105600,67.79790036213747,-0.31339304787772093,-0.40050020217895543,-0.7971502113342286,-2.929978349208832
2017-06-20,9.689374923706055,9374400,63.6655887201584,-0.1617856706891736,-0.26149988174438477,-0.6670499038696285,-2.804553043842316
2017-06-21,9.885000228881836,13345600,66.07738619654523,-0.28241089412144227,-0.41037516593933177,-0.8315627098083489,-2.976050221920014
2017-06-22,9.923749923706055,8644800,62.13701437882357,-0.258660588945661,-0.4038123607635491,-0.8384999084472664,-2.9905530428886413
2017-06-23,10.101249694824219,24441600,63.192175214923694,-0.3417854309082031,-0.5389371395111091,-0.9783121871948239,-3.1429684400558475
2017-06-26,9.861249923706055,14619200,53.990138156015576,-0.043303489685058594,-0.2635311126708988,-0.7052874183654794,-2.8790842938423156
2017-06-27,9.551250457763672,12094400,45.34716516474536,0.27776745387486024,0.06396837234496999,-0.370200443267823,-2.546253576278686
2017-06-28,9.704375267028809,11819200,47.21758269004934,0.11223193577357726,-0.0645001888275143,-0.49543775558471737,-2.676137759685516
2017-06-29,9.371874809265137,11691200,50.73242227592832,0.3993752343314032,0.2724689960479729,-0.1427873039245604,-2.322006053924561
2017-06-30,9.3618745803833,8753600,50.0450296930285,0.3346432277134479,0.2747504711151123,-0.116137084960938,-2.2911745762825015
2017-07-03,9.180624961853027,5724800,42.84878440648465,0.4097321374075751,0.43275008201599086,0.07790002822875941,-2.0904062080383303
2017-07-05,9.288749694824219,14728000,46.547302046517,0.18553597586495485,0.3035940647125237,-0.018199710845946626,-2.178659067153931
2017-07-06,9.089374542236328,10153600,42.40837236241624,0.27464321681431336,0.469781684875489,0.18868793487548885,-1.9594714164733888
2017-07-07,9.298125267028809,11561600,46.58898107302733,0.02973175048828125,0.2344684600830078,-0.008300285339355895,-2.1473002648353576
2017-07-10,9.334375381469727,10764800,40.0381615260618,-0.05937549046107726,0.19787459373474192,-0.0324253845214848,-2.163056626319885
2017-07-11,9.572500228881836,8806400,47.59455190108754,-0.2688395636422296,-0.029625225067139382,-0.2536502265930167,-2.3799845981597905
2017-07-12,9.711250305175781,9803200,46.338251573914704,-0.35767882210867796,-0.15712528228759837,-0.37455030441284265,-2.496965923309326
2017-07-13,9.673125267028809,6004800,44.71673935533521,-0.24919659750802126,-0.10737524032592738,-0.31945026397705156,-2.4370658826828
2017-07-14,9.694375038146973,4816000,40.81806055393928,-0.2124998910086493,-0.11649999618530238,-0.32266252517700167,-2.436818778514862
2017-07-17,9.701250076293945,5956800,45.964695050322256,-0.13196413857596312,-0.11200003623962473,-0.3107625579833986,-2.421987566947937
2017-07-18,9.749375343322754,6710400,55.75734935071198,-0.1156251089913507,-0.16221904754638672,-0.3448003196716307,-2.4479972076416017
2017-07-19,9.851875305175781,7064000,54.41616608313636,-0.1441965103149414,-0.25659399032592844,-0.42870027542114286,-2.527825293540954
2017-07-20,9.800000190734863,5990400,65.40711362609876,-0.059821401323590706,-0.2089688777923584,-0.3619876480102544,-2.453528304100036
2017-07-21,9.557499885559082,18900800,56.03083508755425,0.16071455819266234,0.015218925476073508,-0.11012483596801736,-2.18988112449646
2017-07-24,9.701250076293945,8297600,66.42997004223702,0.020982197352818588,-0.14853124618530344,-0.2423750305175787,-2.311678190231323
2017-07-25,9.875,6481600,67.76514433413942,-0.1269641603742322,-0.3215936660766605,-0.40214996337890696,-2.4627624893188473
2017-07-26,9.824999809265137,9209600,74.51060392584529,-0.059285436357770394,-0.25790600776672434,-0.3399247741699227,-2.3902435493469234
2017-07-27,9.5024995803833,11920000,56.32982355818421,0.2279468263898572,0.05450043678283656,-0.011687049865722443,-2.0472714471817017
2017-07-28,9.399999618530273,15870400,51.95237489956102,0.265893118722099,0.15840663909912145,0.10086290359497063,-1.923712112903595
2017-07-31,9.3306245803833,16158400,42.00081119422803,0.26821449824741883,0.22621917724609375,0.17750043869018484,-1.833337075710297
2017-08-01,9.237500190734863,11476800,33.84484300557733,0.31562464577811156,0.3221873283386234,0.2752873229980466,-1.7192626857757567
2017-08-02,8.9662504196167,18598400,29.201918824820808,0.4818744659423828,0.5773121356964115,0.546924610137939,-1.4283222866058347
2017-08-03,9.003125190734863,30819200,29.84694501720506,0.3204461506434857,0.5361248970031731,0.5111123466491705,-1.4454064321517945
2017-08-04,10.753125190734863,79963200,65.20874866626937,-1.2969645091465534,-1.1411251068115238,-1.204175148010254,-3.1669095563888554
2017-08-07,10.859375,26414400,65.78385730616984,-1.2093749727521619,-1.1711249351501465,-1.2783124542236326,-3.2444562411308286
2017-08-08,10.62125015258789,18750400,60.53397150578127,-0.7967857633318225,-0.8805625915527351,-1.0108250999450679,-2.978806393146515
2017-08-09,10.4662504196167,17907200,58.871509690907864,-0.4795537676130017,-0.6878128528594978,-0.8305253601074227,-2.797594158649445
2017-08-10,10.293749809265137,23864000,59.989824021830216,-0.1561603546142578,-0.48428101539611745,-0.636374759674073,-2.5998841738700866
2017-08-11,10.35562515258789,10020800,59.08066117014941,-0.019553593226842025,-0.5130938529968265,-0.6767876052856447,-2.636331391334534
2017-08-14,10.612500190734863,10235200,60.003394291743,-0.04651791708809938,-0.7244063854217533,-0.9117376327514641,-2.8664626789093015
2017-08-15,10.661874771118164,9086400,61.35323264134437,-0.1089282717023572,-0.7281559944152836,-0.9407872200012211,-2.8889685106277465
2017-08-16,10.854374885559082,13624000,69.01038048548122,-0.30214268820626344,-0.8705311298370368,-1.1103873443603511,-3.053790500164032
2017-08-17,10.69124984741211,12596800,67.85344702092243,-0.1290176936558307,-0.6628436088562015,-0.9284998130798332,-2.8636935877799985
2017-08-18,10.750624656677246,10430400,69.68804890007104,-0.14776761191231813,-0.6625621795654304,-0.9694496345520012,-2.8956183981895443
2017-08-21,10.750624656677246,10633600,71.53530967392715,-0.08249977656773133,-0.6100934505462643,-0.9412621498107914,-2.867774651050568
2017-08-22,10.953125,13446400,78.8423089584956,-0.19964299883161196,-0.7586875438690193,-1.1118999862670904,-3.041159369945526
2017-08-23,10.844374656677246,14268800,76.18199994792593,-0.05776773180280337,-0.5989684581756585,-0.9759871482849114,-2.9042215275764462
2017-08-24,10.944375038146973,10129600,55.12390477621306,-0.11741093226841492,-0.6268750667572025,-1.0459125328063958,-2.9763250327110287
2017-08-25,10.858124732971191,6694400,49.96614039211027,-0.030624934605189225,-0.46771850585937536,-0.9315372276306153,-2.8626809787750247
2017-08-28,10.881875038146973,8376000,57.98543316266809,-0.027143069675990006,-0.41390628814697195,-0.9271250343322759,-2.8587094092369085
2017-08-29,10.829999923706055,6721600,61.8969403242519,0.03607136862618532,-0.28240618705749476,-0.8544749259948734,-2.779531171321869
2017-08-30,11.121874809265137,9196800,75.12322169025788,-0.20276778084891234,-0.466499853134156,-1.1176998138427727,-3.0427185583114618
2017-08-31,11.009374618530273,12483200,69.2420576330371,-0.08223193032401,-0.2536871910095222,-0.9827121353149408,-2.902618370056153
2017-09-01,11.093125343322754,6985600,65.75172403446568,-0.13044684273856078,-0.3204379081726074,-1.0430753517150873,-2.9583378434181213
2017-09-05,10.951874732971191,12940800,58.964432587002335,0.011875152587890625,-0.174562311172485,-0.8848122406005867,-2.789849734306335
2017-09-06,10.795624732971191,13372800,48.14229125051868,0.15919658115931945,-0.009593582153319957,-0.7098747444152824,-2.607134110927582
2017-09-07,10.853124618530273,7712000,55.48494546657808,0.09758949279785156,-0.04774975776672363,-0.7413371467590331,-2.6378621244430533
2017-09-08,10.792499542236328,5088000,51.417682464182604,0.1528573717389783,0.037812805175780895,-0.6589495849609381,-2.5527995514869684
2017-09-11,10.95687484741211,6268800,56.28331316070679,-0.03508935655866274,-0.09650001525878871,-0.7916248893737787,-2.692009232044221
2017-09-12,10.863750457763672,6771200,47.082843073168604,0.03723158155168882,0.009186887741089222,-0.6684629821777346,-2.574312965869904
2017-09-13,10.930624961853027,10496000,52.89430228241528,-0.05285726274762759,-0.04425010681152308,-0.7003374862670899,-2.616115596294403
2017-09-14,10.93375015258789,9720000,49.618667592187556,-0.05857167925153384,-0.043406534194947,-0.6705626678466796,-2.594562661647796
2017-09-15,11.0600004196167,22088000,57.04319171221673,-0.1470539910452704,-0.15121927261352575,-0.7574004173278812,-2.695366051197052
2017-09-18,11.417499542236328,18156800,65.15739435840499,-0.42392812456403384,-0.4753746509551995,-1.0725120544433597,-3.0254058003425595
2017-09-19,11.357500076293945,12336000,64.85916242124797,-0.283214296613421,-0.3850314140319817,-0.9720500946044925,-2.9377750849723814
2017-09-20,11.780625343322754,15572800,67.27870253265881,-0.5886609213692804,-0.766781663894653,-1.3510128593444826,-3.3311128497123725
2017-09-21,11.701874732971191,9692800,68.49132067438129,-0.3901782717023572,-0.6451560497283939,-1.232449760437012,-3.222837240695954
2017-09-22,11.940625190734863,14504000,70.90011796868092,-0.48464298248291016,-0.8340939998626702,-1.4258502197265628,-3.431215822696686
2017-09-25,11.301875114440918,20417600,56.93070167023335,0.2066963740757526,-0.1731564044952396,-0.7549501419067379,-2.766540746688843
2017-09-26,11.416250228881836,10406400,62.49686509239576,0.14321408952985415,-0.26081275939941406,-0.8350252532958979,-2.853759610652924
2017-09-27,11.659375190734863,9702400,65.10539821690138,-0.06535720825195312,-0.4624689579010006,-1.0399502182006835,-3.0680908226966856
2017-09-28,11.721875190734863,9364800,67.39996707557941,-0.07580362047467837,-0.49496893882751536,-1.0650502204895016,-3.101087696552277
2017-09-29,11.850625038146973,7139200,66.95921132017153,-0.19455351148332944,-0.5816562652587898,-1.15278757095337,-3.200281293392182
2017-10-02,11.901874542236328,7449600,70.0168585937638,-0.21723161424909243,-0.5924683094024665,-1.157149581909179,-3.2226089239120483
2017-10-03,11.838749885559082,5036800,67.53560384744007,-0.1686605725969592,-0.4849998950958252,-1.051274929046631,-3.1305373930931086
2017-10-04,11.917499542236328,6249600,68.4568434477719,-0.15946388244628906,-0.5076558113098137,-1.0891745948791502,-3.179912052154542
2017-10-05,11.897500038146973,5768000,66.36541656820877,-0.07071440560477171,-0.43543753623962367,-1.0277250862121576,-3.1310312986373905
2017-10-06,12.058124542236328,11548800,63.56179671840957,-0.1743747166224896,-0.5327807903289798,-1.1372370910644527,-3.261990180015564
2017-10-09,12.085624694824219,7835200,65.6291887988091,-0.1499106543404718,-0.503843450546265,-1.1110247421264656,-3.2596715831756597
2017-10-10,12.051250457763672,6648000,56.97263391503525,-0.08687564304896789,-0.41009421348571706,-1.0222379875183112,-3.1953098440170287
2017-10-11,12.059374809265137,5374400,59.55884077897466,-0.07249995640346008,-0.36178107261657644,-0.9739248466491706,-3.1734279465675357
2017-10-12,11.9506254196167,8155200,50.28736356670638,0.05223165239606509,-0.20218791961669957,-0.8054879570007323,-3.0354941797256476
2017-10-13,11.946249961853027,9929600,79.14084711143008,0.06071431296212282,-0.1534999847412113,-0.7422500038146964,-3.0017780971527106
2017-10-16,11.7993745803833,8348800,66.83143303164805,0.19357177189418273,0.012469148635863903,-0.5744496345520016,-2.826133968830108
2017-10-17,11.913125038146973,5681600,62.57747592054062,0.059107099260602425,-0.0735000610351566,-0.6671250915527338,-2.9105594253540037
2017-10-18,11.87125015258789,4619200,57.558528395814776,0.07035705021449523,-0.027093935012818093,-0.6002502059936532,-2.839659538269043
2017-10-19,11.883125305175781,8387200,51.8651574210596,0.03446401868547788,-0.029906558990479226,-0.5837878608703608,-2.8239096903800966
2017-10-20,11.979999542236328,5193600,54.26040919066787,-0.07374954223632812,-0.12481207847595144,-0.646937103271485,-2.8927401804924013
2017-10-23,11.973125457763672,7438400,57.80689185939694,-0.06366116659981813,-0.08437547683715785,-0.6077130126953119,-2.8576504683494566
2017-10-24,12.068750381469727,5494400,58.618313658406166,-0.1417860303606311,-0.14737539291381907,-0.6742129325866699,-2.9240316390991214
2017-10-25,11.850625038146973,7318400,47.82102933666231,0.08366080692836242,0.0803124427795403,-0.4323125839233395,-2.678034420013427
2017-10-26,11.989375114440918,6878400,46.73786240819596,-0.044196401323590706,-0.04506263732910121,-0.5483626556396484,-2.787921996116639
2017-10-27,12.228124618530273,8900800,55.63241926169629,-0.23196383884974914,-0.264937162399292,-0.7563746643066409,-2.9964683771133416
2017-10-30,12.260000228881836,13371200,58.267325162068126,-0.21000017438616148,-0.27890648841857946,-0.7580627632141113,-2.998378360271454
2017-10-31,12.493124961853027,13094400,64.57984453978699,-0.3698212759835382,-0.47931246757507395,-0.9563374900817863,-3.1966093444824217
2017-11-01,12.328749656677246,15899200,62.25189792371719,-0.15464251382010374,-0.2943746566772454,-0.7644496917724606,-2.9983121657371523
2017-11-02,11.323124885559082,44132800,37.75484731837315,0.7444643293108264,0.6825313568115234,0.2507500839233394,-1.9641092705726617
2017-11-03,12.593125343322754,51281600,60.82141597835686,-0.4194646562848767,-0.5607190608978279,-0.9862753677368161,-3.199206602573394
2017-11-06,12.917499542236328,18337600,62.94923382647565,-0.6112496512276788,-0.8434995174407955,-1.2694620704650887,-3.487015178203583
2017-11-07,13.09749984741211,23012800,65.26610757331036,-0.6670534951346259,-0.9711873531341553,-1.405149879455566,-3.6304248595237727
2017-11-08,13.38687515258789,19436800,67.51091992087638,-0.7954466683523993,-1.1941876411437988,-1.6433876800537117,-3.88195328950882
2017-11-09,13.346875190734863,16169600,66.13070699363111,-0.6334823880876819,-1.084375190734864,-1.5588877105712893,-3.804253327846528
2017-11-10,13.815625190734863,18563200,69.60627335474327,-0.8898215975080213,-1.4596564292907708,-1.9715126991271976,-4.233231451511383
2017-11-13,14.071874618530273,15412800,70.61092462570338,-0.7533924920218329,-1.602280855178833,-2.168187141418457,-4.448393380641937
2017-11-14,14.193750381469727,10112000,74.59651108149185,-0.6466075352260052,-1.6101253509521491,-2.225225391387939,-4.528675391674042
2017-11-15,14.056249618530273,9854400,71.7023128906196,-0.3464281899588446,-1.3633746147155765,-2.0225121307373044,-4.350355880260468
2017-11-16,14.485625267028809,13598400,72.79151562417258,-0.5775002070835651,-1.6626252651214593,-2.3792377662658684,-4.736953401565552
2017-11-17,14.613750457763672,9300800,73.31021911598036,-0.5303574970790326,-1.6590629100799568,-2.4309379386901853,-4.821859838962554
2017-11-20,15.114375114440918,11536000,74.65317928407492,-0.7784821646554132,-2.0026250839233395,-2.8484125900268555,-5.276759495735169
2017-11-21,15.089374542236328,15275200,76.66303327217906,-0.5715173993791858,-1.8265933036804203,-2.738899536132813,-5.206308925151825
2017-11-22,14.938124656677246,9876800,91.81605534463313,-0.2965175083705365,-1.5209684371948242,-2.507499656677247,-5.010824666023254
2017-11-24,15.12874984741211,4769600,89.09228048043545,-0.35357134682791624,-1.5546248912811276,-2.6142248535156245,-5.156371731758117
2017-11-27,14.914999961853027,8681600,81.88346033250859,-0.01714284079415407,-1.2065312385559075,-2.3233749771118166,-4.898915596008301
2017-11-28,15.221875190734863,8638400,82.58866695633473,-0.21883950914655337,-1.3653127193450931,-2.554162693023681,-5.1609001994133
2017-11-29,14.6381254196167,19377600,67.60463710213051,0.3683923993791858,-0.6743129253387448,-1.9048004150390625,-4.535434801578521
2017-11-30,14.569999694824219,13414400,67.07378927551025,0.3587502070835651,-0.4941246986389167,-1.7808872032165528,-4.425918452739715
2017-12-01,14.290624618530273,18217600,57.00072273976562,0.5240181514195026,-0.06637463569641078,-1.4497371292114263,-4.106393377780915
2017-12-04,13.092499732971191,41387200,38.702244811520536,1.4584823335920056,1.1567189693450928,-0.2285747528076172,-2.8800122427940362
2017-12-05,13.190625190734863,20353600,38.36451202328485,1.0834819248744427,1.072249794006348,-0.2889252090454093,-2.950503325462341
2017-12-06,13.303750038146973,10105600,41.2219396274659,0.7401785169328967,0.9694374561309811,-0.3643000602722175,-3.0351719236373906
2017-12-07,13.741250038146973,14427200,41.33313938769437,0.09116063799176821,0.5496562004089363,-0.7601625633239752,-3.4407937979698175
2017-12-08,13.9243745803833,12408000,42.075002011774195,-0.19392830984932985,0.39540662765502965,-0.8992371177673348,-3.5919808411598204
2017-12-11,13.98062515258789,9228800,35.483361259738516,-0.33437524523053774,0.3474060535430912,-0.9128876876831047,-3.6159501624107353
2017-12-12,13.640625,11300800,32.834726028883225,-0.087232181004115,0.6658437252044678,-0.5381125259399422,-3.2449312591552726
2017-12-13,14.070625305175781,12659200,40.35844362104203,-0.3775002615792413,0.22968716621398855,-0.9234753227233892,-3.6422784376144417
2017-12-14,14.170000076293945,12523200,39.12365847325602,-0.33696433476039367,0.1359999179840088,-0.9778000831603997,-3.7081438326835627
2017-12-15,14.439374923706055,17025600,44.67161560426049,-0.4441070556640625,-0.13568744659423793,-1.1963374328613288,-3.9428124308586128
2017-12-18,14.711874961853027,10587200,44.24216635995488,-0.5779463904244562,-0.4032812595367439,-1.415762462615966,-4.179074969291687
2017-12-19,14.75,13286400,51.440522055242546,-0.4981249400547565,-0.45962505340576243,-1.400599994659423,-4.181287508010865
2017-12-20,14.634374618530273,9220800,50.81888896437272,-0.28910677773611937,-0.36674966812133825,-1.2333121299743652,-4.031093378067016
2017-12-21,14.7475004196167,9723200,56.06841244567399,-0.24410751887730164,-0.48940668106079066,-1.2926754188537597,-4.10894730091095
2017-12-22,14.784375190734863,10435200,82.49698854327559,-0.1790180206298828,-0.5435001850128174,-1.2728751945495613,-4.1107033205032355
2017-12-26,14.728750228881836,6840000,80.0341600090279,-0.04357160840715757,-0.49718770980834925,-1.1616002273559562,-4.021268982887268
2017-12-27,14.96875,6248000,80.97673248406966,-0.20794636862618532,-0.7498437404632572,-1.338212490081787,-4.226112504005432
2017-12-28,15.039999961853027,6662400,77.97521618663538,-0.23232133047921266,-0.8009999752044674,-1.346924953460693,-4.262249965667724
2017-12-29,14.723750114440918,6651200,66.28469847684178,0.08017853328159852,-0.4770626068115238,-0.9736251068115234,-3.912112617492676
2018-01-02,14.439374923706055,13955200,58.55078523012252,0.3366966247558594,-0.18524990081787074,-0.6381249237060551,-3.5955718040466316
2018-01-03,14.725000381469727,8937600,70.63020041440024,0.047856875828333756,-0.3892503261566169,-0.8688503646850592,-3.8483003854751594
2018-01-04,14.54312515258789,13392000,59.92646292773076,0.19526781354631773,-0.13975009918212855,-0.6355751419067381,-3.6337001562118534
2018-01-05,14.798125267028809,8086400,62.38599637354789,-0.04982158115931945,-0.3200314521789558,-0.8359877586364739,-3.8555033922195427
2018-01-08,15.69124984741211,22315200,69.8120588762653,-0.8397318976266046,-1.1156560420989994,-1.6522998428344735,-4.710821723937988
2018-01-09,15.623749732971191,11308800,65.4326108626264,-0.6888389587402344,-0.9631871700286858,-1.5121122360229489,-4.606380987167359
2018-01-10,15.767499923706055,10113600,66.62580828536915,-0.6834820338657916,-1.0175936222076416,-1.5850749206542964,-4.712599925994873
2018-01-11,16.299375534057617,17352000,73.9482221955198,-0.9496432713099896,-1.4165317058563236,-2.0361630249023435,-5.204844284057618
2018-01-12,16.189374923706055,13185600,70.75758744831248,-0.6304462977818073,-1.2005936145782474,-1.85223741531372,-5.055553050041199
2018-01-16,15.798125267028809,14476800,63.242974954565,-0.05991091047014585,-0.7279376983642578,-1.3916002464294426,-4.626815891265869
2018-01-17,16.42562484741211,14707200,69.28540151048756,-0.45491055079868836,-1.2561247825622566,-1.917049827575683,-5.213521723747254
2018-01-18,16.57437515258789,10280000,68.63484244691303,-0.4775000980922144,-1.3117500782012943,-1.9861751365661622,-5.320556402206421
2018-01-19,16.927499771118164,10907200,70.56099514540414,-0.6443747111729223,-1.5559997081756585,-2.259099750518798,-5.630668520927429
2018-01-22,17.229999542236328,11961600,77.38321621107389,-0.7379459653581897,-1.7287182331085198,-2.478949527740479,-5.888893294334412
2018-01-23,17.071250915527344,15075200,79.56749116850068,-0.4689294270106714,-1.453782081604004,-2.2465133857727047,-5.6867884111404425
2018-01-24,17.071250915527344,11393600,78.16627962516125,-0.342947142464773,-1.3394382953643795,-2.1720258712768548,-5.64282278060913
2018-01-25,17.297500610351562,8436800,82.71716651774143,-0.3550003596714575,-1.437250471115112,-2.3286380577087407,-5.824231848716735
2018-01-26,17.71875,7940800,83.37381785734757,-0.59151758466448,-1.7209998607635502,-2.676949939727784,-6.198553113937377
2018-01-29,17.374374389648438,11758400,71.99085519023278,-0.1328563690185547,-1.259905529022216,-2.268961849212646,-5.808390007019042
2018-01-30,17.201875686645508,21755200,70.06837717539761,0.0788388933454236,-0.9635005474090583,-2.033550624847413,-5.590931925773621
2018-01-31,17.238750457763672,14969600,69.23204846913333,0.04321425301688109,-0.8604065418243394,-2.015362892150879,-5.583097319602967
2018-02-01,17.1875,13350400,63.277896720341005,0.11107172284807376,-0.6860311031341553,-1.912637443542481,-5.487459363937377
2018-02-02,17.092500686645508,12169600,63.563010834986585,0.20910671779087764,-0.46356301307678294,-1.7780756187438964,-5.3488194227218635
2018-02-05,16.58562469482422,19465600,61.4296103274857,0.6142861502511145,0.13268795013427592,-1.241274623870849,-4.801662182807922
2018-02-06,17.02375030517578,16067200,59.18603724681935,0.07687486921037845,-0.23881263732910085,-1.6376877212524406,-5.197375292778014
2018-02-07,17.60124969482422,18504000,63.93554392257071,-0.46821376255580205,-0.7174370288848877,-2.1657371139526376,-5.730305933952332
2018-02-08,16.532499313354492,18446400,45.51135609957405,0.5049114227294922,0.38956332206726074,-1.06463674545288,-4.622461805343628
2018-02-09,17.034374237060547,18396800,47.873348052331515,-0.0261601039341528,-0.07556166648864604,-1.5302616882324216,-5.082714858055114
2018-02-12,17.783750534057617,20326400,56.864157468334895,-0.6903577532087048,-0.7452191829681389,-2.2167254829406744,-5.786813025474549
2018-02-13,18.2862491607666,16272000,60.67192291931437,-1.0223208836146753,-1.1233116149902358,-2.6448991203308108,-6.241517906188966
2018-02-14,18.88249969482422,23550400,63.07215739771263,-1.2904464176722925,-1.5967184066772475,-3.1493121528625494,-6.787449693679809
2018-02-15,19.247499465942383,46332800,62.72632148885124,-1.3377677372523706,-1.8280619621276841,-3.3912119293212886,-7.100333843231201
2018-02-16,15.593125343322754,141675200,40.44009522157032,2.0297314780099036,1.7595934391021721,0.3112121963500982,-3.41195659160614
2018-02-20,15.603124618530273,36081600,41.26723385830267,1.8869643892560681,1.668250417709352,0.3472004127502437,-3.3877527427673346
2018-02-21,14.876874923706055,47864000,38.00240939481831,2.3049998964582166,2.2847813129425063,1.0961626052856452,-2.632343673706055
2018-02-22,15.291250228881836,25600000,40.710349477687785,1.5345531191144666,1.781405973434449,0.7091248130798355,-3.014872102737426
2018-02-23,15.369999885559082,20835200,41.54808208038398,1.0391964231218616,1.6062812805175781,0.6581626510620104,-3.062062382698059
2018-02-26,16.240625381469727,27041600,48.36551300114725,-0.2088396889822839,0.6617495536804192,-0.1604628372192387,-3.8969316244125363
2018-02-27,16.196250915527344,22606400,45.927659658347984,-0.6003578730991901,0.6472178459167495,-0.07357585906982322,-3.8172071552276616
2018-02-28,16.858749389648438,34257600,46.37627857090862,-1.0820529120309015,-0.03243694305420064,-0.682299346923827,-4.441293134689332
2018-03-01,16.487499237060547,25833600,49.764335735025185,-0.5844635282244006,0.30125064849853445,-0.27008670806884894,-4.033674235343932
2018-03-02,16.96875,22643200,49.65558352895246,-0.766874994550431,-0.1909376144409194,-0.7061999702453612,-4.476159372329711
2018-03-05,17.616249084472656,32868800,49.11139771385183,-1.0822313853672583,-0.8122492790222182,-1.296374073028563,-5.08006471157074
2018-03-06,18.037500381469727,29001600,48.668902581542675,-1.1224111829485217,-1.1609067916870117,-1.6495628547668453,-5.455966005325317
2018-03-07,18.2237491607666,19875200,46.313133879436094,-1.025356565202987,-1.2871556282043457,-1.7662866592407234,-5.596117916107177
2018-03-08,18.360624313354492,17769600,44.90630777917,-0.853035518101283,-1.3860620498657212,-1.8316368293762224,-5.685924320220947
2018-03-09,18.446874618530273,14760000,77.77372691619934,-0.7124107905796606,-1.3765935897827148,-1.8435246467590325,-5.7246902513504025
2018-03-12,18.587499618530273,19315200,78.32483832449799,-0.5530357360839844,-1.4395623207092285,-1.9117746543884273,-5.817465252876282
2018-03-13,18.104999542236328,19187200,82.12464491372964,0.09178570338658076,-0.9409997940063484,-1.3679745864868167,-5.290708928108215
2018-03-14,18.65625,22254400,82.59869526060973,-0.3108931950160425,-1.473750209808351,-1.840575046539307,-5.794443759918213
2018-03-15,18.493749618530273,14211200,79.77835844736363,-0.08321435110909547,-1.330687332153321,-1.5969871711730974,-5.585480880737304
2018-03-16,18.357500076293945,12259200,73.4654310223074,0.07214246477399655,-1.2389377593994126,-1.3880876350402822,-5.4035000896453855
2018-03-19,17.336875915527344,30291200,60.39412493890573,0.946516854422434,-0.1311260700225816,-0.3115884590148923,-4.342604050636291
2018-03-20,17.8387508392334,18379200,59.199731852121886,0.35776710510253906,-0.5212196826934807,-0.752650871276856,-4.802866468429565
2018-03-21,17.668750762939453,9849600,61.52440513052591,0.39651734488350954,-0.2116258144378662,-0.5431007766723646,-4.592750763893127
2018-03-22,17.108749389648438,14956800,51.34517773939765,0.8141972678048255,0.4392505168914802,0.04660058975219883,-3.9957525205612185
2018-03-23,16.513124465942383,19616000,39.293953093351625,1.1036614009312231,1.0920316696166985,0.6571380043029791,-3.366327600479126
2018-03-26,16.936250686645508,16686400,39.316037823134295,0.45803533281598874,0.7036867141723633,0.24674928665161033,-3.7539194440841683
2018-03-27,15.856249809265137,22411200,30.425812381027328,1.1807147434779566,1.7666875362396226,1.3200876617431625,-2.641343569755554
2018-03-28,15.321249961853027,28564800,26.422977922926663,1.4277680260794519,2.2248124122619615,1.845550003051759,-2.0765374708175663
2018-03-29,15.956250190734863,20001600,32.19552620846869,0.5238391331263941,1.5632497310638414,1.2011622810363782,-2.6791876983642577
2018-04-02,15.844374656677246,16964800,30.309566372685836,0.37508950914655514,1.6189064979553223,1.2984378051757801,-2.535293416976929
2018-04-03,15.844374656677246,15588800,32.5653242185667,0.1944645472935278,1.5303127765655518,1.2767753028869642,-2.503330917358399
2018-04-04,16.184999465942383,13544000,30.300921547723377,-0.1930352619716107,1.0970629215240493,0.9152504920959466,-2.810399479866028
2018-04-05,16.421249389648438,18691200,33.671464001654215,-0.5028567995343884,0.7706880092620843,0.6660005378723142,-3.013499407768249
2018-04-06,16.170000076293945,13233600,33.072166756160854,-0.20678601946149477,0.9124061107635484,0.899224834442137,-2.7298469686508184
2018-04-09,16.21875,8824000,39.81554995370073,-0.1273216520036975,0.7522499561309814,0.8288998985290519,-2.7469281435012824
2018-04-10,16.69937515258789,11763200,39.5816663027395,-0.5017860957554419,0.17721858024597026,0.3278872489929192,-3.193675169944763
2018-04-11,16.6612491607666,8057600,40.559842358136976,-0.346963746207102,0.14315705299377512,0.35175073623657127,-3.122749180793763
2018-04-12,16.805625915527344,10118400,46.919870983596965,-0.35401889256068486,-0.09375090599059988,0.1994489860534685,-3.2324040555953975
2018-04-13,15.262499809265137,44880000,39.34392633663791,1.057321548461914,1.2878127098083496,1.7030500793457044,-1.6607217025756835
2018-04-16,14.96500015258789,24425600,32.83631589191444,1.1467855998447973,1.4156873703002937,1.9560997390747055,-1.3369189214706427
2018-04-17,16.049999237060547,32619200,51.68550978123492,0.04464353833879642,0.26634445190429545,0.8502506256103501,-2.3885273838043215
2018-04-18,16.15625,11683200,57.84958429238619,-0.0705357960292261,0.07596864700317241,0.7354123687744156,-2.4608062696456905
2018-04-19,16.02312469482422,11678400,50.69416850150162,-0.03401769910539976,0.12681264877319265,0.8485251617431651,-2.293468465805054
2018-04-20,16.290624618530273,10532800,54.48717665951228,-0.3544639859880725,-0.18159351348877095,0.5548127365112308,-2.525959014892578
2018-04-23,15.886249542236328,11131200,50.389397780976275,-0.08142839159284243,0.19143781661987447,0.9462628173828129,-2.0875995635986335
2018-04-24,15.75374984741211,15441600,45.828300887666224,0.12124988010951476,0.2648124694824219,1.0531500244140624,-1.922821745872497
2018-04-25,15.813750267028809,10340800,43.91588645619051,0.18249947684151735,0.20268707275390696,0.9537495994567884,-1.9504252910614017
2018-04-26,16.219375610351562,8947200,50.479664784967056,-0.19892924172537718,-0.1580319881439216,0.5067867851257333,-2.3228162574768074
2018-04-27,16.421875,11550400,51.916046312129005,-0.3634822028023841,-0.33725013732910014,0.25507490158081225,-2.491762523651124
2018-04-30,16.534374237060547,13353600,48.32741182311879,-0.40294579097203,-0.4152493953704841,0.08831315994262567,-2.569955515861512
2018-05-01,16.579374313354492,10868800,49.171202661666264,-0.40669591086251344,-0.423499488830565,0.0630380630493157,-2.5805305957794182
2018-05-02,16.591249465942383,14257600,47.770105948487156,-0.3178567886352539,-0.4150621414184563,0.07092540740966768,-2.557955751419067
2018-05-03,16.740625381469727,19004800,71.65355144748935,-0.32625048501151,-0.5484692573547356,-0.04117549896240291,-2.672375416755676
2018-05-04,15.315625190734863,54185600,53.860977221875785,1.0275889805385034,0.8338121891021721,1.3843121910095206,-1.220056476593017
2018-05-07,15.772500038146973,26188800,46.45368556911485,0.506874765668595,0.35462484359741353,0.9354873466491682,-1.6470688247680663
2018-05-08,16.205625534057617,18251200,50.5823443504927,0.0428564889090417,-0.10318813323974751,0.5016618537902815,-2.046953692436219
2018-05-09,16.2137508392334,13928000,52.316586297087134,-0.011072158813476562,-0.13368835449218608,0.49388654708862134,-2.022516493797303
2018-05-10,16.291250228881836,19576000,50.007970826774006,-0.1297321319580078,-0.2369065284729004,0.4050371742248551,-2.0679346323013306
2018-05-11,16.244375228881836,9387200,55.02015967316732,-0.1324105943952283,-0.14093775749206472,0.4470496940612776,-1.9889627552032465
2018-05-14,15.845000267028809,16912000,51.190093281581824,0.13901792253766665,0.3024372100830064,0.8239496612548827,-1.5578752899169928
2018-05-15,15.596875190734863,11763200,47.30380661105054,0.42732157026018314,0.5279060840606675,1.0316872596740723,-1.278765835762023
2018-05-16,15.570625305175781,10065600,41.094710792530215,0.4247322082519531,0.5248747348785407,1.0085996437072744,-1.2213159465789794
2018-05-17,15.466875076293945,21411200,36.525577169627105,0.42294665745326476,0.600812482833863,1.0572123908996574,-1.0864188432693478
2018-05-18,15.505624771118164,7700800,35.17652587836946,0.2830360957554401,0.5228127956390374,0.9613627052307123,-1.0924716663360599
2018-05-21,15.890625,14952000,40.961298358279045,-0.1591963086809436,0.13803133964538716,0.5252374839782732,-1.4430343961715693
2018-05-22,15.601249694824219,12867200,37.88991557739796,0.03830392020089235,0.41978163719177175,0.7548877906799305,-1.1294184684753414
2018-05-23,15.998749732971191,10800000,41.44442222824918,-0.33723190852573914,0.031531572341918945,0.3152627563476571,-1.5012216329574581
2018-05-24,15.788125038146973,8201600,57.56908008511189,-0.09928580692836242,0.2205937385559089,0.468524951934814,-1.2647625637054443
2018-05-25,15.984375,8499200,53.7032980917681,-0.23642866952078734,0.002468776702880149,0.22208749771118264,-1.433421902656555
2018-05-29,15.991250038146973,17100800,45.59690859651645,-0.16839299883161196,-0.03156247138977086,0.1678874588012711,-1.4118094396591179
2018-05-30,15.728124618530273,14272000,40.971392340605405,0.12651811327252993,0.18900046348571742,0.39883785247802805,-1.1218215227127075
2018-05-31,15.72249984741211,14160000,39.135619576718035,0.10812500544956727,0.1511877536773678,0.36213760375976634,-1.090646753311157
2018-06-01,16.326250076293945,17054400,51.289621321322585,-0.3920537403651654,-0.4732812404632565,-0.2684626388549809,-1.6660751056671135
2018-06-04,16.767499923706055,15035200,64.34122870300607,-0.7234821319580078,-0.8419373512268074,-0.7165374755859375,-2.0777593278884883
2018-06-05,17.171875,20846400,73.35062436321569,-0.9301786422729492,-1.1763436794281006,-1.1077375411987305,-2.4497312784194953
2018-06-06,17.391250610351562,20044800,75.53023271986156,-0.9485720225742895,-1.3364380359649672,-1.3180131530761727,-2.6359037590026855
2018-06-07,16.931249618530273,12387200,68.66930779357774,-0.3542853764125269,-0.840562105178833,-0.8365121650695784,-2.144999642372131
2018-06-08,17.109375,8238400,69.7445269872341,-0.33508927481515016,-0.9777812480926507,-0.9788750457763662,-2.292343773841857
2018-06-11,16.979999542236328,16364800,64.31267839287906,-0.026071003505162338,-0.8116245746612556,-0.8290246009826667,-2.132290191650391
2018-06-12,17.165000915527344,8880000,71.1246143436589,-0.0912508283342639,-0.9306259155273438,-0.9876134490966813,-2.2861884355545037
2018-06-13,17.571250915527344,13566400,71.19271630069346,-0.38267925807408076,-1.2381571292877211,-1.3593259239196769,-2.6588728046417245
2018-06-14,17.56999969482422,12192000,75.45076834600266,-0.3245530809674939,-1.1369371891021736,-1.3303746986389164,-2.624180960655213
2018-06-15,17.91374969482422,21832000,76.44333500115806,-0.5936603546142578,-1.3583434581756606,-1.6442746925354008,-2.9325122117996223
2018-06-18,17.451250076293945,16033600,67.78858678361803,-0.0568749564034583,-0.7985625743865974,-1.1561500740051258,-2.4383657169342037
2018-06-19,17.112499237060547,11964800,66.56195991327122,0.28232220241001826,-0.3987180233001695,-0.7995242500305189,-2.0690992546081546
2018-06-20,17.733749389648438,16438400,70.97233691492798,-0.23124940054757204,-0.9133431911468506,-1.4000869178771964,-2.657146286964416
2018-06-21,17.457500457763672,7755200,62.660875676003386,0.08678518022809811,-0.5641567230224602,-1.1079129600524915,-2.348369226455688
2018-06-22,17.040624618530273,17787200,53.07356148153236,0.42785726274762936,-0.08465590476989604,-0.6863371467590333,-1.900268387794494
2018-06-25,16.24250030517578,21561600,40.39282815927013,1.0363388061523438,0.7263746738433845,0.13138717651367315,-1.0751971960067745
2018-06-26,16.39875030517578,11491200,39.60461431136533,0.6636603219168542,0.5904996871948249,0.003812179565429119,-1.203415942192077
2018-06-27,15.8931245803833,14630400,39.22968011184361,0.9466966901506702,1.1043754100799568,0.5063004112243661,-0.6731089687347414
2018-06-28,16.141874313354492,8830400,40.10736142477679,0.559286253792898,0.8765944004058852,0.2572631645202641,-0.8954680824279784
2018-06-29,16.093124389648438,6604800,40.779730628487265,0.37366117749895267,0.9136880397796645,0.30741308212280316,-0.8209056615829464
2018-07-02,16.334999084472656,7056000,41.47185551619026,-0.028570856366837205,0.6501883029937758,0.06642587661742994,-1.0357741117477417
2018-07-03,15.991874694824219,6292800,33.55886953527907,0.16473211560930423,0.9343126773834243,0.41166276931762624,-0.667990350723267
2018-07-05,16.119375228881836,8270400,35.28591803474059,0.019642284938267807,0.7432183742523186,0.291474742889406,-0.7719815063476556
2018-07-06,16.399375915527344,5033600,34.43803560109431,-0.26026902879987546,0.43662400245666433,0.023186569213866193,-1.0267728137969971
2018-07-09,16.903749465942383,12017600,44.421796363153014,-0.6202675955636145,-0.07803082466125488,-0.46749950408935703,-1.5055307435989373
2018-07-10,16.784374237060547,6044800,46.500465636286194,-0.4091066632952014,0.03156313896179341,-0.34087429046631,-1.360743017196656
2018-07-11,16.832500457763672,6184000,39.049222575778295,-0.3516077314104358,-0.0331881046295166,-0.3830379867553724,-1.3844098615646363
2018-07-12,17.397499084472656,8334400,49.318746743484695,-0.7648206438337048,-0.6068743228912368,-0.9316741180419932,-1.918930368423462
2018-07-13,16.655624389648438,22782400,45.929152888845145,0.0718754359654028,0.08928160667419505,-0.18851192474365064,-1.15085880279541
2018-07-16,16.927499771118164,11334400,58.14990559700816,-0.08455358232770749,-0.23190627098083638,-0.4566498184204093,-1.3963935613632206
2018-07-17,17.11750030517578,4608000,58.4833285682447,-0.17196491786411983,-0.43859429359435964,-0.6106128501892094,-1.559415969848633
2018-07-18,17.16812515258789,5089600,66.85951595073504,-0.1848218100411536,-0.48643784523010325,-0.6333251953125014,-1.5834533166885372
2018-07-19,17.265625,9385600,65.4786631742387,-0.21357154846191406,-0.6073439121246338,-0.7096250534057624,-1.6541344118118282
2018-07-20,16.802499771118164,9099200,58.7699023352482,0.2452678680419922,-0.17696871757507182,-0.23472484588623033,-1.166190433502198
2018-07-23,16.774375915527344,9187200,55.73505614061294,0.18437412806919795,-0.16215729713439941,-0.19693847656250085,-1.1137821960449212
2018-07-24,16.643749237060547,9398400,59.00845572342825,0.31330435616629515,-0.011468172073364258,-0.05832431793212933,-0.9594242715835577
2018-07-25,17.14437484741211,8323200,62.84058081827805,-0.15633910042899046,-0.47481255531311106,-0.5329624366760264,-1.4346186304092399
2018-07-26,17.267499923706055,8051200,61.32027933902961,-0.25803565979003906,-0.5292188644409173,-0.6226750183105452,-1.5318343305587767
2018-07-27,16.954999923706055,11758400,50.70350627317093,0.024017878941126725,-0.17606258392333984,-0.282487525939942,-1.1948155832290652
2018-07-30,16.116249084472656,14636800,42.341312180787796,0.6985721588134766,0.6638444900512681,0.5692507934570301,-0.3357803726196291
2018-07-31,15.983124732971191,15846400,40.44974712018541,0.714642933436803,0.7793751239776618,0.7119251441955576,-0.18249352455139167
2018-08-01,16.412500381469727,10328000,38.576420871568764,0.2335707800728919,0.37103075981140066,0.2929870033264166,-0.5895379209518428
2018-08-02,16.990625381469727,22068800,54.0385865901183,-0.29500048501151,-0.1635317325592034,-0.257350482940673,-1.141706666946412
2018-08-03,16.096250534057617,30883200,41.286699948617574,0.4496423176356714,0.7156868457794197,0.6389743804931634,-0.2264161920547494
2018-08-06,16.9581241607666,19588800,48.53565057078066,-0.4564278466360925,-0.14346804618835307,-0.1994992637634283,-1.0628554487228392
2018-08-07,16.80062484741211,10961600,46.68844054761144,-0.32098211560930423,0.014843797683717241,-0.025674953460693928,-0.880768637657166
2018-08-08,16.53499984741211,11614400,43.60992550267925,0.004464421953475295,0.2655937671661377,0.25082504272461037,-0.5923686361312868
2018-08-09,16.833749771118164,10995200,50.28140478422485,-0.17276763916015625,-0.06134362220764089,-0.025812377929685937,-0.8668154382705691
2018-08-10,16.803125381469727,7035200,50.25877105637237,-0.0863396780831458,-0.023344182968138227,0.02642452239990334,-0.8125191736221318
2018-08-13,16.829999923706055,7196800,51.70833065082728,-0.1361607142857153,-0.05509371757507253,0.00962497711181598,-0.8144968414306639
2018-08-14,16.966249465942383,11211200,48.24916591238198,-0.14812469482421875,-0.1989058017730727,-0.12264957427978374,-0.9258620119094836
2018-08-15,16.5987491607666,10059200,43.72800846049295,0.1680363246372778,0.1401257038116448,0.23338821411132926,-0.5365085840225206
2018-08-16,16.745624542236328,11304000,47.97337713983149,0.013303756713867188,-0.03274970054626536,0.07360031127929645,-0.6609558439254748
2018-08-17,16.815000534057617,7318400,57.94713436591609,-0.01607213701520749,-0.10150065422057963,0.0018993377685561086,-0.7087224578857416
2018-08-20,17.107500076293945,7982400,62.34052214011673,-0.26946449279785156,-0.3773439884185805,-0.2906377029418934,-0.9773282480239871
2018-08-21,16.9893741607666,9004800,56.79574740009544,-0.12473160879952516,-0.2419368267059312,-0.1723242950439463,-0.8308710861206059
2018-08-22,17.334999084472656,9353600,54.291931498728,-0.3982137952532092,-0.5780305385589593,-0.5145492553710938,-1.1527866411209118
2018-08-23,17.663124084472656,13035200,72.73715623424093,-0.6267852783203125,-0.8863743305206313,-0.8408367919921886,-1.4571835184097282
2018-08-24,19.2862491607666,65318400,77.67048087289979,-1.8659817831856849,-2.392936944961548,-2.429636878967287,-3.0493648481369036
2018-08-27,19.049375534057617,178592000,76.23215079549081,-1.300000871930802,-2.0094069957733147,-2.170050735473634,-2.7841787195205683
2018-08-28,19.012500762939453,27184000,80.52990225158864,-0.9491974966866614,-1.8210634231567369,-2.101950950622559,-2.718975820541381
2018-08-29,18.88687515258789,20091200,76.42800428768332,-0.5693754468645373,-1.5717190742492662,-1.94083782196045,-2.567993960380555
2018-08-30,18.61687469482422,16195200,71.99150059226663,-0.06687491280692015,-1.2204061508178725,-1.6531748580932621,-2.275268502235413
2018-08-31,18.686250686645508,12932800,72.27722545639001,0.056785038539342025,-1.1602821350097656,-1.697975845336913,-2.3221819925308225
2018-09-04,18.113750457763672,32416000,62.46605418814548,0.6936604636056067,-0.5300005912780748,-1.1040130996704107,-1.729394259452821
2018-09-05,17.018125534057617,28960000,53.933649255183944,1.465267726353236,0.5764993667602525,0.007124328613279829,-0.62110683441162
2018-09-06,16.735624313354492,20846400,49.90852757484496,1.417233058384486,0.8690318107604966,0.2963630294799806,-0.32799624443054043
2018-09-07,16.690624237060547,17785600,48.85722987994509,1.130536488124303,0.9068756103515625,0.357313098907472,-0.27511492252349967
2018-09-10,16.813125610351562,18860800,47.20806893530097,0.7117851802280981,0.7848742485046394,0.2482367515563979,-0.3889975404739374
2018-09-11,16.700624465942383,13390400,47.25849084075024,0.5505362919398706,0.8909066200256355,0.3728878974914558,-0.26768389701843276
2018-09-12,16.740625381469727,13806400,44.00909105240351,0.23258890424455814,0.8396245002746596,0.3409995079040513,-0.29962543487548743
2018-09-13,16.87874984741211,13252800,41.77913340242061,-0.08196422031947392,0.7155000686645501,0.2206125450134273,-0.42793115139007654
2018-09-14,16.953125,16104000,13.792503284112584,-0.16562516348702516,0.651499938964843,0.16291238784789996,-0.49365005493164205
2018-09-17,16.5674991607666,10811200,13.183814683490425,0.19598279680524655,1.0247507095336914,0.5519006919860843,-0.09837734699249268
2018-09-18,16.697500228881836,11715200,16.58253519947887,0.06696401323591061,0.8742496490478509,0.4177746391296395,-0.21774091243743854
2018-09-19,16.887500762939453,13598400,21.665266483507565,-0.1124114990234375,0.6791554450988784,0.22983663558959933,-0.3947570657730104
2018-09-20,17.065624237060547,11924800,27.428191129159387,-0.23839214869908076,0.48756322860717916,0.05637563705444393,-0.5530149173736589
2018-09-21,16.830625534057617,29049600,24.240874126651775,0.0094637189592639,0.6809370040893548,0.28003686904907354,-0.2998162126541146
2018-09-24,17.138124465942383,11385600,35.38115502562182,-0.260981695992605,0.2660318374633803,-0.017812061309815164,-0.588143272399904
2018-09-25,17.15999984741211,8300800,53.1344735198659,-0.25330352783203125,0.14968767166137553,-0.035037441253663815,-0.5929249048233025
2018-09-26,16.49187469482422,19771200,45.398784050510216,0.40401812962123174,0.6917815208435059,0.6205751991271988,0.08803774833679157
2018-09-27,16.5831241607666,13326400,48.00556563292443,0.2964292253766736,0.48534450531006,0.5176257133483873,0.009800777435302166
2018-09-28,16.616249084472656,7616000,46.22208655601575,0.22455406188964844,0.35218830108642507,0.4715132713317871,-0.008446025848389382
2018-10-01,16.227500915527344,17945600,41.791385576177866,0.49357032775878906,0.6179989814758287,0.8487614631652818,0.3910865211486829
2018-10-02,16.009374618530273,11736000,38.05144858881022,0.5943750653948108,0.7309064865112305,1.0515877342224123,0.6184096908569323
2018-10-03,16.339374542236328,9564800,41.70669791743649,0.15026800973074828,0.3669690132141099,0.7155003166198739,0.2979097652435314
2018-10-04,16.108749389648438,9716800,37.612307327245105,0.23071452549525517,0.5662504196167006,0.9254129600524905,0.5355192899703987
2018-10-05,15.704375267028809,16382400,37.40653181515221,0.5225887298583984,0.9213120937347412,1.298524589538573,0.9446652889251723
2018-10-08,15.2006254196167,19054400,30.307492223176567,0.8288387571062366,1.3444369316101081,1.7671869468688968,1.451246390342714
2018-10-09,14.915624618530273,18518400,24.69111503128387,0.8708932059151788,1.5401877403259263,2.028175258636473,1.737087812423706
2018-10-10,14.1118745803833,25828800,17.3347893245777,1.3724109104701459,2.2125002384185777,2.7945002937316907,2.537475347518921
2018-10-11,13.4662504196167,35393600,15.891502623155674,1.6547316142490924,2.6874994277954087,3.381199455261232,3.176787009239195
2018-10-12,13.898124694824219,23270400,17.960432753788297,0.8741073608398438,2.1028751373291,2.887475166320801,2.7395596075057966
2018-10-15,13.801875114440918,20819200,17.273706854488623,0.6408034733363568,2.060843515396119,2.9378372383117686,2.829618563652037
2018-10-16,14.598750114440918,19937600,32.002369601644716,-0.3140179770333429,1.159031009674072,2.0937747573852548,2.0321185636520376
2018-10-17,14.934374809265137,18924800,35.021573887945394,-0.6876784733363568,0.7257500171661384,1.7208250617980951,1.6989688682556157
2018-10-18,14.568124771118164,12726400,32.45529216698766,-0.37107127053397093,0.9671250820159916,2.0477375984191895,2.06443452835083
2018-10-19,14.359999656677246,14619200,33.491698795836854,-0.1274997166224896,1.05171890258789,2.2063877105712884,2.2716440153121944
2018-10-22,14.511249542236328,13025600,36.59845054037942,-0.12946401323590884,0.7691252708435066,2.0093003082275374,2.1189597511291502
2018-10-23,14.551875114440918,15312000,33.136792389172655,-0.0766966683523993,0.5980934619903557,1.9231122398376463,2.072637305259704
2018-10-24,13.988750457763672,15937600,31.180650114068456,0.5131244659423828,1.0360619068145756,2.4266869163513185,2.627586965560912
2018-10-25,14.41812515258789,12913600,38.63234213545904,0.057946205139160156,0.49843726158142054,1.9536997413635255,2.191465396881103
2018-10-26,13.720624923706055,20344000,37.353122714624234,0.582053593226842,1.0511562824249268,2.590699977874756,2.876071872711183
2018-10-29,13.616250038146973,15252800,38.54292887800515,0.5504463740757526,1.0249686241149902,2.631099853515625,2.9675811338424687
2018-10-30,14.2787504196167,14643200,51.508994185549135,-0.12366104125976562,0.27593703269958425,1.912024478912354,2.2974838781356794
2018-10-31,14.396875381469727,18435200,59.302762998715885,-0.25812516893659243,0.06068711280822825,1.7420495414733885,2.1692151689529418
2018-11-01,15.0600004196167,21539200,61.10116597710835,-0.8486608777727405,-0.6548753738403317,1.033424530029297,1.4985182571411144
2018-11-02,16.110624313354492,49444800,68.65656205866065,-1.5961599349975586,-1.68518681526184,-0.04824935913086037,0.44380998611450195
2018-11-05,15.5600004196167,15259200,58.08963297671693,-0.882411003112793,-1.1165941715240475,0.4278495597839349,0.9860838842391964
2018-11-06,15.319375038146973,14411200,53.29271173246837,-0.41339274815150695,-0.8557812690734856,0.5938749313354492,1.217949886322021
2018-11-07,15.846875190734863,12200000,60.642952039736365,-0.6222321646554132,-1.2965313911437981,0.0030622673034663705,0.684327855110169
2018-11-08,15.762499809265137,8379200,61.918422681171,-0.3258925846644818,-1.09734354019165,0.0249501419067375,0.7610282325744642
2018-11-09,15.276874542236328,12452800,56.15639823219496,0.28544684818812804,-0.5427807807922367,0.4437754058837893,1.2344441223144536
2018-11-12,14.788749694824219,13356800,51.77683733955912,0.734821592058454,-0.005312204360961914,0.8539502334594733,1.7096408462524408
2018-11-13,14.772500038146973,11617600,56.404492350575666,0.5599106379917682,0.019624948501586914,0.803374881744384,1.7137436246871935
2018-11-14,14.343125343322754,14102400,49.38713114908683,0.8154460362025677,0.4194371700286865,1.179249572753907,2.1286401939392086
2018-11-15,15.262499809265137,20539200,62.158701987253,-0.11205346243722047,-0.46521854400634766,0.2304126167297369,1.1996407270431533
2018-11-16,14.960624694824219,11457600,60.281044190988574,0.0632144383021771,-0.13331217765808034,0.49768774032592766,1.490856461524963
2018-11-19,13.9375,14345600,47.526721898582245,0.8256248746599475,0.861125040054322,1.463299922943115,2.50074053287506
2018-11-20,13.711250305175781,15972800,45.10748120586266,0.8282139641898016,1.0453434944152828,1.6297621345520028,2.7104277276992796
2018-11-21,13.688750267028809,11225600,39.230310146335235,0.693571226937431,1.052843523025512,1.5912246704101562,2.7133652687072747
2018-11-23,13.702500343322754,3763200,27.407062636569975,0.5269640513828815,1.0033122062683102,1.5139496040344245,2.685465197563172
2018-11-26,14.148124694824219,8056000,36.48760814091902,0.05348246438162718,0.5790628433227543,1.012225246429443,2.2254095983505238
2018-11-27,14.046250343322754,6796800,37.4830994351414,-0.018393107822962662,0.7024372100830085,1.063674621582031,2.3085964488983137
2018-11-28,14.712499618530273,10998400,39.14342631300232,-0.7200888225010456,0.05787539482116699,0.35772533416747976,1.6244784259796141
2018-11-29,14.76937484741211,9257600,40.44497335903687,-0.6581247874668659,0.019625139236449485,0.25848758697509844,1.5470375728607166
2018-11-30,14.904999732971191,12088000,46.16376441199115,-0.623214040483747,-0.12374978065490794,0.07965021133422923,1.3897001886367804
2018-12-03,15.243124961853027,14281600,54.83699886315344,-0.7392857415335516,-0.5052499771118164,-0.2902250289916992,1.0498249578475942
2018-12-04,14.358124732971191,12905600,46.27736773510798,0.23937511444091797,0.3196564674377438,0.5391752052307126,1.9286001873016367
2018-12-06,14.901874542236328,20971200,54.91856910506859,-0.19669614519391665,-0.2449683666229241,-0.04973711013794002,1.3849753761291517
2018-12-07,14.068124771118164,13280000,39.325210424257925,0.6401785441807331,0.499843883514405,0.7355376625061041,2.2126095199584945
2018-12-10,14.360625267028809,11220800,44.62847243863228,0.29741028376987977,0.13724966049194265,0.398587188720704,1.915062150955201
2018-12-11,14.319999694824219,11216000,54.15534793320445,0.2738394056047717,0.1300314903259281,0.39328777313232344,1.946084594726564
2018-12-12,14.499375343322754,8468800,58.65002107006629,0.03651741572788758,-0.06381287574768102,0.17934961318969656,1.7582245683670052
2018-12-13,14.2943754196167,7195200,56.39097925963974,0.10598169054303774,0.11728081703186,0.35004955291748097,1.9504026222228994
2018-12-14,13.775625228881836,10068800,50.697340670793764,0.5415176664079944,0.6076560020446777,0.8175247573852538,2.4555934429168715
2018-12-17,13.135624885559082,20771200,40.689658559223304,0.9291966302054266,1.141312599182129,1.398062610626221,3.076428160667419
2018-12-18,13.255624771118164,17600000,42.75403499504164,0.6931253160749158,0.9360627174377445,1.2290877151489266,2.934625153541564
2018-12-19,12.628125190734863,15465600,30.76036702067445,1.073124885559082,1.4980935573577874,1.8051372909545904,3.535077857971192
2018-12-20,12.3256254196167,20411200,28.421643694559535,1.0907140459333142,1.7313120841979988,2.0558370780944824,3.8080870103836055
2018-12-21,12.073124885559082,23038400,25.500171943903382,0.9966073717389783,1.903031349182129,2.2675626182556154,4.029150047302245
2018-12-24,11.806249618530273,7148800,19.89489433045884,0.9080360957554401,2.075094079971313,2.5012378692626953,4.262822189331054
2018-12-26,12.532500267028809,11830400,33.551087620021775,0.0041961669921875,1.2680622100830075,1.7476747322082513,3.5062965440750133
2018-12-27,12.801875114440918,12408000,30.094801510185505,-0.31285721915108766,0.9364686012268066,1.4582998847961424,3.2104060745239273
2018-12-28,12.859999656677246,12035200,36.574529683406254,-0.42749963487897524,0.7857190608978275,1.3654003334045406,3.1233002805709837
2018-12-31,13.168749809265137,11876800,36.802768671786865,-0.6590176991053998,0.3969376564025886,1.02133768081665,2.7879251289367684
2019-01-02,13.159375190734863,10433600,37.05924173085459,-0.5305359704153876,0.31903104782104563,1.0025373077392583,2.771309123039245
2019-01-03,12.475000381469727,12809600,29.71314127099994,0.2112496239798407,0.8649996280670162,1.649212131500244,3.431374554634095
2019-01-04,12.654375076293945,18960000,33.480227840508576,0.15303570883614626,0.6004374504089363,1.432699947357177,3.2260779809951785
2019-01-07,13.119999885559082,21132800,43.324419910575756,-0.22866058349609375,0.04571890830993652,0.938437633514404,2.73770941734314
2019-01-08,13.392499923706055,12222400,52.82707479368934,-0.4167856488909045,-0.2605623722076409,0.6540125846862797,2.4466281318664542
2019-01-09,13.559374809265137,9145600,53.30882452244075,-0.4837497983660022,-0.46749978065490794,0.46996269226074183,2.2649844980239866
2019-01-10,13.6225004196167,6532800,62.35056882279669,-0.482053892953056,-0.5655003547668453,0.40487459182739194,2.1852901363372794
2019-01-11,13.631250381469727,6496000,67.49287978625944,-0.42339311327252993,-0.6176565647125241,0.39642463684081974,2.1654151773452757
2019-01-14,13.473750114440918,6755200,69.2558882298337,-0.12321431296212282,-0.5011875629425049,0.5378248977661126,2.313677945137023
2019-01-15,13.928125381469727,11307200,77.74146989088682,-0.3956252506801068,-0.9479378223419186,0.07407463073730547,1.849162054061889
2019-01-16,13.827500343322754,8432000,70.24228623083408,-0.19392871856689453,-0.812719011306763,0.15004966735839886,1.9397027206420905
2019-01-17,13.814374923706055,10988800,67.20475394879489,-0.12053544180733766,-0.7716560840606697,0.11725009918212947,1.9426781415939338
2019-01-18,14.505000114440918,23451200,73.00699449936778,-0.6760713032313763,-1.3684375286102295,-0.5944750976562503,1.243652954101563
2019-01-22,13.936875343322754,13180800,60.01630588608662,-0.0630358287266315,-0.7197502613067623,-0.054000320434569815,1.7993558549880984
2019-01-23,13.8931245803833,7195200,59.48302552826449,0.018125534057617188,-0.5849995136260979,-0.049324569702148935,1.8317222404479985
2019-01-24,14.153124809265137,6510400,74.36034810286927,-0.1448211669921875,-0.727655982971191,-0.341512298583984,1.5613938856124872
2019-01-25,14.203749656677246,11948800,73.364729122869,-0.1560711179460803,-0.6947183609008789,-0.41359964370727553,1.4982909107208258
2019-01-28,13.457500457763672,18585600,54.692393918444274,0.5373209544590534,0.08431210517883336,0.30602457046508746,2.2285213661193843
2019-01-29,12.901249885559082,16270400,43.669461570017475,0.9631250926426471,0.6426251888275143,0.8248501396179204,2.765250058174134
2019-01-30,13.140000343322754,13344000,44.69398461911211,0.5293746675763806,0.40243725776672434,0.5620371818542473,2.5158871030807504
2019-01-31,13.423749923706055,9824000,47.61832928207607,0.17232145581926694,0.13190641403198278,0.2415126037597659,2.2244312715530388
2019-02-01,13.78125,13652800,51.6588284528007,-0.201160703386579,-0.16028118133544922,-0.13957496643066492,1.8555874490737914
2019-02-04,13.651874542236328,8028800,51.98218782799537,-0.14339242662702212,0.018969249725341086,-0.015912017822266478,1.9724410295486443
2019-02-05,14.001874923706055,10568000,50.84021086759062,-0.5222320556640625,-0.2869373798370365,-0.36009990692138594,1.612334399223327
2019-02-06,14.041874885559082,8476800,52.47652791641051,-0.4787499564034601,-0.2944685935974114,-0.3930373764038091,1.5610906887054448
2019-02-07,13.767499923706055,6404800,49.48930970781184,-0.08062498910086546,-0.009687376022338157,-0.11736242294311516,1.824871902465821
2019-02-08,14.146249771118164,11323200,45.80654295100534,-0.3156249182564874,-0.36224975585937536,-0.4961497688293459,1.4380845546722405
2019-02-11,14.323749542236328,11636800,54.97667263294391,-0.3645533152988971,-0.505124568939209,-0.6680995559692384,1.2531347799301145
2019-02-12,14.903124809265137,21617600,61.418881735344144,-0.7836607524326862,-1.0130311012268063,-1.2436623191833505,0.6671782588958735
2019-02-13,14.774999618530273,15635200,57.24690139934079,-0.49508912222725954,-0.842562198638916,-1.115424633026123,0.7870690727233889
2019-02-14,15.048749923706055,25380800,59.36028883093659,-0.6192858559744696,-1.0552500247955319,-1.386299934387207,0.5058906459808341
2019-02-15,16.496875762939453,65441600,79.13719591690007,-1.716697284153529,-2.3692508220672615,-2.8093507575988763,-0.9426476860046389
2019-02-19,16.8487491607666,30577600,89.38636951424417,-1.628392219543457,-2.6039367675781246,-3.111411666870117,-1.2932335853576653
2019-02-20,16.920000076293945,18057600,89.01934439985817,-1.3033930914742609,-2.5260314464569085,-3.142300071716308,-1.3635876274108885
2019-02-21,16.90625,11035200,88.07049983673643,-0.9207143783569336,-2.3616250991821293,-3.071787490844727,-1.3418844270706174
2019-02-22,17.185625076293945,11942400,87.86318897345485,-0.8740179879324792,-2.4893751621246345,-3.294662570953369,-1.614193878173829
2019-02-25,17.456249237060547,13988800,91.02304428771342,-0.7616064889090417,-2.5973743438720707,-3.502561740875244,-1.878564920425415
2019-02-26,17.533124923706055,10476800,90.46118166218068,-0.4835714612688342,-2.4704688072204597,-3.518762435913086,-1.9488437366485591
2019-02-27,17.749374389648438,11049600,90.83149267886908,-0.5208925519670764,-2.4443120479583733,-3.6659119224548338,-2.1578025817871094
2019-02-28,17.828125,10566400,96.73427714926962,-0.45973232814244014,-2.2886564254760735,-3.663612537384033,-2.228634443283081
2019-03-01,17.908750534057617,13406400,96.49366150011242,-0.39910779680524655,-2.1450319290161133,-3.64877555847168,-2.298941226005555
2019-03-04,17.774999618530273,12598400,93.11365360568492,-0.14124979291643314,-1.8115935325622559,-3.424637145996094,-2.1542996883392327
2019-03-05,17.361249923706055,17403200,82.03289026776068,0.29758916582380124,-1.2123750686645494,-2.916224956512451,-1.7315968704223632
2019-03-06,17.193750381469727,14339200,81.19961304392325,0.4275888715471545,-0.8852817535400384,-2.651362915039062,-1.5554629516601555
2019-03-07,17.264375686645508,8814400,80.15994591271259,0.31857081821986455,-0.7947820186615004,-2.618163204193115,-1.6172945022583
2019-03-08,17.159374237060547,8889600,64.21669428090557,0.3392865317208411,-0.5201868534088128,-2.4060992622375483,-1.5059493064880378
2019-03-11,17.612499237060547,9100800,65.70692026293719,-0.14464214869908076,-0.7999993801116929,-2.7576242828369146,-1.949018058776856
2019-03-12,17.818124771118164,11440000,67.50301830011716,-0.3632142203194739,-0.8309061527252197,-2.862924823760986,-2.1455467176437377
2019-03-13,18.281875610351562,18328000,72.80827142331275,-0.7545542035784045,-1.1257194519042955,-3.218238143920898,-2.5968288040161127
2019-03-14,18.288124084472656,8155200,70.10023917471855,-0.62839208330427,-0.9563117027282715,-3.1220991325378424,-2.591558532714844
2019-03-15,18.547500610351562,16424000,69.97710836305941,-0.6943757193429114,-1.0407506942749016,-3.273713150024413,-2.838153805732727
2019-03-18,18.700000762939453,16673600,70.78600148272677,-0.6417865753173828,-1.083094596862793,-3.3017132949829104,-2.975794577598572
2019-03-19,18.448749542236328,14472000,62.30479394133013,-0.20633888244628906,-0.7518433570861802,-2.934574584960938,-2.7109121084213257
2019-03-20,18.653125762939453,9475200,63.900572556863615,-0.26205417088099736,-0.8695632934570305,-3.028288288116455,-2.903653950691224
2019-03-21,19.688749313354492,26641600,72.68957006051966,-1.0304456438337048,-1.7660618782043471,-3.9379868507385254,-3.924671254158021
2019-03-22,18.760000228881836,18156800,60.43985234481448,-0.03339304242815189,-0.7585940361022949,-2.9052252578735356,-2.987981543540954
2019-03-25,18.826875686645508,9987200,66.76676261680285,-0.023303985595703125,-0.756938171386718,-2.868013210296631,-3.0476788759231574
2019-03-26,19.362499237060547,15344000,72.88312079311854,-0.44249916076660156,-1.201093006134034,-3.289011783599854,-3.571146178245545
2019-03-27,19.4581241607666,12572800,73.02542703371026,-0.42982074192591924,-1.211280441284181,-3.264949226379393,-3.655027356147766
2019-03-28,19.518749237060547,10120000,74.9966859474472,-0.3375887189592639,-1.187374305725097,-3.213761825561523,-3.7029586839675908
2019-03-29,19.653749465942383,10720000,73.18943299806763,-0.329642704554967,-1.2351245880126953,-3.2322370719909657,-3.8255151700973506
2019-04-01,19.897499084472656,12713600,73.41967449348252,-0.543570927211217,-1.3727492332458482,-3.3543242073059076,-4.057633547782897
2019-04-02,19.901874542236328,10329600,70.35174771621332,-0.3848214830671033,-1.2500934600830078,-3.250762176513671,-4.050349631309508
2019-04-03,20.109375,12329600,71.77877729018603,-0.40910775320870485,-1.3118126869201667,-3.334812641143799,-4.246871962547303
2019-04-04,19.571874618530273,15372800,61.48562209446804,0.1583033970424097,-0.6589373588561998,-2.6837372589111332,-3.698768458366395
2019-04-05,19.44124984741211,14032000,58.35210236025528,0.2865175519670764,-0.41421880722045756,-2.44734998703003,-3.556499934196472
2019-04-08,19.806249618530273,9419200,64.91349089438492,-0.037410736083984375,-0.669531059265136,-2.7002997589111324,-3.9111372041702275
2019-04-09,19.82437515258789,7081600,63.416379872371444,-0.031161172049387176,-0.5873440742492662,-2.591087799072266,-3.9174283647537234
2019-04-10,20.140625,10196800,56.197507843903566,-0.31267874581473265,-0.8106564521789537,-2.7625501441955578,-4.218178210258484
2019-04-11,20.139375686645508,8812800,75.37366323294131,-0.27750069754464235,-0.7168445587158203,-2.621313323974608,-4.197444519996644
2019-04-12,20.298124313354492,7438400,76.17882393188384,-0.4092851366315564,-0.7880620002746568,-2.642574462890625,-4.336696276664734
2019-04-15,20.458749771118164,8699200,72.51028284380652,-0.4432141440255286,-0.8607500076293952,-2.6696499252319335,-4.474493608474731
2019-04-16,20.533750534057617,9566400,72.275459225108,-0.3621433803013403,-0.8315007209777825,-2.607013168334962,-4.52753499031067
2019-04-17,20.502500534057617,8483200,70.62371493897685,-0.23142896379743405,-0.7077819824218743,-2.445750656127931,-4.474238109588622
2019-04-18,20.21125030517578,12316800,60.96902683760312,0.11508914402552861,-0.39040670394897603,-2.0311129188537613,-4.163606624603272
2019-04-22,20.475000381469727,8248000,61.273814390918304,-0.10089302062988281,-0.5684067726135247,-2.1607129859924328,-4.404941072463988
2019-04-23,20.06624984741211,17656000,52.771342683050754,0.2974109649658203,-0.09768753051757884,-1.6335624504089346,-3.9764561653137207
2019-04-24,20.326875686645508,12545600,53.602494479353254,0.04089246477399655,-0.3100945472717278,-1.7741257667541497,-4.217444505691528
2019-04-25,19.881874084472656,11262400,55.29686826806692,0.4034832545689184,0.15609455108642578,-1.22954917907715,-3.757552280426026
2019-04-26,20.024999618530273,10072000,59.93192938777337,0.18767901829310674,0.03828153610229634,-1.2676747131347668,-3.8844746875762937
2019-04-29,19.80500030517578,11384000,49.97764094567535,0.30803544180733766,0.26584339141845703,-0.9525503921508793,-3.64961287498474
2019-04-30,19.518125534057617,20316800,45.00000934210993,0.49589238848005124,0.5337494850158677,-0.6052506256103527,-3.3521349716186535
2019-05-01,19.403749465942383,13654400,37.120389280387364,0.45723261151994876,0.623219299316407,-0.4397745513916007,-3.2240182781219495
2019-05-02,19.428125381469727,22776000,37.66798199373247,0.3416960580008386,0.5647809028625481,-0.41398796081542955,-3.235891065597535
2019-05-03,17.400625228881836,93257600,19.516093947783062,1.9511604309082031,2.483718585968017,1.6233996963500985,-1.2069752883911136
2019-05-06,17.08187484741211,37404800,15.616691622144927,1.8699109213692786,2.684500217437744,1.9400750732421876,-0.8886561584472652
2019-05-07,16.6043758392334,26312000,13.022031081163547,1.8587493896484375,3.0019055366516127,2.4005366134643538,-0.4144633960723887
2019-05-08,16.640625,21316800,13.691405052163901,1.3704466138567248,2.806468868255614,2.346437454223633,-0.4515219306945788
2019-05-09,16.714374542236328,17584000,15.721124613809451,0.8961612156459253,2.561406803131103,2.251987915039063,-0.5255714797973638
2019-05-10,16.513750076293945,18456000,10.682396969143937,0.6839286259242456,2.580749988555908,2.4263248825073234,-0.32559700965881433
2019-05-13,15.243749618530273,27542400,9.122708878645938,1.356161117553711,3.5980317115783684,3.643025321960451,0.9349003219604484
2019-05-14,15.555000305175781,23739200,9.896008158536176,0.7812497275216224,3.041593551635742,3.2873746490478517,0.6150871372222895
2019-05-15,15.543749809265137,14097600,10.674234333116686,0.572768075125559,2.8033440113067627,3.2622751426696794,0.6192813825607288
2019-05-16,15.851249694824219,12608000,13.259245603360156,0.1576787403651636,2.2632815837860107,2.927925243377686,0.3104565000534052
2019-05-17,15.632499694824219,20955200,13.262162609692467,0.2324108396257678,2.253094053268434,3.1140377235412586,0.5274533748626702
2019-05-20,15.309374809265137,12723200,13.178041031516642,0.354821477617536,2.317937660217286,3.4001626205444353,0.8450626325607296
2019-05-21,15.809374809265137,18158400,20.54093118162679,-0.24580356052943664,1.6050939083099358,2.8641001319885255,0.33915637969970547
2019-05-22,15.821249961853027,13576000,20.377777648980768,-0.17517866407122007,1.3679374694824205,2.812287483215332,0.32590622425079374
2019-05-23,15.898750305175781,18601600,31.85319296136697,-0.20357186453682985,1.0912809371948242,2.687124633789061,0.24310901165008403
2019-05-24,15.99625015258789,14000000,36.14169470726589,-0.23642880575997438,0.7923436164855957,2.543787307739258,0.14158729076385512
2019-05-28,15.833749771118164,9075200,39.30243272153441,-0.07642841339111328,0.7562814712524428,2.6520126724243163,0.3005814218521117
2019-05-29,15.46875,9968000,35.09302303011481,0.26517854418073306,0.9188124656677239,2.952387428283693,0.6587561941146838
2019-05-30,15.498125076293945,6553600,34.351894341882144,0.2627677917480469,0.6941561698913574,2.863999862670898,0.6228561162948623
2019-05-31,15.286874771118164,11075200,34.258225057584454,0.3993752343314032,0.6983439445495598,3.007925148010255,0.8263907957077024
2019-06-03,15.085000038146973,17025600,47.19399924683791,0.496071406773158,0.7844374179840088,3.117724895477295,1.0188592815399176
2019-06-04,15.9193754196167,13361600,55.43539030533784,-0.3353575297764362,-0.10806293487548757,2.2265370178222668,0.1810870313644415
2019-06-05,16.47687530517578,23833600,61.96889967194954,-0.8241966792515338,-0.6719378471374515,1.6220371246337884,-0.37775660037994285
2019-06-06,16.073749542236328,17744000,52.78559952929399,-0.3867852347237726,-0.29715585708618164,1.9593878936767588,0.021662907600401127
2019-06-07,15.40250015258789,33387200,47.41355642533448,0.2749998910086493,0.308499813079834,2.5495248031616207,0.6843872976303089
2019-06-10,15.629375457763672,17913600,53.67816724460774,0.06687464032854429,0.03740577697753977,2.2448620223999036,0.4507119989395143
2019-06-11,15.1875,13516800,42.75521130647577,0.4945537022181927,0.47646875381469656,2.597412490844725,0.881849961280821
2019-06-12,15.242500305175781,10867200,43.3246897699941,0.46205343518938413,0.4058434486389153,2.449312210083008,0.8147465372085563
2019-06-13,15.125624656677246,19939200,41.16302042330855,0.46553611755371094,0.501812839508057,2.4706628608703625,0.9108190631866471
2019-06-14,14.755000114440918,15139200,36.64605144114031,0.5901784896850586,0.8176249027252194,2.7341999053955064,1.2599717283248886
2019-06-17,14.912500381469727,14436800,40.07809341629116,0.2667854854038776,0.6241246700286869,2.4835121536254867,1.0819714593887326
2019-06-18,15.12874984741211,10976000,46.21696759789815,0.0114288330078125,0.39884395599365163,2.181012687683104,0.8469313669204706
2019-06-19,15.197500228881836,10126400,46.68413372693826,-0.11901800973074828,0.2994998455047604,2.0200873184204085,0.7610841131210329
2019-06-20,15.545624732971191,11283200,52.77034159299518,-0.4159818376813611,-0.06240592002868617,1.5863878059387204,0.3972564792633051
2019-06-21,15.836874961853027,23640000,57.89888044807726,-0.6223214013235907,-0.3567499160766605,1.2090625762939453,0.09462187290191615
2019-06-24,15.755624771118164,13912000,47.9563108402353,-0.4510711942400256,-0.28753099441528285,1.20263774871826,0.16955955982208337
2019-06-25,15.398750305175781,9195200,35.83511590562357,-0.002232415335518212,0.047593498229980824,1.4615247344970719,0.5197496557235723
2019-06-26,15.95687484741211,22993600,48.5245421640562,-0.4111606052943646,-0.4861248016357429,0.8133626937866225,-0.04204363346099882
2019-06-27,16.124374389648438,18392000,60.44113930825349,-0.4364280700683594,-0.6223118782043464,0.5576756286621105,-0.21298693180084172
2019-06-28,16.22624969482422,13022400,58.957032667720746,-0.39133916582379946,-0.6772184371948242,0.37027530670166087,-0.31723411083221364
2019-07-01,16.427499771118164,10636800,70.05661116612832,-0.46660709381103516,-0.8113435268402096,0.09335021972656321,-0.5200498151779183
2019-07-02,16.581249237060547,9121600,70.98353461151656,-0.5140173775809167,-0.9319993019104,-0.1382742691040022,-0.6752867841720587
2019-07-03,16.803749084472656,13291200,75.45989812226775,-0.5867851802280981,-1.138155460357666,-0.42602413177490206,-0.8985335111618049
2019-07-05,16.921249389648438,9145600,85.5998402653551,-0.48678561619349736,-1.2132807731628414,-0.6116369628906249,-1.014265065193177
2019-07-08,16.75,9840000,80.06136596532352,-0.2022326333182214,-0.9746563911437995,-0.5030250549316406,-0.8427531766891487
2019-07-09,16.909374237060547,8409600,79.68328208911089,-0.2494640350341797,-1.070030689239502,-0.7247117996215806,-1.0020180463790886
2019-07-10,16.899375915527344,7417600,78.93735746549984,-0.14330482482910156,-0.974438571929932,-0.7728259658813492,-0.9928509664535525
2019-07-11,16.993749618530273,8574400,76.94817928811342,-0.15678569248744267,-0.9812498092651367,-0.9176871871948258,-1.0864090490341187
2019-07-12,17.141250610351562,7307200,75.64518094766665,-0.22428648812430296,-1.0279695034027085,-1.1104381561279304,-1.2338944101333613
2019-07-15,17.352500915527344,10251200,79.86913880633756,-0.357143674577987,-1.1093447685241706,-1.3632009506225593,-1.4441822099685666
2019-07-16,17.219375610351562,10238400,87.16515493203424,-0.1814289093017578,-0.8608757019042983,-1.2337006378173836,-1.3074194002151494
2019-07-17,17.339374542236328,9553600,84.36923882284215,-0.2172314780099036,-0.8703433990478509,-1.3485495758056647,-1.4236370801925666
2019-07-18,17.218124389648438,11798400,77.83084067154327,-0.05187416076660156,-0.6480620384216316,-1.215024452209473,-1.2993775510787966
2019-07-19,17.671249389648438,16536000,81.19270738977914,-0.3947315216064453,-0.99490580558777,-1.6475369644165028,-1.7452838087081908
2019-07-22,17.959999084472656,10755200,81.87731847919667,-0.5454455784388941,-1.1774992942810059,-1.9113741683959944,-2.024280381202697
2019-07-23,17.271875381469727,20486400,61.75285847180738,0.16133880615234375,-0.41356306076049876,-1.20808795928955,-1.331494174003602
2019-07-24,17.44937515258789,12096000,61.157955944906085,-0.002321788242884537,-0.48853158950805664,-1.3414752197265614,-1.5022908163070685
2019-07-25,16.713125228881836,20220800,47.03684654451288,0.6616066523960669,0.2855308532714851,-0.582062797546385,-0.7609971427917479
2019-07-26,17.061250686645508,10840000,54.21892330005972,0.2737492152622778,-0.015750789642332563,-0.8998382377624523,-1.0998194742202756
2019-07-29,17.014375686645508,10744000,51.46803997689578,0.2915172576904297,0.07053050994873189,-0.829700717926027,-1.0424507188796994
2019-07-30,17.142499923706055,10286400,53.29046447572558,0.08785738263811282,-0.021843719482422586,-0.9276249504089371,-1.1554218292236325
2019-07-31,17.090625762939453,10998400,51.32638996611884,0.015535354614257812,0.05549926757812429,-0.8401257705688465,-1.0854257917404162
2019-08-01,17.013750076293945,18860800,48.21988650434995,0.055535997663223924,0.14287500381469798,-0.7391625785827642,-0.9929719781875619
2019-08-02,15.257499694824219,47862400,29.565937275592248,1.4986613137381433,1.8159379005432115,1.0058127975463869,0.7705565261840803
2019-08-05,14.434374809265137,24062400,26.05843761790274,1.9962504250662683,2.523281526565551,1.7996501731872563,1.5928595352172863
2019-08-06,14.738750457763672,15177600,28.330385196698714,1.3600890295846106,2.110374689102173,1.470124530792237,1.2875057649612422
2019-08-07,14.6875,12240000,28.664771311091854,1.0789286749703546,2.0510313510894775,1.4984499931335442,1.3393530988693243
2019-08-08,14.655625343322754,15187200,22.631879504178386,0.7555355344499866,1.965999794006347,1.5140621566772445,1.3727058839797976
2019-08-09,14.295624732971191,19556800,17.168779240389426,0.7162502833775104,2.183719110488891,1.850012760162354,1.7316283702850335
2019-08-12,14.029375076293945,10800000,18.572813477129017,0.5561606543404718,2.283812475204467,2.091112422943116,1.9952655267715471
2019-08-13,14.426250457763672,12918400,21.894256348311004,0.04053538186209593,1.7472808361053467,1.681062049865723,1.6005776453018186
2019-08-14,13.714374542236328,18227200,21.993934250784122,0.6495541163853229,2.27790675163269,2.3488379478454604,2.308934807777405
2019-08-15,13.54312515258789,17867200,16.02076727578998,0.6499998910086493,2.2654061794281013,2.4614123344421373,2.479296698570252
2019-08-16,13.823749542236328,12310400,20.515181938615157,0.24598257882254515,1.7924067974090576,2.1357879447937016,2.199709806442261
2019-08-19,13.966875076293945,10606400,20.734949242263653,0.004464149475097656,1.4496250629425056,1.9639499092102053,2.05502489566803
2019-08-20,13.69937515258789,8824000,19.942396660040885,0.1867855616978229,1.5384999752044681,2.1928498268127434,2.3190373182296753
2019-08-21,14.1587495803833,11792000,26.30213820900991,-0.2541067940848212,0.9145942687988278,1.7129003906250002,1.8551566362380996
2019-08-22,14.204999923706055,10518400,37.80064360147999,-0.33196435655866274,0.7429376602172848,1.645900039672851,1.7993781709671026
2019-08-23,13.962499618530273,12499200,43.67989307356531,-0.05401761191231813,0.8305004119873054,1.8651378440856927,2.033890972137451
2019-08-26,13.949999809265137,6868800,38.53976803653019,0.016607148306709618,0.6897814273834229,1.8615376472473137,2.039543905258178
2019-08-27,13.986249923706055,8329600,39.76650882738365,0.003571374075752587,0.4957188129425045,1.8067625236511233,1.9939906644821175
2019-08-28,13.904999732971191,7942400,39.201576750232825,0.07598223005022398,0.4176877021789558,1.863537712097168,2.0659533548355107
2019-08-29,14.213125228881836,7424000,48.79518827385481,-0.15875039781842837,-0.030469036102294567,1.5357247161865235,1.7525091123580925
2019-08-30,14.163749694824219,8720000,52.09510107195091,-0.1086605616978229,-0.03578100204467738,1.5574627494812017,1.7987596464157107
2019-09-03,14.0181245803833,7134400,43.09578055491113,0.010268075125557274,0.08903160095214879,1.6667128562927243,1.9406128835678107
2019-09-04,14.139374732971191,9504000,58.985202124455064,-0.08571420397077212,-0.062187337875366566,1.5131377029418953,1.818343977928162
2019-09-05,14.711250305175781,11806400,71.11863226171306,-0.5488397053309857,-0.6328753948211663,0.9275121307373055,1.2437121582031256
2019-09-06,14.731249809265137,8937600,68.11376316535862,-0.4624106543404718,-0.649093675613404,0.88300012588501,1.222565779685974
2019-09-09,14.445625305175781,11528000,59.041549566190916,-0.09955392565045962,-0.35596914291381765,1.1350496482849124,1.5107309103012092
2019-09-10,14.87125015258789,11260800,70.88437723494108,-0.43116092681884766,-0.7395002365112298,0.6823248100280761,1.0909060621261588
2019-09-11,15.42562484741211,14344000,71.83796165544479,-0.8052677427019397,-1.2439062118530266,0.1079126167297364,0.545215740203858
2019-09-12,15.62125015258789,16024000,73.21720815544448,-0.7718751089913507,-1.3441877365112305,-0.10691267013549854,0.359184184074401
2019-09-13,15.234999656677246,9712000,69.92171438246274,-0.22910676683698306,-0.8733435153961189,0.24796283721923906,0.7508690547943111
2019-09-16,15.26187515258789,5441600,70.4461253312683,-0.1773215702601849,-0.8283127307891842,0.18789985656738217,0.7300716829299922
2019-09-17,15.278124809265137,9928000,70.2607214552947,-0.115446226937431,-0.7789999008178707,0.14221269607543974,0.7166501522064213
2019-09-18,15.412500381469727,11350400,73.25491312999475,-0.11169678824288454,-0.8277192115783691,-0.022100353240967152,0.5854902076721196
2019-09-19,15.258125305175781,9766400,66.92306979502575,0.0979461669921875,-0.6183753490448005,0.09944971084594734,0.7416309118270874
2019-09-20,15.00374984741211,12432000,62.75626093792271,0.2920537676130017,-0.3240623950958259,0.31402517318725565,0.9948094940185541
2019-09-23,15.046875,9427200,66.12460720744261,0.16687502179827085,-0.3129687786102302,0.22901250839233356,0.9551280927658077
2019-09-24,14.8774995803833,9715200,61.39740509427105,0.28517900194440493,-0.09721837043762172,0.34888790130615277,1.1243816375732436
2019-09-25,15.09749984741211,7057600,56.69119702463676,0.04169654846191406,-0.2616561412811276,0.08645011901855426,0.9095282459259018
2019-09-26,15.250624656677246,6046400,58.6006962627833,-0.11535685403006468,-0.34749970436096156,-0.10844968795776389,0.7608534336090074
2019-09-27,15.173749923706055,6675200,62.953063902962725,-0.0725893293108264,-0.22259373664855886,-0.0724624443054207,0.8419969177246109
2019-09-30,14.932499885559082,11920000,51.16610532622806,0.12214279174804688,0.05709381103515554,0.1140126037597664,1.085412578582762
2019-10-01,14.396875381469727,11572800,30.273275487498196,0.5710709435599188,0.6116558551788334,0.5783746337890623,1.6215495824813857
2019-10-02,14.270625114440918,9427200,23.393272536192157,0.5864283697945734,0.7444686412811272,0.6445998954772953,1.7502748489379876
2019-10-03,14.021249771118164,14772800,24.726726094614747,0.7134823117937366,0.9593439579010017,0.8254127311706547,2.0040783166885383
2019-10-04,14.285625457763672,5284800,31.501677670430652,0.33312456948416624,0.6726870536804199,0.5124870491027824,1.7448526334762562
2019-10-07,14.43375015258789,5688000,34.76202949663244,0.06830351693289671,0.523968601226807,0.3118123435974116,1.6057560634613033
2019-10-08,14.318750381469727,7096000,30.122680332323938,0.0611604963030139,0.6113433837890625,0.3728996086120606,1.7307214593887323
2019-10-09,14.376874923706055,7406400,33.40395191040133,-0.07633904048374696,0.5007813453674324,0.25946256637573306,1.6841156673431392
2019-10-10,14.232500076293945,11000000,34.8477456189065,0.04455362047467837,0.5757186889648445,0.34667490005493207,1.840621767044066
2019-10-11,14.77750015258789,8913600,45.57948968349359,-0.4280357360839844,0.00784363746643102,-0.24305017471313484,1.3068466901779168
2019-10-14,14.673125267028809,5142400,46.57305638301071,-0.2305357796805243,0.08278102874755788,-0.15036277770996165,1.4205778264999402
2019-10-15,15.060625076293945,7889600,49.414569831617285,-0.5073213577270508,-0.3155937671661384,-0.5253375816345223,1.0440811443328855
2019-10-16,14.942500114440918,7131200,45.053186830954125,-0.31651782989501953,-0.22096881866455043,-0.4031376266479487,1.1710748577117904
2019-10-17,15.094374656677246,6315200,48.75562935274067,-0.3575889042445599,-0.3810308933258053,-0.5468746757507326,1.0288753128051766
2019-10-18,14.964374542236328,5736000,50.51776108105998,-0.14366027287074523,-0.25299954414367676,-0.4106995773315436,1.171322298049926
2019-10-21,15.239999771118164,7416000,64.95896133289204,-0.2753569739205499,-0.5189685344696038,-0.6674373054504397,0.9086251926422122
2019-10-22,15.09375,7550400,64.50121287410673,-0.08392865317208376,-0.36190624237060476,-0.499900035858154,1.0647437143325789
2019-10-23,15.413125038146973,5963200,73.93081040169031,-0.2975894383021771,-0.6655000209808346,-0.7995375823974609,0.7554718017578139
2019-10-24,14.957500457763672,13000000,60.83888627686521,0.14330305371965757,-0.2245316505432129,-0.319050483703613,1.2180870103836057
2019-10-25,15.272500038146973,11348800,62.83965500981194,-0.12455368041992188,-0.5345937252044681,-0.5994625663757329,0.9113374280929563
2019-10-28,15.556249618530273,10756800,68.01310213401092,-0.3423211233956476,-0.7871558189392083,-0.8485621452331547,0.6372128438949574
2019-10-29,15.3725004196167,5745600,63.981060552289854,-0.1002682277134479,-0.5546253681182858,-0.6367004394531257,0.8304557943344122
2019-10-30,15.391875267028809,7833600,66.87285618281248,-0.09794657570975218,-0.5179377079010017,-0.622225284576416,0.8183996963500988
2019-10-31,15.285625457763672,23708800,58.47759453776165,0.03571401323590884,-0.3484691143035885,-0.49343795776367116,0.9319401311874387
2019-11-01,11.581250190734863,167657600,26.565598652195177,3.1926785877772748,3.2206873893737793,3.1584623146057123,4.625149774551392
2019-11-04,11.954375267028809,41548800,26.405234004162992,2.3905356270926337,2.7235935688018795,2.7451747512817377,4.2392715740203855
2019-11-05,11.798749923706055,29678400,26.25565596030063,2.0499109540666858,2.75321888923645,2.8577750968933113,4.384206290245057
2019-11-06,11.901874542236328,20912000,25.708570974941708,1.4247327532087048,2.5263442516326897,2.712962970733642,4.271125421524047
2019-11-07,12.15250015258789,20841600,28.990380134468907,0.7141071047101697,2.171718645095826,2.4272873687744134,4.010496687889098
2019-11-08,12.038125038146973,12940800,25.485688584235504,0.3493750435965399,2.1491250038146976,2.4981624794006354,4.114043679237366
2019-11-11,11.948124885559082,10532800,25.70710926541122,-0.037410599844795556,2.102875137329102,2.543850135803222,4.196496953964232
2019-11-12,12.123125076293945,14803200,24.012634303505024,-0.13500009264264712,1.780999946594239,2.330949954986572,4.017606139183044
2019-11-13,11.915624618530273,9459200,24.992285146020862,0.06696455819266234,1.8371566295623776,2.4939754104614256,4.218984718322755
2019-11-14,11.90999984741211,18283200,20.874836132402535,0.08848217555454774,1.6835626602172855,2.4435751724243158,4.217040739059449
2019-11-15,12.038749694824219,13356800,18.691591164978263,-0.020714078630719612,1.4085315704345707,2.2609753227233895,4.079578390121458
2019-11-18,12.063750267028809,13446400,19.693161115571925,-0.058393205915178825,1.224718523025512,2.1883372497558593,4.046637196540832
2019-11-19,12.125,9313600,20.30451686727666,-0.10723223005022398,1.0150312900543206,2.072162513732911,3.97600308895111
2019-11-20,12.1274995803833,12046400,20.74116876817338,-0.08410685403006468,0.8482504367828376,2.003700428009033,3.9639316320419304
2019-11-21,12.0,13614400,61.504111540031516,0.025803429739815087,0.8278749942779537,2.0587750053405767,4.082593712806702
2019-11-22,12.155625343322754,14625600,56.27924996310279,-0.09553609575544009,0.5164059162139889,1.8415621757507328,3.9170152473449704
2019-11-25,12.369375228881836,8892800,67.18103569073998,-0.24366092681884766,0.143312311172485,1.5699622917175287,3.693493490219115
2019-11-26,12.266875267028809,10724800,60.99399242920839,-0.10857159750802126,0.09053101539611852,1.6122372627258308,3.7828122043609618
2019-11-27,12.225000381469727,8968000,52.49785443825711,-0.04366098131452212,-0.025937843322754617,1.5903621482849122,3.811937093734741
2019-11-29,12.195625305175781,4235200,55.7639620359105,-0.004196575709752182,-0.15106277465820384,1.5584872245788581,3.8270465469360353
2019-12-02,12.070625305175781,10172800,54.3711125645453,0.11267852783203125,-0.001594018936156516,1.6248247337341315,3.9299152946472162
2019-12-03,11.999375343322754,9993600,45.23122290112582,0.1838392530168811,0.07190594673156703,1.6351247024536129,3.9769183874130256
2019-12-04,12.106249809265137,8400000,57.963463326674706,0.06991113935198179,-0.01959352493286204,1.4728252410888665,3.845975170135498
2019-12-05,11.978124618530273,9948800,52.581707944695346,0.14214338575090757,0.11234416961669957,1.538562927246094,3.949459733963012
2019-12-06,11.8881254196167,10019200,44.11910359531468,0.1780354636056085,0.18912463188171458,1.5613121414184565,4.012971434593201
2019-12-09,11.895000457763672,12065600,43.31682813060639,0.12401757921491274,0.17509336471557546,1.4888621139526368,3.978290152549743
2019-12-10,12.008749961853027,12355200,45.57983863656967,-0.016428402491978744,0.06437511444091726,1.3166376113891598,3.8369187736511225
2019-12-11,11.951874732971191,14046400,43.58740072373131,0.023482458932059913,0.11268782615661621,1.324612827301026,3.8648065042495734
2019-12-12,12.043749809265137,14752000,51.640106768716166,-0.06205340794154601,0.027219009399413352,1.1882002449035642,3.7440095520019536
2019-12-13,12.057499885559082,14198400,45.88356257551389,-0.08276775905064149,0.020843935012816672,1.135175170898437,3.7010032224655145
2019-12-16,12.414999961853027,18110400,51.70799348519782,-0.3778570720127643,-0.3178436279296868,0.7402625846862794,3.316703147888184
2019-12-17,12.4375,9508800,56.79442085283723,-0.3218750272478381,-0.3216561794280999,0.6778375434875485,3.26958436012268
2019-12-18,12.501250267028809,11006400,60.81213537331427,-0.2990181786673407,-0.3665939331054684,0.5777372741699214,3.182371592521667
2019-12-19,12.734375,15744000,68.1856577573297,-0.4284821919032513,-0.5693748950958248,0.31176254272461,2.926596856117248
2019-12-20,12.884374618530273,27388800,77.01245270403744,-0.4452675410679401,-0.6751557826995853,0.13480041503906293,2.755222239494323
2019-12-23,12.804374694824219,14483200,76.5676627904854,-0.2566069194248737,-0.562718391418457,0.1753378295898429,2.811181540489196
2019-12-24,12.789999961853027,4224000,74.03341919203432,-0.1375893184116901,-0.5273124217987064,0.15205005645751868,2.800415649414063
2019-12-26,12.850625038146973,6315200,82.19562097635237,-0.1359822409493585,-0.5587500095367428,0.04722497940063519,2.7126343202590935
2019-12-27,12.776874542236328,8873600,83.1932473797551,-0.01374966757638063,-0.45740580558776855,0.07766296386718707,2.758828568458558
2019-12-30,12.695625305175781,11328000,78.32818632876402,0.09526743207659116,-0.3511565685272213,0.11093721389770472,2.8108184289932243
2019-12-31,12.712499618530273,8761600,76.73315282639237,0.07526806422642274,-0.3359371662139896,0.04902540206909123,2.7640066099166862
2020-01-02,12.795000076293945,9992000,81.41596253740964,-0.020000185285296013,-0.37865638732910156,-0.08237504959106445,2.6532374048233027
2020-01-03,12.553125381469727,12270400,67.07167162188856,0.18598175048828125,-0.11443791389465297,0.10868715286254904,2.8646120977401726
2020-01-06,12.678750038146973,8256000,69.36869221456044,0.04446424756731382,-0.2050312995910648,-0.07162500381469705,2.70393744468689
2020-01-07,12.803125381469727,8526400,64.15871661832045,-0.0866967609950482,-0.2836566448211677,-0.23908784866332944,2.5497777271270756
2020-01-08,12.936249732971191,10780800,66.83545787055249,-0.19705322810581727,-0.3647185325622555,-0.41893720626831055,2.3872002458572386
2020-01-09,12.925000190734863,7606400,64.8294229549778,-0.15303584507533508,-0.3076564788818352,-0.46031265258789134,2.366262292861938
2020-01-10,12.9662504196167,7304000,59.37345551696088,-0.15803595951625304,-0.2981879234313958,-0.5496878814697261,2.2925526952743525
2020-01-13,13.196874618530273,9716800,61.859607266325774,-0.33124950953892274,-0.47115588188171387,-0.8242120933532711,2.030319123268127
2020-01-14,13.315625190734863,10352000,68.84797370702657,-0.3410715375627795,-0.5270001888275146,-0.9823626708984374,1.8798779296875008
2020-01-15,13.336874961853027,9297600,70.05963599932277,-0.2683034624372205,-0.502156209945678,-0.968499946594239,1.8258250379562373
2020-01-16,13.703125,10230400,75.54310213286135,-0.5059821265084405,-0.8051249980926514,-1.2997749900817865,1.428581252098084
2020-01-17,13.866874694824219,15939200,80.9879729744385,-0.5367853982107977,-0.9005934715270989,-1.4221621894836431,1.2336190557479867
2020-01-21,13.827500343322754,9916800,82.96328719398358,-0.36848245348249087,-0.8065628528594964,-1.344275321960449,1.2442715358734127
2020-01-22,13.920000076293945,7236800,83.6820655788292,-0.32473223549979124,-0.8472813129425045,-1.4014250564575192,1.1241655540466304
2020-01-23,14.37874984741211,13553600,86.51301440220641,-0.6146426882062634,-1.2273123264312744,-1.8133623313903815,0.6382782840728751
2020-01-24,14.878125190734863,25740800,97.91349020578946,-0.8908037458147327,-1.6222814083099362,-2.2541376686096193,0.11417169094085722
2020-01-27,14.685625076293945,19211200,90.24821467438392,-0.5056250435965399,-1.33803129196167,-2.0103875541687017,0.27939680576324477
2020-01-28,14.795000076293945,9859200,90.1891860688859,-0.45901788984026304,-1.3465000152587887,-2.0621750450134275,0.14329992771148703
2020-01-29,14.690625190734863,7233600,85.81274232446151,-0.2369643620082318,-1.1423751354217533,-1.902187652587891,0.21963731765747063
2020-01-30,14.483750343322754,11059200,79.46599256818685,0.06366048540387759,-0.8469377517700192,-1.64641279220581,0.3966371679306029
2020-01-31,13.958749771118164,16012800,65.86096208436473,0.5941967282976428,-0.2637496948242184,-1.0835122299194335,0.888762736320496
2020-02-03,14.079375267028809,9030400,64.61698704329862,0.43080343518938413,-0.30806269645690953,-1.1650502204895012,0.7360216140747067
2020-02-04,14.457500457763672,7896000,67.41659231218816,-0.007411003112792969,-0.5972503662109379,-1.496575393676757,0.329127674102784
2020-02-05,14.369375228881836,10528000,65.43348556958301,0.03553567613874087,-0.4308126449584968,-1.3610626602172857,0.38672477722167997
2020-02-06,14.532500267028809,7438400,63.198730002625595,-0.16508933476039367,-0.5141251564025886,-1.4766501998901376,0.19593099117279067
2020-02-07,14.485625267028809,7526400,60.22728025062241,-0.14750003814697266,-0.38921890258789027,-1.3874501991271977,0.21359973907470753
2020-02-10,14.525625228881836,12961600,61.53686614665138,-0.18151787349155946,-0.3512501239776604,-1.3822751617431646,0.14681853294372615
2020-02-11,14.46875,11355200,59.17641497759026,-0.05178546905517578,-0.23078112602233958,-1.2805249404907233,0.17591251373291072
2020-02-12,14.6537504196167,13379200,55.06213228930442,-0.15473229544503297,-0.3488752841949463,-1.4163628578186032,-0.03484415531158369
2020-02-13,14.851249694824219,24499200,49.443427762923655,-0.2959816796439032,-0.4706558227539066,-1.558249645233154,-0.2556778097152712
2020-02-14,13.966875076293945,33832000,38.4305863426196,0.5308929170880994,0.42690629959106374,-0.6345250320434577,0.601512436866761
2020-02-18,14.1118745803833,13776000,39.12869802503874,0.32580402919224305,0.2941567897796631,-0.7394120407104499,0.4299316787719718
2020-02-19,14.063750267028809,11504000,39.84200954902965,0.3136604854038776,0.3540935993194587,-0.6495752143859868,0.4613716173171998
2020-02-20,14.267499923706055,11952000,46.492287844169745,0.07303578513009157,0.1677189350128181,-0.8057373809814461,0.2435500860214237
2020-02-21,13.9662504196167,15432000,50.1311876274972,0.30249963487897524,0.44834346771240163,-0.4630628776550285,0.5316089630126957
2020-02-24,13.359375,16489600,39.23765889234024,0.7244642802647174,0.9792813777923577,0.17082504272460852,1.1220781326293938
2020-02-25,12.874375343322754,20457600,27.068606023233258,0.9270533152988971,1.3737185478210456,0.6742747116088861,1.5878777933120727
2020-02-26,12.696249961853027,13156800,26.380783877317867,0.9236608232770642,1.4469064235687252,0.8654500961303704,1.7469156742095944
2020-02-27,12.073749542236328,17584000,19.27520483895917,1.2550005231584827,1.9385630607604973,1.4882755088806157,2.353566093444824
2020-02-28,12.069999694824219,19475200,19.48521501457813,0.9739288602556506,1.821625375747681,1.4851253509521491,2.339890937805176
2020-03-02,12.286874771118164,14659200,22.929245870484735,0.47410733359200563,1.5211565494537354,1.2652377700805673,2.106731486320495
2020-03-03,11.984375,11180800,21.64358725619452,0.49348204476492796,1.7189063072204593,1.557400035858155,2.389896883964539
2020-03-04,12.601875305175781,11427200,28.684575261173876,-0.23223250252859984,1.0086247444152825,0.9372497367858887,1.7572434568405146
2020-03-05,12.28499984741211,8960000,23.986311169544294,0.00044645581926694433,1.221281433105469,1.2421376991271966,2.0589970397949227
2020-03-06,11.923749923706055,15444800,26.832028279483097,0.25133923121861024,1.4520938396453857,1.5857751274108889,2.4008188390731817
2020-03-09,11.60562515258789,18836800,22.654122214755617,0.5025890895298541,1.6262186050415046,1.8802124023437496,2.6978654861450195
2020-03-10,12.4975004196167,21753600,35.56784413469913,-0.3282146453857422,0.6329370975494388,0.9812746429443351,1.7889839696884149
2020-03-11,11.387499809265137,23360000,27.260169976125383,0.6533038275582452,1.5888751983642582,2.063487758636475,2.8759408283233636
2020-03-12,10.180624961853027,33078400,23.84941169154196,1.6025000980922162,2.5720937728881843,3.2200625991821283,4.054550051689148
2020-03-13,11.047499656677246,17172800,34.583645739730656,0.5135717391967773,1.5150315761566162,2.319887905120849,3.1655691051483146
2020-03-16,9.8149995803833,16475200,31.448494049269925,1.3932146344866077,2.5399378776550297,3.4927879714965826,4.369653553962708
2020-03-17,10.512499809265137,23912000,37.542784772113755,0.4941072463989258,1.6624689102172852,2.7544752311706535,3.6482814502716057
2020-03-18,11.0625,31808000,44.183207259268166,-0.13348225184849305,0.9624062061309822,2.172150039672852,3.078168759346008
2020-03-19,11.117500305175781,14928000,44.553256763819725,-0.38562543051583376,0.7499059200286862,2.0834372329711908,2.999159078598023
2020-03-20,10.279999732971191,18297600,39.284524568600425,0.2936608450753351,1.4030939579010013,2.867812805175781,3.80567527294159
2020-03-23,10.117500305175781,15707200,39.88075422384791,0.4471424647739948,1.403499650955201,2.9741622352600103,3.938393454551697
2020-03-24,11.65999984741211,23580800,45.35993412007376,-1.0078570502144952,-0.19971866607665945,1.40553768157959,2.3771814107894897
2020-03-25,11.770625114440918,24233600,47.41341532226313,-0.8391072409493585,-0.35662517547607386,1.266387424468995,2.2472623920440675
2020-03-26,12.535625457763672,18998400,52.956812884960634,-1.3150896344866077,-1.098531723022461,0.4857870864868161,1.4690026760101311
2020-03-27,11.9556245803833,14644800,51.64957866639435,-0.6074995313371936,-0.5242496013641365,1.0381629562377928,2.0325691747665413
2020-03-30,12.858124732971191,16641600,51.697954167783244,-1.2613390513828815,-1.3981872558593746,0.11876279830932646,1.11873152256012
2020-03-31,12.659375190734863,18113600,56.55057099869662,-0.7226787294660291,-1.165687704086304,0.2933623504638678,1.3070029401779166
2020-04-01,12.048125267028809,13763200,60.24691396786026,0.16437476021902953,-0.5821252822875973,0.8690247726440425,1.9039309883117674
2020-04-02,12.131250381469727,10616000,56.506081472483174,0.1485711506434857,-0.6729378700256348,0.7501246643066413,1.8058183765411382
2020-04-03,12.164999961853027,13510400,66.47966360046375,0.17116083417620054,-0.6946249485015876,0.6721000862121578,1.7569062948226932
2020-04-06,12.975000381469727,15972800,67.00034618009556,-0.5760717391967773,-1.436156606674194,-0.1759628295898441,0.934052753448487
2020-04-07,13.071249961853027,13625600,64.7946954149605,-0.5129462650844037,-1.5037187099456784,-0.3044999122619636,0.8239750480651864
2020-04-08,13.411874771118164,12708800,66.21609270398301,-0.774463926042829,-1.7431247711181648,-0.6727872276306144,0.4716314888000497
2020-04-09,13.119375228881836,22150400,71.7430908582358,-0.4162500926426471,-1.3036877155303959,-0.4117126846313468,0.7527341556549079
2020-04-13,12.630000114440918,14004800,68.32269738676887,0.15625,-0.7351875782012947,0.040587425231933594,1.2254748964309687
2020-04-14,12.95687484741211,11702400,61.49584487534626,-0.052678380693707894,-0.9049685478210456,-0.30632480621337876,0.8827626657485954
2020-04-15,12.76187515258789,7635200,58.65720643860994,0.22758919852120485,-0.5975000858306885,-0.1376751136779788,1.0604404878616336
2020-04-16,12.8256254196167,12382400,52.88629011483579,0.14249965122767883,-0.5730940818786614,-0.2340628814697272,0.9786808490753174
2020-04-17,13.126250267028809,11428800,62.33698960126525,-0.15026800973074828,-0.7732814311981198,-0.559550228118896,0.6607810068130497
2020-04-20,13.249375343322754,9662400,54.93380559274313,-0.2966072899954657,-0.747937726974488,-0.7083378028869625,0.5198840618133538
2020-04-21,12.503125190734863,11518400,48.268697621868505,0.36160714285714235,0.11759366989135778,-0.0017376518249516693,1.244043593406678
2020-04-22,13.210624694824219,9272000,62.61187764905311,-0.262945992606026,-0.5123745918273919,-0.7355371665954582,0.5188472127914423
2020-04-23,13.076874732971191,6240000,60.14754875804054,-0.11205318995884461,-0.3133121490478512,-0.6296247100830072,0.6334346771240238
2020-04-24,13.55062484741211,10068800,63.58622583050453,-0.47312477656773133,-0.736312294006348,-1.1254373359680176,0.14294080734253
2020-04-27,13.619375228881836,10158400,57.392801123194246,-0.42848232814243836,-0.7218751430511468,-1.2188252067565912,0.05731855392455998
2020-04-28,13.626874923706055,10420800,56.50710122470186,-0.36446421486990843,-0.6909373283386238,-1.233124904632568,0.0322469806671144
2020-04-29,13.8774995803833,17291200,55.57050934067726,-0.5253568376813611,-0.8806557655334473,-1.4884370613098152,-0.23575268268585248
2020-04-30,13.706250190734863,11910400,57.23086605231983,-0.1822324480329236,-0.626500129699707,-1.3243376731872551,-0.08206892013549805
2020-05-01,12.977499961853027,12187200,54.04304772877872,0.5132142475673138,0.1445625782012936,-0.6213874435424813,0.6248719358444212
2020-05-04,13.1875,9796800,52.7582623088887,0.319017818995885,-0.014312458038329368,-0.8469624900817863,0.39471877574920633
2020-05-05,13.77750015258789,20096000,61.09821192232418,-0.23857157570975218,-0.5641876220703121,-1.4286001396179202,-0.2147501230239861
2020-05-06,13.000624656677246,39841600,51.654448094147924,0.4499109813145221,0.2091566085815426,-0.6491996574401853,0.5373285007476802
2020-05-07,13.151874542236328,17667200,50.249293703406465,0.23080389840262328,0.044906711578368785,-0.7913370513916007,0.3654786109924313
2020-05-08,13.625624656677246,17355200,53.42667877086141,-0.2789283479963025,-0.40353093147277797,-1.2340496635437006,-0.12739025592803976
2020-05-11,14.036250114440918,12926400,64.87207373360563,-0.642410959516253,-0.7438438892364498,-1.6053501129150387,-0.5514000892639164
2020-05-12,13.818750381469727,14924800,56.51883314332261,-0.30473259517124696,-0.48325037956237793,-1.3572128677368163,-0.350112857818603
2020-05-13,13.357500076293945,16662400,52.8108206522248,0.18080343518938413,0.00778117179870641,-0.8685000610351565,0.09285306930541992
2020-05-14,12.849374771118164,12595200,43.02412375820762,0.5563394001552044,0.5170939445495613,-0.3554247665405281,0.5795127487182619
2020-05-15,13.153124809265137,13160000,45.56901519915183,0.27437509809221616,0.214687633514405,-0.6418123054504399,0.256075205802917
2020-05-18,13.476249694824219,8745600,48.649555437980034,-0.0024104799543103184,-0.09709353446960378,-0.9338871955871575,-0.08473718166351318
2020-05-19,13.734999656677246,7857600,48.72426232408255,-0.24553544180733766,-0.2942497730255127,-1.1500496673583989,-0.35109964370727553
2020-05-20,14.043749809265137,11620800,52.94888173908812,-0.5532142094203412,-0.5613436698913574,-1.4278748321533197,-0.6618029212951662
2020-05-21,13.942500114440918,8904000,59.47006792330776,-0.4342859813145221,-0.41681270599365305,-1.275525131225585,-0.5645344781875608
2020-05-22,13.760624885559082,7657600,55.65560356144968,-0.1948214939662396,-0.22443747520446777,-1.022049903869629,-0.3872936248779304
2020-05-26,13.896875381469727,6704000,51.29386460884303,-0.18142904554094663,-0.3468129634857178,-1.1013128852844236,-0.5273378705978402
2020-05-27,14.20687484741211,7441600,64.54627651340641,-0.3408927917480469,-0.6278124332427986,-1.3234748458862313,-0.8377810859680181
2020-05-28,13.932499885559082,9806400,59.14214840403729,-0.0013392312186102373,-0.35068745613098073,-0.9806998825073237,-0.5638905000686645
2020-05-29,14.5912504196167,15401600,60.839068312768475,-0.5377682277134479,-0.9651879787445061,-1.568875408172607,-1.2218160343170172
2020-06-01,14.664999961853027,8654400,57.635091691696516,-0.522767748151507,-0.9545625209808346,-1.5716749572753912,-1.2908124494552613
2020-06-02,14.403124809265137,14142400,57.020565562713294,-0.19508906773158508,-0.6319061279296871,-1.2273373031616206,-1.0246372985839844
2020-06-03,14.454375267028809,9864000,64.61769027791934,-0.14723232814243836,-0.6493128299713131,-1.1918502616882325,-1.072734627723694
2020-06-04,14.291250228881836,7201600,71.16125774276334,0.07223197392054992,-0.4216565132141117,-0.976100215911865,-0.9079877138137817
2020-06-05,14.698124885559082,8814400,72.00854666021102,-0.26446410587855773,-0.7512186527252194,-1.3244248771667486,-1.3098686218261726
2020-06-08,14.4868745803833,6904000,64.87032838243675,0.02598258427211242,-0.49690585136413645,-1.0741495895385746,-1.096977691650391
2020-06-09,14.462499618530273,6859200,61.49742888552685,0.031964574541364144,-0.45121841430664134,-0.9996371269226074,-1.0713152313232417
2020-06-10,14.548125267028809,5555200,58.575987442718755,-0.07035745893205991,-0.5003753185272224,-1.0514627647399895,-1.154012751579284
2020-06-11,13.675000190734863,14094400,46.3973089055805,0.698749814714704,0.3886247634887692,-0.15802518844604485,-0.28226267337799094
2020-06-12,13.923749923706055,9857600,52.15809483964398,0.3741964612688342,0.19359378814697337,-0.36926242828369205,-0.5313249063491821
2020-06-15,14.115625381469727,6924800,52.85202012289589,0.1572317395891467,0.049843358993530984,-0.5214503860473627,-0.7221472358703611
2020-06-16,14.34749984741211,8307200,51.87156829645349,-0.12473201751708984,-0.13846859931945765,-0.709674854278564,-0.9533498287200928
2020-06-17,14.1587495803833,9164800,53.081370308391605,0.01714324951171875,0.07146916389465297,-0.4972496032714844,-0.7646245622634886
2020-06-18,13.715624809265137,18339200,37.330432627585694,0.3535716193062921,0.49818768501281774,-0.04123733520507855,-0.323012290000916
2020-06-19,13.625624656677246,19073600,35.03150368930204,0.3117859704153876,0.5723440647125244,0.053037815093993856,-0.2355808877944945
2020-06-22,13.554374694824219,8632000,37.06666868179505,0.36580371856689453,0.6332815170288093,0.1329877662658685,-0.1701153039932244
2020-06-23,13.476249694824219,13355200,35.21631701376346,0.38000011444091797,0.6903752326965336,0.22803775787353509,-0.09826530456543026
2020-06-24,13.078125,15251200,32.88057609260892,0.6299104690551758,1.0320624351501468,0.6285874557495124,0.2930218887329108
2020-06-25,13.248749732971191,8393600,28.08542729509071,0.3023214340209961,0.8272501945495598,0.46770021438598697,0.11428465366363483
2020-06-26,13.164375305175781,16289600,29.205981998343958,0.2446423939296185,0.8402808666229244,0.5588496398925784,0.18735283374786427
2020-06-29,12.931875228881836,12249600,27.411922067291798,0.36517824445452085,0.9861247062683098,0.7874622154235844,0.406406035423279
2020-06-30,13.126874923706055,12758400,29.681902103210646,0.09892858777727476,0.727312517166137,0.5900125122070321,0.20086571693420474
2020-07-01,13.09000015258789,10508800,39.00891625613998,0.06946413857596312,0.6959685325622562,0.6386247825622551,0.22688111305236802
2020-07-02,13.156874656677246,7782400,34.53489503660073,-0.04303537096295962,0.5723752498626702,0.5706752777099613,0.14940035820007402
2020-07-06,13.403124809265137,7281600,35.939788326451065,-0.2428569793701172,0.26137509346008336,0.33095012664794865,-0.10689667224884047
2020-07-07,13.173749923706055,6662400,26.81479885133257,-0.024196352277483513,0.4250937461853024,0.5527875137329108,0.11205633640289392
2020-07-08,13.381250381469727,6195200,34.75490740564135,-0.20071465628487672,0.16353082656860352,0.3405245590209969,-0.10355661869049015
2020-07-09,13.6743745803833,7353600,49.14061941205923,-0.387767519269671,-0.17328090667724538,0.04835035324096637,-0.4035433197021483
2020-07-10,13.506875038146973,6139200,47.60343577212489,-0.16598224639892578,-0.01418762207031321,0.2084374046325692,-0.24289690017700138
2020-07-13,13.206250190734863,7020800,43.56961640890641,0.1512497493198932,0.250562238693238,0.499062252044677,0.04827169895172112
2020-07-14,13.483124732971191,6913600,50.11830580960461,-0.07901763916015625,-0.05793733596801687,0.23230020523071282,-0.23744034290313643
2020-07-15,13.446249961853027,7172800,57.234103720173444,-0.03598213195800781,-0.06612505912780797,0.2743499755859382,-0.20920307159423857
2020-07-16,13.444999694824219,6726400,54.13158312134968,0.0040181023733953936,-0.10056228637695241,0.26895023345947244,-0.21539030551910443
2020-07-17,13.723125457763672,6033600,60.8759218393126,-0.22526836395263672,-0.3783130168914788,0.005274486541747336,-0.4968848180770866
2020-07-20,14.09000015258789,7331200,71.42197902223728,-0.5327679770333429,-0.7219689369201667,-0.34283769607544023,-0.8646626377105715
2020-07-21,14.2993745803833,11635200,71.57314801914579,-0.6289281845092773,-0.8940933704376217,-0.5387371253967288,-1.0726464414596553
2020-07-22,14.614375114440918,10328000,75.4433662439007,-0.7427680151803155,-1.152187633514405,-0.8421751594543458,-1.3860032272338874
2020-07-23,14.956250190734863,13675200,77.50813675937411,-0.8741965975080213,-1.4001564502716057,-1.1613002395629888,-1.7252658033370967
2020-07-24,14.80062484741211,8102400,71.97327552106466,-0.5250891276768268,-1.1669373512268066,-0.9768124008178702,-1.5672310876846307
2020-07-27,15.364375114440918,12720000,81.16664210823673,-0.8146429061889648,-1.6206876277923588,-1.4902626609802248,-2.126043853759766
2020-07-28,15.052499771118164,5564800,73.09153113399432,-0.3128569466727118,-1.2027810573577877,-1.140399818420411,-1.810068511962891
2020-07-29,15.432499885559082,7222400,73.72238221343771,-0.5010713849748889,-1.467499923706054,-1.4812749290466307,-2.186793627738952
2020-07-30,15.586874961853027,7518400,78.16519054885136,-0.4715178353445868,-1.4970312595367439,-1.5986124992370598,-2.3365999555587766
2020-07-31,16.235624313354492,14628800,87.48644941836054,-0.8886601584298273,-1.991843128204346,-2.203524360656738,-2.9794743108749397
2020-08-03,16.281875610351562,12190400,86.72899170654283,-0.7455363954816541,-1.894156885147094,-2.2029881477355957,-3.0190287303924563
2020-08-04,16.499374389648438,18192000,88.25369968753547,-0.7203566687447687,-1.9453744411468499,-2.3657119369506834,-3.2295025110244744
2020-08-05,14.695625305175781,40004800,60.794049648598445,0.9878567286900104,-0.07590661048889125,-0.545987854003906,-1.4270971727371222
2020-08-06,14.773750305175781,13976000,59.3921105112249,0.8699103764125287,-0.09906282424926793,-0.6127753448486324,-1.5075534200668343
2020-08-07,14.425000190734863,17280000,53.004484749849084,1.0747319630214154,0.29559354782104563,-0.25417522430419837,-1.162147054672241
2020-08-10,13.904375076293945,20115200,46.64472736622597,1.3549999509538928,0.8511249065399173,0.25271238327026424,-0.6490656900405884
2020-08-11,13.748749732971191,17776000,42.44242859026981,1.1553574970790326,1.0200314998626716,0.3900127220153813,-0.499484100341796
2020-08-12,13.515000343322754,12633600,37.17463897431058,0.9938389914376398,1.2572184085845954,0.6059996223449708,-0.2745222091674808
2020-08-13,13.51937484741211,20422400,38.283033506550055,0.5637502670288086,1.256562662124633,0.5829251098632806,-0.28908108711242697
2020-08-14,13.291874885559082,17588800,29.805107476920384,0.5907144546508789,1.4625000953674316,0.790437564849853,-0.07198425292968835
2020-08-17,13.438124656677246,9672000,33.74448537143404,0.2536610194614948,1.2836565494537346,0.618987789154053,-0.2280027770996096
2020-08-18,13.7162504196167,12691200,32.356720869174765,-0.12571471078055296,0.9763745784759514,0.32544954299926765,-0.5139754152297975
2020-08-19,13.790624618530273,11211200,31.225490284030116,-0.21633897508893618,0.860812854766845,0.23763784408569322,-0.5773027420043952
2020-08-20,13.836250305175781,9331200,21.303637884144493,-0.2494645799909314,0.7591871738433831,0.1777746582031252,-0.6135190534591679
2020-08-21,13.910625457763672,8414400,21.829505718310017,-0.2673218590872626,0.6403120517730709,0.10811201095581069,-0.67733482837677
2020-08-24,13.676875114440918,9412800,16.59763718973697,-0.011071477617536019,0.7896873950958252,0.336924858093262,-0.4347094821929929
2020-08-25,13.714374542236328,6312000,30.045737584487696,0.011786188398088981,0.6852817058563225,0.291400413513184,-0.464399538040162
2020-08-26,13.878125190734863,5945600,32.399902397739694,-0.08910724094935851,0.44381232261657644,0.11826227188110394,-0.6189501857757573
2020-08-27,13.886249542236328,11371200,37.776500682231564,-0.07294600350516234,0.35065670013427663,0.10468791961669943,-0.6173839139938355
2020-08-28,13.8774995803833,8779200,49.205747948630794,-0.05178533281598696,0.24150042533874583,0.11667537689208984,-0.5998620796203618
2020-08-31,13.965624809265137,8723200,56.67564933539993,-0.1214284896850586,0.0375626564025886,0.035350151062012,-0.6777373075485222
2020-09-01,14.006250381469727,8448000,67.16156652396262,-0.14839335850306945,-0.1277191162109368,0.003762092590331889,-0.7078816270828252
2020-09-02,14.282500267028809,7753600,72.40366949873366,-0.33812536512102476,-0.4246252536773678,-0.25636278152465763,-0.9729127597808844
2020-09-03,13.551250457763672,15720000,55.87653306264225,0.36982100350516234,0.24549956321716238,0.48434953689575266,-0.23422544956207325
2020-09-04,13.193750381469727,13048000,44.94703203082203,0.6295532499040881,0.5414371490478516,0.8407496261596688,0.12861837863922077
2020-09-08,12.94937515258789,14124800,33.918740068290575,0.7400892802647174,0.7380623817443848,1.080824851989746,0.37710298538208065
2020-09-09,13.23812484741211,11888000,39.36989814267072,0.36000033787318664,0.4237814426422126,0.7982001495361324,0.0945439147949223
2020-09-10,12.883125305175781,11700800,33.61272254450891,0.5603570938110352,0.747187232971191,1.148324699401856,0.45318095684051585
2020-09-11,12.73812484741211,11376000,30.318916991041306,0.5241967609950482,0.8531251907348629,1.2862876510620112,0.6000251626968378
2020-09-14,12.845624923706055,7625600,35.429444314613235,0.21142877851213804,0.7233126163482666,1.172562580108643,0.49541883468628
2020-09-15,12.898750305175781,9427200,35.78123379024342,0.06508908952985415,0.6432185173034668,1.1093497085571293,0.4456622028350825
2020-09-16,12.86312484741211,8683200,31.47810082423196,0.05348232814243836,0.6361876964569095,1.1387626647949212,0.484625158309937
2020-09-17,12.6537504196167,13600000,29.048044421027043,0.22062465122767883,0.7887184143066399,1.3335870933532714,0.6969152116775508
2020-09-18,12.561249732971191,26563200,28.243815149321676,0.216428892953056,0.8174690723419182,1.403825283050537,0.7922252702713006
2020-09-21,12.193750381469727,14358400,23.188967958280912,0.48544611249651304,1.0991246700286865,1.7450621414184564,1.1601621246337892
2020-09-22,12.495624542236328,11086400,28.816811043460675,0.1489290509905139,0.7381879806518548,1.4289754676818855,0.8608754634857174
2020-09-23,12.404999732971191,11712000,22.226316564649835,0.17660740443638367,0.7633440494537354,1.4980377769470223,0.9540846443176267
2020-09-24,12.4037504196167,7001600,28.349044975663304,0.10714244842529297,0.69087462425232,1.4784370994567873,0.9578777074813836
2020-09-25,12.539999961853027,6897600,36.54141178068949,-0.07526779174804688,0.4873126029968269,1.3240875625610347,0.8242844152450566
2020-09-28,12.815625190734863,12659200,47.28150277476793,-0.3277680533272882,0.15859365463256836,1.0303123283386224,0.5529779386520381
2020-09-29,13.1537504196167,10822400,48.31881499002952,-0.5812503269740521,-0.2201252937316891,0.6734621047973626,0.22040271282195967
2020-09-30,12.933124542236328,14268800,51.052615517064154,-0.25499956948416624,-0.05315570831298899,0.8667629814147944,0.4454067134857169
2020-10-01,12.940625190734863,10681600,54.52514695107683,-0.19892869676862368,-0.12775011062622,0.825787334442138,0.44053419113159187
2020-10-02,12.743749618530273,7891200,47.81089927234902,0.04633971623012023,0.02875041961669922,0.9784128952026361,0.6389410114288339
2020-10-05,12.875,7665600,49.506230802600975,-0.017589296613421013,-0.11843748092651296,0.808650016784668,0.5095593786239618
2020-10-06,12.925000190734863,8196800,51.27874621733069,-0.012589454650878906,-0.16965641975402868,0.7098623275756832,0.4605123138427736
2020-10-07,13.249375343322754,6260800,61.750917972851035,-0.275000299726214,-0.49346904754638743,0.3494246864318846,0.13796216487884472
2020-10-08,13.905625343322754,18484800,71.69659732440236,-0.823839596339635,-1.0985940456390377,-0.33736280441284094,-0.512781581878663
2020-10-09,14.225625038146973,8611200,83.30258755357065,-0.959196363176618,-1.3442187309265137,-0.6845874977111812,-0.8256031513214115
2020-10-12,14.265625,15313600,81.73463811521576,-0.8099106379917682,-1.3132186889648434,-0.7639874458312992,-0.858528113365173
2020-10-13,14.114999771118164,7492800,80.01314303715301,-0.46339253016880555,-1.1017809867858883,-0.6566997337341309,-0.7012122583389289
2020-10-14,14.251874923706055,9704000,80.96331279337191,-0.40357126508440366,-1.1692186355590817,-0.8385248756408696,-0.8303061628341677
2020-10-15,14.139374732971191,7444800,77.01073042386977,-0.11758899688720703,-0.9824372291564938,-0.7371496963500981,-0.7106715965270993
2020-10-16,14.090624809265137,6782400,73.3195816012849,0.05133942195347352,-0.8572185516357429,-0.702062282562256,-0.655443549156189
2020-10-19,13.851875305175781,7201600,63.25028191627042,0.28241034916469054,-0.5355628013610847,-0.4747752761840829,-0.4102002954483037
2020-10-20,13.873749732971191,7673600,69.30972117971494,0.2102680206298828,-0.4885309696197506,-0.4972622108459479,-0.42609972476959257
2020-10-21,13.39437484741211,14161600,57.80308882208522,0.5651785986764093,0.04031267166137731,-0.024974822998046875,0.05623140811920102
2020-10-22,13.373125076293945,8523200,61.51911381013189,0.48044627053397093,0.11003117561340403,-0.006562557220458842,0.07966555595398006
2020-10-23,13.381875038146973,8294400,59.71257913101256,0.34741061074393187,0.14337496757507395,-0.01806251525878899,0.07319996833801312
2020-10-26,13.054374694824219,10657600,52.240736782677324,0.5199109486171185,0.4828127861022953,0.30468782424926744,0.401140933036805
2020-10-27,13.159375190734863,7692800,48.31302402937925,0.2818747929164349,0.3780935287475593,0.19411233901977454,0.295952939987183
2020-10-28,12.773750305175781,12371200,26.38852029499006,0.5134818213326593,0.7557497024536133,0.5608872222900398,0.6788684511184684
2020-10-29,12.697500228881836,9748800,14.513789384399715,0.42169625418526735,0.8198435306549072,0.615274810791016,0.7519216537475586
2020-10-30,13.056249618530273,26580800,25.537279297269848,0.014643260410853287,0.4767191410064697,0.2409254074096676,0.38993788719177225
2020-11-02,13.507499694824219,27214400,39.044178955797655,-0.41741044180733766,0.05709404945373464,-0.2183871841430669,-0.0631090641021732
2020-11-03,15.593125343322754,61275200,64.20440072888297,-2.1871431895664752,-1.8951253414154046,-2.2656878280639656,-2.1399065876007075
2020-11-04,15.90250015258789,17848000,67.92477526295673,-2.089642933436803,-2.071843910217286,-2.531300125122071,-2.4393688964843747
2020-11-05,16.0625,15670400,69.6035842896072,-1.8349106652396063,-2.1240000247955315,-2.6476124763488773,-2.5909499931335453
2020-11-06,16.4375,14107200,75.02722212478423,-1.6865178516932904,-2.388406276702881,-2.9715874671936042,-2.9581531190872195
2020-11-09,16.354999542236328,14550400,73.7383353396759,-1.081517492021833,-2.2014370918273922,-2.8395370101928705,-2.8673057889938356
2020-11-10,16.087499618530273,11833600,76.85403866218685,-0.3809818540300647,-1.8353121757507331,-2.5295995903015136,-2.5933433675765993
2020-11-11,16.575624465942383,8886400,79.21321727607861,-0.43080316271100827,-2.2072495460510257,-2.96633695602417,-3.07204321861267
2020-11-12,16.693124771118164,7870400,79.6176125015589,-0.3911606924874427,-2.1970623493194577,-3.0356247711181634,-3.178496651649475
2020-11-13,17.116249084472656,9660800,85.72056137314004,-0.6408923012869714,-2.468905448913574,-3.3874491119384764,-3.585833468437194
2020-11-16,17.078750610351562,10344000,84.88153767363902,-0.45821516854422484,-2.270063209533692,-3.2722506332397465,-3.533338117599488
2020-11-17,17.361249923706055,10531200,91.59113066917706,-0.6087502070835669,-2.37818751335144,-3.466512451171875,-3.8013186836242667
2020-11-18,17.001874923706055,9441600,87.11869458262579,-0.15696443830217532,-1.8384375095367425,-3.0318624496459954,-3.4287811851501466
2020-11-19,17.05437469482422,6268800,86.40037953366121,-0.07133919852120485,-1.7068747997283928,-3.000937232971191,-3.468671584129334
2020-11-20,16.78125,8280000,80.8045344936384,0.2311605725969592,-1.2637813568115241,-2.646950035095214,-3.1840687656402586
2020-11-23,16.778749465942383,7688000,68.34977932448585,0.24589320591517705,-1.0750620841979988,-2.565787010192871,-3.1703026103973393
2020-11-24,17.01937484741211,8424000,67.66160030692538,-0.008571352277481736,-1.1226874828338627,-2.723999900817871,-3.3981748676300043
2020-11-25,16.909374237060547,5084800,63.60714377653204,0.07723263331822139,-0.805905675888063,-2.5330743026733398,-3.2768961381912227
2020-11-27,17.03499984741211,4404800,60.43668133909569,-0.09500013078962155,-0.7146563053131096,-2.571074924468995,-3.391602997779847
2020-11-30,16.918750762939453,11948800,59.732440854861615,0.009374073573521713,-0.4052821636199937,-2.367675819396972,-3.260594534873963
2020-12-01,17.0625,7420800,67.5834332585528,-0.1332144056047717,-0.37128138542175293,-2.414050064086915,-3.389590644836426
2020-12-02,16.9737491607666,6619200,58.38820125381771,-0.016963686261856736,-0.21349935531616282,-2.235736732482911,-3.2862898111343384
2020-12-03,16.85562515258789,6064000,53.42286667946939,0.11214256286621094,-0.04771909713745259,-2.0286002159118652,-3.155225176811218
2020-12-04,16.881874084472656,6540800,44.07207294128998,0.06625066484723874,-0.032999324798584695,-1.9652866744995112,-3.166895990371705
2020-12-07,17.225624084472656,9904000,53.21650373345674,-0.23232078552246094,-0.33734312057494975,-2.2153241920471185,-3.4913147449493405
2020-12-08,17.731250762939453,18232000,57.381561753946166,-0.6384830474853516,-0.7741572380065911,-2.622638359069825,-3.972657046318055
2020-12-09,17.349374771118164,7054400,56.87097693910216,-0.19508934020996094,-0.3291874885559096,-2.1568498802185054,-3.56751543045044
2020-12-10,17.27312469482422,7536000,54.285011873751166,-0.08875002179826907,-0.2180624008178711,-1.993799800872802,-3.465268478393554
2020-12-11,17.333749771118164,9768000,61.805540272326766,-0.09794643947056514,-0.24665622711181712,-1.9665623855590812,-3.4995748043060306
2020-12-14,17.155000686645508,8208000,57.476425820927204,0.12357057843889407,-0.065969562530519,-1.6995882797241215,-3.2964850902557377
2020-12-15,17.474374771118164,9827200,58.76686019461577,-0.11116055079869014,-0.36556243896484375,-1.9269748687744137,-3.588409175872803
2020-12-16,17.856250762939453,16217600,66.51408984823041,-0.4029470171247205,-0.7226883888244622,-2.2102258491516107,-3.944013290405273
2020-12-17,17.83562469482422,9184000,64.49422590050676,-0.3674103873116614,-0.6603748321533196,-2.097874794006348,-3.8956340980529784
2020-12-18,17.982500076293945,20131200,69.04653108618069,-0.42383929661341924,-0.7608439445495598,-2.1632126808166507,-4.012215728759765
2020-12-21,17.953750610351562,8064000,66.64332496071327,-0.2978575570242761,-0.6734694480895982,-2.0599007034301753,-3.9517256355285646
2020-12-22,18.176250457763672,10481600,71.3873010811416,-0.40000016348702516,-0.826094245910646,-2.2041880416870114,-4.145831732749938
2020-12-23,17.905624389648438,5376000,67.71401541966458,-0.022142137799942674,-0.5111557006835952,-1.8577494812011714,-3.8426150417327882
2020-12-24,18.052499771118164,1628800,68.97668237582887,-0.08642823355538454,-0.600874805450438,-1.9286123657226568,-3.950131049156189
2020-12-28,18.18375015258789,7307200,66.68116719754107,-0.1708929879324792,-0.6746876716613777,-1.97897523880005,-4.045700178146362
2020-12-29,17.96875,4182400,54.60046404398073,0.06312506539481078,-0.4071875572204604,-1.6864125823974625,-3.789931273460388
2020-12-30,18.059999465942383,5334400,65.51157918577657,-0.017053059169224838,-0.44856204986572124,-1.6934995651245117,-3.8434432411193846
2020-12-31,18.160625457763672,4966400,69.16846278573124,-0.08812550136021358,-0.4898442268371568,-1.7083880424499505,-3.908578605651856
2021-01-04,17.697500228881836,13027200,56.69273432466236,0.3066068376813611,0.015374755859376421,-1.1592003059387217,-3.4125533771514895
2021-01-05,17.875625610351562,8944000,63.261999386419944,0.12419591631208249,-0.11306304931640554,-1.2472756767272948,-3.552700629234314
2021-01-06,17.86687469482422,11672000,58.155823176024185,0.10642896379743405,-0.07224960327148366,-1.1488247680664045,-3.5052028417587273
2021-01-07,18.498125076293945,14132800,62.085160326506575,-0.4799107142857153,-0.6651562690734849,-1.6712001419067377,-4.102262597084046
2021-01-08,19.13249969482422,17667200,69.83366159188283,-0.9480353764125269,-1.2103746414184577,-2.186112270355224,-4.699827842712402
2021-01-11,18.934999465942383,8337600,64.34485516230257,-0.625535147530691,-0.9297806739807122,-1.865387058258058,-4.470330743789672
2021-01-12,19.767499923706055,14856000,71.99148024893213,-1.2284821101597387,-1.6405936241149917,-2.556487522125245,-5.263771824836731
2021-01-13,19.35187530517578,7124800,63.61660557560505,-0.5765181950160425,-1.1151252746582045,-2.0149503898620615,-4.815678453445434
2021-01-14,19.568750381469727,9076800,69.50593416780494,-0.551518304007395,-1.2272815704345703,-2.110600452423096,-4.998006653785705
2021-01-15,19.816875457763672,11798400,70.21336942589146,-0.5210718427385608,-1.3773754119873054,-2.2742505264282222,-5.207287979125976
2021-01-19,19.872499465942383,7620800,69.68812220902353,-0.38035665239606686,-1.331155681610106,-2.250474548339845,-5.224205741882324
2021-01-20,19.653125762939453,6363200,69.61712858433808,-0.08660779680524655,-1.0282506942749023,-1.9592883300781239,-4.9673914098739615
2021-01-21,19.478750228881836,6785600,66.20965857978675,0.1654464176722925,-0.7776251792907729,-1.7240877914428694,-4.760497126579285
2021-01-22,19.450624465942383,7576000,64.98691502633613,0.14830425807408076,-0.6857807159423821,-1.6340495300292979,-4.700474491119385
2021-01-25,19.23062515258789,7947200,68.87794237217916,0.3509821210588733,-0.39953136444091797,-1.3511877059936523,-4.451381425857544
2021-01-26,19.1875,9342400,66.70911562669144,0.33964293343680296,-0.29965620040893626,-1.2558250427246094,-4.377915649414062
2021-01-27,19.10562515258789,20612800,65.48922583205501,0.3199105943952283,-0.17168760299682617,-1.1257001876831048,-4.263662676811219
2021-01-28,19.33562469482422,10208000,61.64002916031546,0.013214656284876725,-0.33334341049194194,-1.311312217712402,-4.461768469810487
2021-01-29,19.22249984741211,11091200,51.46282334267504,0.06482151576451045,-0.16209354400634624,-1.155312385559082,-4.316340498924255
2021-02-01,19.762500762939453,9641600,62.102399619729646,-0.43464360918317624,-0.6220006942749023,-1.6472882843017587,-4.821657037734985
2021-02-02,19.776874542236328,7219200,50.18023799482939,-0.4024102347237708,-0.5324057579040513,-1.6061620712280273,-4.8027776956558235
2021-02-03,19.797500610351562,6299200,60.10202510934968,-0.34205409458705205,-0.4569380760192878,-1.5719256210327153,-4.790663137435914
2021-02-04,19.998750686645508,5996800,59.81736472186659,-0.4274112156459253,-0.5515943527221694,-1.7088256835937514,-4.954435086250305
2021-02-05,20.119375228881836,8251200,57.33333456636793,-0.40321431841169186,-0.5911563873291001,-1.7626377105712905,-5.040515875816345
2021-02-08,20.005624771118164,5281600,53.138823080756026,-0.1937495640345972,-0.4337496757507324,-1.5891622543334947,-4.892121667861938
2021-02-09,19.999374389648438,5230400,59.07597392208623,-0.07651710510253906,-0.37428054809570455,-1.5211118698120103,-4.85362753868103
2021-02-10,19.909374237060547,8380800,61.81004621051784,0.03446497235979251,-0.2771866798400886,-1.373624229431151,-4.732177391052247
2021-02-11,19.878124237060547,6390400,61.70430535958416,0.08017921447753906,-0.2196242332458489,-1.2831867599487303,-4.6696711444854735
2021-02-12,20.20687484741211,7265600,75.22607240231129,-0.19008936200823,-0.5164686203002944,-1.5490498733520504,-4.966774878501893
2021-02-16,19.916250228881836,6641600,66.6953023747246,0.08874947684151735,-0.22087526321411133,-1.1995752334594734,-4.645100259780884
2021-02-17,19.513124465942383,7812800,58.137773894309916,0.4052679879324792,0.16428174972534038,-0.7432994842529297,-4.209296374320983
2021-02-18,19.303125381469727,9918400,49.34576152222276,0.514910016741073,0.35678081512451243,-0.48487537384033175,-3.968719162940978
2021-02-19,19.434375762939453,22678400,54.23433945463305,0.30294554574149046,0.22331171035766673,-0.5719507217407234,-4.071685166358948
2021-02-22,18.260000228881836,22371200,26.04623611642407,1.2416962214878637,1.3381560325622566,0.6129998016357412,-2.871012754440308
2021-02-23,17.9424991607666,22545600,23.332751043269695,1.282679421561106,1.5912508010864244,0.9423633575439467,-2.5295585632324222
2021-02-24,17.897499084472656,8483200,22.57307803286777,0.997768674577987,1.5717508316040032,0.9998509216308591,-2.463199114799499
2021-02-25,17.516250610351562,9382400,15.934829549172292,1.036160060337611,1.8735305786132805,1.384749412536621,-2.0645506381988525
2021-02-26,17.489999771118164,10300800,12.960047203067774,0.7733930860246936,1.8075001716613777,1.417700233459474,-2.019943552017212
2021-03-01,17.99625015258789,8139200,24.512466619150814,0.08044624328613281,1.2399373054504395,0.9218873596191415,-2.5030001831054687
2021-03-02,17.768749237060547,9987200,23.20974509295462,0.07000051225934811,1.367750644683838,1.147638244628908,-2.2509023952484135
2021-03-03,17.43375015258789,8340800,21.919772509354743,0.2869638715471545,1.585593509674073,1.474599838256836,-1.8945001840591438
2021-03-04,16.953750610351562,13662400,19.89450212495906,0.6257136208670495,1.923405551910399,1.9340243911743151,-1.397113137245178
2021-03-05,17.06624984741211,12665600,16.161616161616152,0.39446449279785156,1.6642812728881822,1.8037751388549808,-1.4929561233520516
2021-03-08,16.7393741607666,8012800,16.036345395447853,0.6103578295026502,1.8221569061279297,2.1019132995605467,-1.1526023149490356
2021-03-09,17.251874923706055,7324800,26.377654347259508,0.06383923121861201,1.1719686508178704,1.576337547302245,-1.6485562038421637
2021-03-10,17.005624771118164,8716800,26.17937177164825,0.16857147216796875,1.268531322479248,1.8016501998901369,-1.3860810518264763
2021-03-11,17.2237491607666,7632000,27.485666842921347,-0.12741007123674564,0.9161256790161119,1.5643257904052739,-1.5875710725784309
2021-03-12,17.475624084472656,8347200,40.16302192395149,-0.3733030046735486,0.5441257476806634,1.3025883483886709,-1.8231022500991827
2021-03-15,17.91437530517578,7700800,49.65770453807872,-0.674822126116073,-0.009250450134278054,0.8609246444702165,-2.241944093704223
2021-03-16,17.939374923706055,6838400,50.5121643404849,-0.575089590890066,-0.13309383392333984,0.8315000152587899,-2.2502030897140504
2021-03-17,18.0831241607666,9905600,57.360797330344155,-0.5268745422363281,-0.34834308624267507,0.6954632568359358,-2.37686170578003
2021-03-18,17.737499237060547,8409600,52.96761944141672,-0.11187471662248782,-0.0809994697570815,1.0383256530761713,-2.0145649099349967
2021-03-19,17.826250076293945,15070400,47.734842743511585,-0.08339336940220576,-0.2501565933227532,0.9487623214721665,-2.0864563751220704
2021-03-22,18.140625,9323200,54.84292114312512,-0.2667860303606311,-0.570500278472899,0.6272373962402327,-2.3815844249725338
2021-03-23,17.875625610351562,6459200,55.86138916466539,0.05535643441336546,-0.30884456634521484,0.8670993041992183,-2.100697531700135
2021-03-24,17.778749465942383,6280000,62.18159472020215,0.13285745893205814,-0.2179059028625474,0.9408504486083977,-1.9873620128631586
2021-03-25,18.25,9268800,65.80439632078065,-0.2940180642264245,-0.6524689674377449,0.43924991607666186,-2.439675045013427
2021-03-26,19.454374313354492,14278400,79.3672184531438,-1.3024994986397864,-1.75862455368042,-0.7630744171142574,-3.619518113136291
2021-03-29,19.23062515258789,8592000,72.82953946798008,-0.8654466356549939,-1.4731566429138176,-0.5460877609252925,-3.3679908275604244
2021-03-30,18.678749084472656,11840000,68.03178300660797,-0.19178499494280032,-0.8757805824279785,-0.01697422027588047,-2.7923397636413583
2021-03-31,18.868125915527344,7931200,67.83245914755199,-0.2772331237792969,-0.9934386253356919,-0.2264385223388672,-2.9579540920257568
2021-04-01,19.252500534057617,6313600,68.73106224351719,-0.4649113246372778,-1.2628757476806634,-0.6188256454467762,-3.3178037071228026
2021-04-05,19.47624969482422,6334400,67.24636716620851,-0.4461604527064722,-1.3661249160766609,-0.8426248168945314,-3.514965367317199
2021-04-06,19.24187469482422,6608000,63.74669611062016,-0.0700890677315833,-1.0066248893737786,-0.6124248123168954,-3.2529591178894037
2021-04-07,19.238750457763672,4363200,62.56969146756943,-0.09776823861258421,-0.9041568756103509,-0.6091380691528308,-3.2217692518234244
2021-04-08,19.453125,4280000,69.20924248934554,-0.2803570883614661,-0.9961564064025872,-0.8182001113891602,-3.406650042533876
2021-04-09,19.721874237060547,4892800,70.40225484419938,-0.40008844648088626,-1.1399993896484375,-1.0746243667602542,-3.644171156883239
2021-04-12,19.625625610351562,5129600,66.77020131961449,-0.1956255776541589,-0.9362506866455078,-0.9725757217407214,-3.5151850271224987
2021-04-13,19.6456241607666,5782400,71.15959126846413,-0.15946360996791142,-0.8696867942810051,-0.9841117858886719,-3.503199205398559
2021-04-14,19.529375076293945,3630400,70.83150627102256,-0.035625185285294236,-0.6739377021789537,-0.8725252151489258,-3.355125122070312
2021-04-15,19.677499771118164,4560000,68.40157181009442,-0.1215177263532361,-0.742343616485595,-1.022637405395507,-3.4695216941833493
2021-04-16,19.7918758392334,3380800,56.05113445947148,-0.15687588282994014,-0.7540008544921868,-1.1371259689331055,-3.5505727577209463
2021-04-19,19.67562484741211,4059200,58.2983696912529,-0.00883919852120485,-0.5452811241149895,-1.0273374938964857,-3.4013936424255355
2021-04-20,19.345624923706055,5316800,63.5578504737405,0.2674108232770642,-0.1550312042236328,-0.7128125762939455,-3.040449967384337
2021-04-21,19.7762508392334,3283200,66.81326333795465,-0.14169720241001826,-0.49062585830688477,-1.1480259704589848,-3.439210252761839
2021-04-22,19.5518741607666,6931200,55.89173719874656,0.06928661891392451,-0.17759294509887624,-0.9325992965698227,-3.182942953109741
2021-04-23,19.915000915527344,4140800,58.185656170556804,-0.2387507302420495,-0.45746965408325124,-1.295613517761229,-3.513400955200197
2021-04-26,20.066875457763672,5400000,65.88067009438714,-0.3350001743861597,-0.5787191390991211,-1.443713035583496,-3.6333129930496213
2021-04-27,19.938749313354492,4811200,62.85580173395219,-0.18589210510253906,-0.4151867866516099,-1.3209494018554686,-3.473027477264406
2021-04-28,20.047500610351562,4212800,61.356576321539826,-0.24151829310826045,-0.4555005073547349,-1.4270756912231448,-3.5475725221633923
2021-04-29,20.156875610351562,6614400,58.85047033622054,-0.23500033787318486,-0.5004380226135261,-1.52357566833496,-3.6235787677764897
2021-04-30,19.6981258392334,8614400,51.28546258188226,0.2125887189592639,-0.019406986236571555,-1.0569258880615244,-3.133569617271423
2021-05-03,19.669374465942383,5942400,50.419800901364994,0.258125850132533,0.019000625610352984,-1.023474540710449,-3.073696370124818
2021-05-04,19.096250534057617,9344000,43.40881147184112,0.7142854418073377,0.5848433494567864,-0.43362560272216655,-2.4737068128585804
2021-05-05,19.796249389648438,12262400,51.54722337781237,-0.024374280657088576,-0.08728055953979563,-1.0965494537353528,-3.1451744222640983
2021-05-06,20.453750610351562,11180800,57.55455731734875,-0.6083038875034887,-0.6947504997253411,-1.7029256439208993,-3.7719037628173844
2021-05-07,20.532499313354492,7524800,59.86471097924465,-0.6177670615059974,-0.7329679489135756,-1.72134937286377,-3.8210618448257456
2021-05-10,20.387500762939453,7502400,62.52818160259112,-0.4398220607212622,-0.5498756408691392,-1.5184008026123053,-3.648907041549684
2021-05-11,20.421249389648438,9836800,58.57425459398908,-0.37026732308524046,-0.5448430061340339,-1.503649444580077,-3.654552545547485
2021-05-12,19.735624313354492,6017600,52.17584557996501,0.3248220171247205,0.15109453201294087,-0.7786868667602533,-2.9470712232589733
2021-05-13,19.86750030517578,6643200,49.40494054184244,0.3031245640345972,0.02871856689453267,-0.8618878555297869,-3.054872212409972
2021-05-14,20.39875030517578,5990400,53.79665244869442,-0.1420538766043542,-0.4721877098083489,-1.3242378616333,-3.56129096031189
2021-05-17,20.361875534057617,3401600,54.94378737257223,-0.11830411638532468,-0.40100040435790874,-1.2214505767822281,-3.500541186332704
2021-05-18,20.354999542236328,4273600,53.68041997760947,-0.1367852347237708,-0.34365568161010884,-1.1422620773315444,-3.4730683183670052
2021-05-19,20.223125457763672,4979200,50.788689232736665,-0.0283933367047986,-0.1894378662109375,-0.9509629821777352,-3.3214879846572885
2021-05-20,20.995624542236328,8560000,64.3727474674657,-0.7188388279506128,-0.889749431610106,-1.6436620712280288,-4.0715058183670045
2021-05-21,20.75812530517578,7056000,61.52728632721137,-0.3352680206298828,-0.6100939750671373,-1.3354753112792963,-3.803694081306457
2021-05-24,21.028749465942383,4192000,71.86087556907674,-0.43999944414411374,-0.8326244354248047,-1.5350369644165056,-4.0430432462692245
2021-05-25,21.143749237060547,4569600,67.5684681808099,-0.4485707964215955,-0.8873742103576667,-1.5854492568969718,-4.124449272155761
2021-05-26,21.153749465942383,4206400,60.9803939168185,-0.34544617789132204,-0.8420619964599609,-1.531161994934081,-4.098202629089357
2021-05-27,21.06999969482422,6499200,58.41818582651198,-0.15955352783203125,-0.7126560211181641,-1.3876747131347642,-3.9778466081619257
2021-05-28,21.21125030517578,4526400,62.916506661594354,-0.15964344569615108,-0.7782504081726067,-1.4594503021240222,-4.0806159687042225
2021-06-01,20.92937469482422,4801600,57.39225888944632,0.1127679007393958,-0.4333747863769517,-1.1155121994018558,-3.761690359115601
2021-06-02,20.8856258392334,7907200,70.57249157899909,0.17473111833844968,-0.30015716552734517,-1.0168633270263676,-3.679972748756409
2021-06-03,21.49187469482422,10200000,74.84230718071142,-0.3653569902692517,-0.821624755859375,-1.5507872009277328,-4.245952854156496
2021-06-04,21.895000457763672,7761600,73.81618271219332,-0.6611611502511145,-1.1526880264282227,-1.871587944030761,-4.608184866905212
2021-06-07,22.031875610351562,5441600,75.76168963725479,-0.672589710780553,-1.2145943641662598,-1.9328255844116207,-4.703853764533996
2021-06-08,22.170000076293945,6185600,76.90886396528819,-0.6535712650844019,-1.2635938644409173,-2.0166375350952137,-4.80030948162079
2021-06-09,22.483125686645508,7697600,81.79742559388832,-0.7850003923688611,-1.473625659942627,-2.264713134765625,-5.070572590827943
2021-06-10,23.072500228881836,10019200,80.808487208695,-1.0682141440255286,-1.8961564064025893,-2.766212654113769,-5.612969007492065
2021-06-11,22.749374389648438,8355200,78.8065030600363,-0.47883851187569704,-1.4289368629455552,-2.365461845397949,-5.244668169021608
2021-06-14,22.806249618530273,5832000,77.40940609551507,-0.34794589451380986,-1.3654371261596694,-2.351262092590332,-5.256902775764466
2021-06-15,22.608749389648438,4707200,72.03007242760395,-0.04848153250557985,-1.0555932044982903,-2.0911118698120106,-5.01579004764557
2021-06-16,22.991249084472656,6705600,74.84786348594702,-0.29392787388392705,-1.306280422210694,-2.3986240768432623,-5.35272099494934
2021-06-17,23.127500534057617,11195200,77.4333305697985,-0.29339354378836546,-1.2973131179809556,-2.4571005249023443,-5.4431630659103405
2021-06-18,22.681875228881836,18536000,68.13626443727387,0.18062455313546266,-0.7673752784729011,-1.9469002151489256,-4.954159636497497
2021-06-21,23.09375,6832000,75.86258294899577,-0.22821453639439326,-1.0624688148498542,-2.291337471008301,-5.321978158950806
2021-06-22,22.771875381469727,9112000,71.13444142593121,0.09687450953892451,-0.6534379005432136,-1.906537857055664,-4.954000415802003
2021-06-23,22.788124084472656,8760000,66.73659044498712,0.07803644452776126,-0.5874678611755364,-1.8599365615844725,-4.922277250289916
2021-06-24,22.71875,5134400,61.638991356765715,0.1631249019077856,-0.4398437500000014,-1.726774978637696,-4.804056291580199
2021-06-25,22.638750076293945,9678400,58.71476659883155,0.1927678244454505,-0.28140630722045756,-1.587550048828124,-4.6770532417297375
2021-06-28,22.676250457763672,7280000,57.48614158011089,0.09080314636230469,-0.2456566810607903,-1.5673629379272462,-4.665587997436525
2021-06-29,22.735000610351562,5649600,54.027582328229585,0.039642333984375,-0.21412553787231303,-1.5649255752563462,-4.6743537712097165
2021-06-30,22.64437484741211,6016000,41.85493089096048,0.06607164655412845,-0.03556232452392649,-1.4083248138427749,-4.534734258651735
2021-07-01,22.711875915527344,5232000,49.20972703022975,-0.010000773838587662,-0.04206333160400533,-1.4171133804321272,-4.553169698715209
2021-07-02,22.849374771118164,4657600,50.8789840017914,-0.1387495313371936,-0.1318434715270982,-1.4886622238159184,-4.640737304687502
2021-07-06,23.433124542236328,8904000,64.51684412051188,-0.6204457964215955,-0.6455307960510268,-2.0020495223999006,-5.170590205192568
2021-07-07,23.409374237060547,9817600,58.427818127855495,-0.486606325422013,-0.5598117828369134,-1.9114492416381843,-5.092599277496337
2021-07-08,23.135000228881836,9208000,50.14319238909873,-0.1466966356549939,-0.252844047546386,-1.5731502151489245,-4.763519020080565
2021-07-09,23.626874923706055,8267200,67.7298447065829,-0.5111607142857153,-0.7170000076293945,-1.9934374237060553,-5.199737462997437
2021-07-12,23.181249618530273,4006400,51.62111524247643,0.011160986764089387,-0.2497809410095222,-1.487324638366701,-4.700230908393859
2021-07-13,23.123750686645508,5816000,57.227229705589224,0.1274991716657361,-0.17640695571899556,-1.3613132095336908,-4.589131975173949
2021-07-14,23.078125,4460800,55.885358523636036,0.20580346243722047,-0.10731248855590891,-1.247512512207031,-4.490815663337706
2021-07-15,23.003124237060547,3998400,55.758019069040316,0.2193756103515625,-0.031717967987059836,-1.094374275207521,-4.364877405166627
2021-07-16,22.715625762939453,5048000,51.43592268497769,0.4077671595982153,0.2351867675781243,-0.7484882736206053,-4.029569554328919
2021-07-19,22.63249969482422,7481600,49.196496503369126,0.41910743713378906,0.3158440589904785,-0.6217872238159181,-3.897946610450745
2021-07-20,22.73062515258789,10112000,49.920788277493784,0.19294629778180905,0.19956235885620188,-0.6759501647949229,-3.9471220684051502
2021-07-21,22.9481258392334,6900800,55.25748132927752,-0.057857785906112014,-0.009125804901124468,-0.8422383499145525,-4.113600873947142
2021-07-22,23.33562469482422,9025600,59.71950439515237,-0.41508892604283076,-0.36924962997436594,-1.1714496994018546,-4.448796606063844
2021-07-23,23.811250686645508,6358400,63.559484271751096,-0.7859826769147595,-0.7902505874633796,-1.565563163757325,-4.86999134540558
2021-07-26,23.58562469482422,3436800,52.39122060695384,-0.477142333984375,-0.5172808647155769,-1.2655746841430648,-4.5926841068267805
2021-07-27,23.41437530517578,4588800,50.07495043323751,-0.20607158115931767,-0.3091252326965339,-1.034012794494629,-4.3738909673690785
2021-07-28,23.565624237060547,3587200,56.70101501659442,-0.22401700701032468,-0.4188429832458489,-1.1211867523193355,-4.478439903259279
2021-07-29,23.813125610351562,3766400,53.13685165446928,-0.3168754577636719,-0.6079068183898926,-1.2995256042480463,-4.6782037734985344
2021-07-30,23.774375915527344,5752000,61.57601359777421,-0.1600900377546033,-0.5160321235656724,-1.1897509002685531,-4.5911571979522705
2021-08-02,23.573749542236328,10294400,58.31789711049421,0.07455417088099736,-0.2791870117187507,-0.9375620269775382,-4.343921451568605
2021-08-03,23.6981258392334,11856000,61.136055153550316,-0.06598281860351562,-0.3903132438659682,-1.0031383132934586,-4.420503993034362
2021-08-04,23.88249969482422,7564800,65.19766196915677,-0.20794595990862064,-0.5510308265686028,-1.1304371643066418,-4.555918474197387
2021-08-05,23.787500381469727,5217600,69.84491213052834,-0.059643064226424514,-0.4234065055847154,-0.9825628280639656,-4.411241035461426
2021-08-06,23.600000381469727,5038400,67.24598794121427,0.13276781354631595,-0.23725023269653178,-0.7461378097534173,-4.175109782218932
2021-08-09,23.46875,5401600,63.00373119282579,0.2148216792515356,-0.09162483215332173,-0.5669124221801773,-3.993487524986268
2021-08-10,23.231250762939453,3945600,54.9529823868304,0.37473160879952516,0.15124940872192383,-0.2890131759643566,-3.706697659492491
2021-08-11,23.068750381469727,5603200,44.93236953981733,0.4650892530168811,0.3132810592651367,-0.08372528076171903,-3.4957629013061506
2021-08-12,22.936874389648438,5649600,30.90362103253122,0.4882150377546033,0.44184455871582173,0.08917568206787152,-3.3144744110107425
2021-08-13,22.754375457763672,5323200,31.496957582777014,0.5095533643450061,0.6262809753417962,0.29692462921142493,-3.084000477790834
2021-08-16,22.844375610351562,3368000,36.83604032829289,0.2848211015973767,0.5468746185302749,0.22591197967529197,-3.123647503852844
2021-08-17,22.78937530517578,3396800,31.23871726739823,0.2240178244454505,0.6048124313354499,0.2960622787475593,-3.0181878232955945
2021-08-18,22.629375457763672,3241600,20.126190618303212,0.2641070229666589,0.7488747596740737,0.4652496337890639,-2.810322346687318
2021-08-19,22.927499771118164,5374400,31.101790789907156,-0.07741028921944704,0.43034420013427876,0.17601280212402415,-3.061346659660341
2021-08-20,23.116249084472656,4643200,39.7363813279521,-0.2593740735735217,0.20684480667114258,-0.011861534118651207,-3.2124803543090827
2021-08-23,23.140625,6612800,36.90542856810058,-0.25464275905064326,0.16021890640258718,-0.028412437438966265,-3.200665645599365
2021-08-24,23.528125762939453,6459200,42.40152334337226,-0.5316077641078394,-0.22159433364868164,-0.40147567749023594,-3.550838279724122
2021-08-25,23.38249969482422,5870400,41.50051596447731,-0.30910682678222656,-0.08512449264526367,-0.24037460327148352,-3.3704872131347656
2021-08-26,23.076875686645508,3862400,39.540123626289805,0.03758866446358766,0.18368701934814524,0.06696193695068331,-3.0312538242340104
2021-08-27,23.303749084472656,5737600,46.822320600771974,-0.09294564383370485,-0.0667177200317397,-0.15638648986816506,-3.2220459747314436
2021-08-30,23.256250381469727,8788800,50.5194730046046,0.0015174320765893867,-0.03509397506713796,-0.09740028381347798,-3.1411441421508783
2021-08-31,23.095624923706055,6976000,50.5588679532661,0.15919658115931767,0.0954064369201646,0.06326267242431527,-2.948506183624268
2021-09-01,22.4737491607666,12425600,41.99955847998498,0.6858043670654297,0.646844673156739,0.6791759109497058,-2.2998429203033446
2021-09-02,22.744375228881836,8356800,49.83235157374644,0.3032139369419653,0.3240623474121094,0.40767486572265454,-2.5421408653259263
2021-09-03,22.69499969482422,7267200,47.46121279313274,0.25437518528529424,0.32818784713744975,0.4565753936767578,-2.466096582412721
2021-09-07,22.466249465942383,8563200,44.81443049675999,0.3958930969238281,0.5068130493164062,0.6818756103515611,-2.210024480819701
2021-09-08,22.47249984741211,5676800,47.35175249021815,0.2708928244454505,0.4626251220703139,0.671550216674806,-2.18918423652649
2021-09-09,22.38312530517578,5283200,40.11352118667259,0.23553521292550172,0.5177184104919448,0.7538872528076155,-2.071800317764282
2021-09-10,21.9325008392334,7113600,30.36902593676716,0.5199990953717908,0.9181241989135742,1.1902742385864258,-1.5954070949554442
2021-09-13,22.393749237060547,11259200,39.181589323761614,0.04732213701520749,0.43884449005127024,0.72266330718994,-2.029783620834351
2021-09-14,22.360000610351562,6470400,31.147848806999647,0.0261601039341528,0.4483743667602553,0.7466244506835942,-1.9687818622589113
2021-09-15,22.43000030517578,6854400,34.243161615944885,-0.08169664655412845,0.36040592193603516,0.6565622711181653,-2.011806554794312
2021-09-16,22.808124542236328,7473600,45.65829506818704,-0.4109815870012561,-0.008780860900877485,0.2664130401611331,-2.360483922958373
2021-09-17,22.44562530517578,21648000,36.7189049791708,-0.05232157026018314,0.32962465286254883,0.6151247787475569,-1.971069059371949
2021-09-20,22.123125076293945,6227200,33.83845968020998,0.233035768781388,0.6024686813354485,0.9075500106811525,-1.6228219509124742
2021-09-21,21.971250534057617,4835200,33.92314036243678,0.39044598170689326,0.6958745002746589,1.035224571228028,-1.445369281768798
2021-09-22,21.885000228881836,7126400,40.05910291868969,0.40401785714285765,0.6999685287475579,1.0966998672485353,-1.3341033458709717
2021-09-23,22.369375228881836,5294400,44.094479674542775,-0.07901791163853389,0.16493730545044016,0.5981498718261733,-1.7927595901489255
2021-09-24,22.509374618530273,3353600,47.15788858874206,-0.20767811366490108,-0.0034371376037611867,0.4482754898071306,-1.90886836051941
2021-09-27,22.299375534057617,4388800,47.43023238054061,-0.07035745893205814,0.15634326934814524,0.649949569702148,-1.6741192722320548
2021-09-28,21.6612491607666,5166400,39.542353653337294,0.4557151794433594,0.7147195816040046,1.2686509323120134,-1.0140522766113271
2021-09-29,21.623750686645508,6190400,40.07837992883705,0.4218744550432483,0.6786243438720696,1.284011917114256,-0.9551037979125994
2021-09-30,21.477500915527344,6286400,43.54150772064776,0.4975885663713733,0.7750617027282729,1.4008491897583006,-0.7872415256500247
2021-10-01,21.905000686645508,5484800,42.995352376870244,0.07294600350516234,0.3055932044982903,0.9447369384765629,-1.19258816719055
2021-10-04,21.482500076293945,7566400,38.68470307561765,0.36875016348702516,0.6674688339233406,1.320662536621093,-0.7519563102722167
2021-10-05,22.059375762939453,5497600,45.773345850694795,-0.27241107395716924,0.07024946212768413,0.7132618713378918,-1.3077132415771473
2021-10-06,22.094999313354492,4384000,41.17828045330458,-0.3372312273297986,0.015750885009765625,0.6512508010864266,-1.3227742958068838
2021-10-07,22.75749969482422,8123200,53.59147282190413,-0.8431243896484375,-0.6280307769775391,-0.027412071228027912,-1.9612559318542466
2021-10-08,23.2450008392334,9395200,62.44627364678996,-1.0990183694022058,-1.049906921386718,-0.5262757110595686,-2.42341332435608
2021-10-11,23.599374771118164,5614400,67.28599617345492,-1.1502674647739966,-1.3439995765686028,-0.8841496658325205,-2.7493185043334947
2021-10-12,23.434375762939453,4328000,66.17936506988056,-0.7667863028390052,-1.125281810760498,-0.7219381332397461,-2.5574101161956797
2021-10-13,23.993125915527344,6134400,66.69667432744595,-0.966875621250697,-1.6058756828308098,-1.2747882843017564,-3.0871133899688736
2021-10-14,24.701875686645508,7587200,70.18413801677099,-1.2981254032679956,-2.219937896728517,-1.967150535583496,-3.7621975326538077
2021-10-15,24.361249923706055,6936000,68.53578708542865,-0.6337495531354627,-1.7835309028625481,-1.6150497817993177,-3.390065517425537
2021-10-18,23.982500076293945,8668800,71.88827770575634,-0.07999965122767705,-1.311812305450438,-1.2286499404907225,-2.9822062969207757
2021-10-19,24.352500915527344,5505600,74.21251213882654,-0.29178619384765625,-1.5627506256103523,-1.5809757614135727,-3.3189321327209456
2021-10-20,24.669374465942383,5024000,77.48949592600611,-0.4558026450020911,-1.7404054641723619,-1.869086837768556,-3.601836938858032
2021-10-21,24.717500686645508,3945600,75.91568544330627,-0.32062530517578125,-1.6711254119873047,-1.8842380523681648,-3.6157100296020523
2021-10-22,24.407499313354492,3728000,77.52292227818586,0.048572267804825486,-1.2662178039550795,-1.544824180603026,-3.2761617851257334
2021-10-25,24.127500534057617,4470400,70.61168610117451,0.246517453874862,-0.8948127746582024,-1.2373628997802726,-2.97118800163269
2021-10-26,25.224374771118164,11512000,75.7429343569248,-0.7270532335553845,-1.8135307312011726,-2.286637153625488,-4.036615362167357
2021-10-27,25.174375534057617,7062400,72.10978932223045,-0.5067860739571692,-1.5860002517700202,-2.1889379119873063,-3.9595817470550543
2021-10-28,25.440000534057617,7929600,70.92968441391311,-0.6170539855957031,-1.6535002708435051,-2.3983504104614255,-4.194766120910643
2021-10-29,25.60562515258789,7849600,69.84422371263359,-0.6489285060337622,-1.6340936660766587,-2.510412521362305,-4.330206365585326
2021-11-01,25.535625457763672,11328000,71.18195647860308,-0.46205384390694704,-1.3614377021789537,-2.392025299072266,-4.231612920761108
2021-11-02,30.74187469482422,52094400,85.12230062718677,-4.763392312186106,-6.133561992645262,-7.446249542236327,-9.383515281677248
2021-11-03,32.11249923706055,21843200,86.08118817802537,-4.993302753993444,-7.003311538696288,-8.645186614990234,-10.69184295654297
2021-11-04,32.741249084472656,15910400,89.68743321116303,-4.548213413783483,-7.132873916625975,-9.086761474609375,-11.254280309677124
2021-11-05,33.158748626708984,10161600,93.29952290394088,-3.825088228498185,-7.054686069488525,-9.302623558044434,-11.603239231109619
2021-11-08,32.901248931884766,8080000,90.7714397265752,-2.501695905412948,-6.332092666625975,-8.853173866271973,-11.277386417388914
2021-11-09,33.209999084472656,8382400,90.76428337202123,-1.724106924874441,-6.152061653137206,-8.962849044799803,-11.516024074554444
2021-11-10,32.6349983215332,8313600,85.9804589668989,-0.13491003853933847,-5.14496726989746,-8.197060813903807,-10.873376445770262
2021-11-11,32.5881233215332,6707200,88.08707468204996,0.17571476527622565,-4.7037798881530755,-7.947898330688478,-10.760238952636719
2021-11-12,32.86249923706055,7584000,90.68941773321546,0.008481706891743102,-4.553093338012694,-8.019911766052246,-10.966414871215822
2021-11-15,33.010623931884766,5684800,89.78666734760749,-0.10116086687360593,-4.249811840057372,-7.961723976135254,-11.048298950195313
2021-11-16,32.954376220703125,10038400,89.72936824148674,-0.07410921369280032,-3.7634703636169426,-7.695713729858397,-10.926163730621337
2021-11-17,33.02000045776367,6596800,89.51520062840865,-0.12276894705636465,-3.4115633010864244,-7.5503879547119155,-10.925675468444823
2021-11-18,33.13750076293945,8506000,89.46232759530426,-0.2506261553083178,-3.1080636024475083,-7.452800750732422,-10.977482023239137
2021-11-19,32.2400016784668,8121200,82.32389071417747,0.59044483729771,-1.8189393997192376,-6.349151649475097,-10.019379806518554
2021-11-22,32.040000915527344,8246000,62.0995165825415,0.7121423993791822,-1.2233136177062995,-5.956225852966309,-9.759207162857056
2021-11-23,31.627500534057617,10392400,44.496466236072834,0.9482143947056372,-0.49065694808960103,-5.358375473022463,-9.288566150665282
2021-11-24,31.94499969482422,5400400,40.27777907159805,0.4784832000732422,-0.4696249008178697,-5.4855746459960955,-9.545887184143066
2021-11-26,31.24250030517578,4903200,28.125005443349963,0.9364288875034887,0.5229994773864739,-4.614387741088866,-8.786565914154053
2021-11-29,31.649999618530273,7191600,36.18929164054411,0.33321516854422484,0.41771888732910156,-4.837799568176269,-9.136849603652955
2021-11-30,31.014999389648438,10814800,27.40024634024489,0.6650009155273438,1.3266878128051758,-4.024961853027342,-8.446355628967286
2021-12-01,30.34749984741211,8917600,26.88809851967649,1.0621430533272864,1.974468612670897,-3.1899373245239246,-7.724684209823607
2021-12-02,30.81999969482422,9863600,33.55041207104472,0.41535731724330205,1.4373437881469755,-3.483737182617187,-8.139599685668944
2021-12-03,30.299999237060547,7726000,27.20193748778209,0.745714732578822,1.8352817535400376,-2.8051242446899423,-7.565271110534667
2021-12-06,30.412500381469727,4812400,26.737547642118585,0.41428511483328734,1.585468196868895,-2.7595628738403306,-7.617009754180909
2021-12-07,31.577499389648438,7116000,39.714242072950405,-0.7028568812779028,0.35428171157836985,-3.7389994049072257,-8.71383376121521
2021-12-08,31.3700008392334,6197600,37.9297710315621,-0.5353581564767005,0.4697803497314439,-3.337325820922853,-8.438972702026366
2021-12-09,32.165000915527344,9729600,43.52745262918437,-1.1660723005022327,-0.34871959686279297,-3.921500892639159,-9.160729026794435
2021-12-10,32.67250061035156,7390000,53.03614657868803,-1.3414290291922448,-0.852000427246093,-4.205100593566893,-9.592316217422486
2021-12-13,33.04499816894531,10708400,56.88826614946409,-1.3960696629115503,-1.2153730392456055,-4.354798202514647,-9.889570035934447
2021-12-14,32.779998779296875,9210800,58.06225474302473,-0.7767846243722119,-0.9619049072265611,-3.8638488388061525,-9.549514398574829
2021-12-15,34.665000915527344,14980400,65.6052918168034,-2.0542866843087353,-2.761375808715819,-5.496738471984862,-11.348360280990601
2021-12-16,32.53499984741211,15025200,56.37170221848619,0.21250016348702871,-0.6556247711181626,-3.157937393188476,-9.140452966690063
2021-12-17,33.75749969482422,22887600,59.616702510145984,-0.6689284188406788,-1.8471246719360366,-4.1604372406005865,-10.279496564865113
2021-12-20,33.58250045776367,7094000,62.22911009878424,-0.2914292471749462,-1.6050004959106445,-3.7786880111694323,-10.020281696319579
2021-12-21,34.477500915527344,10894400,69.25408697297593,-0.928572518484934,-2.3781259536743136,-4.456125946044921,-10.829154024124147
2021-12-22,34.88249969482422,6585600,69.0593525160543,-1.071071079799104,-2.6203747749328627,-4.632162246704102,-11.14476842880249
2021-12-23,35.462501525878906,9278800,74.08445475538952,-1.2678582327706494,-3.0245015144348173,-4.9827765655517595,-11.633576498031616
2021-12-27,36.709999084472656,8426400,76.56613059192121,-2.2232131958007812,-3.998624134063718,-5.990111656188965,-12.784902181625366
2021-12-28,36.22249984741211,6271600,70.78300832440677,-1.208928244454519,-3.2824998855590835,-5.265387420654296,-12.205862321853637
2021-12-29,36.4275016784668,4598400,72.63370519736131,-1.032501220703125,-3.216876602172853,-5.2214892196655285,-12.318423519134523
2021-12-30,35.787498474121094,5357600,66.43974112345109,-0.07749829973493405,-2.304873466491699,-4.352786064147949,-11.589898443222047
2021-12-31,35.9375,4335200,65.31425078798878,-0.01892852783203125,-2.198999977111818,-4.277425079345704,-11.648899965286255
2022-01-03,35.560001373291016,9186400,61.79091462199819,0.45535605294363535,-1.5585012435913086,-3.6830764389038073,-11.182732582092285
2022-01-04,34.665000915527344,8997600,58.34440534996241,1.2364278520856615,-0.45087575912475586,-2.5829259490966763,-10.205110244750976
2022-01-05,33.287498474121094,8955200,43.6152877774163,2.1250016348702587,1.0121266365051298,-1.0222235488891585,-8.750548439025877
2022-01-06,33.16749954223633,5950400,53.60295875217843,1.8085719517299097,1.2220005035400376,-0.743362121582031,-8.553605756759644
2022-01-07,32.369998931884766,9308400,41.69410369850732,2.0264293125697534,2.0297510147094755,0.1980509567260711,-7.685505151748657
2022-01-10,32.8849983215332,9632000,45.98791058714488,1.0967870439801928,1.52537651062012,-0.16804847717285298,-8.133351421356203
2022-01-11,33.29499816894531,4464000,42.79620998462502,0.3092869349888403,1.1278766632080064,-0.4242608642578105,-8.473029403686525
2022-01-12,33.26250076293945,4855200,39.661784732355386,0.013569968087331574,1.1844991683959947,-0.23722595214843523,-8.367613239288332
2022-01-13,32.79999923706055,6226000,32.75023392353407,0.2096426827566944,1.553750610351564,0.2664380645751976,-7.835452346801759
2022-01-14,32.435001373291016,7825200,18.727169730236554,0.4528552464076441,1.9137485504150362,0.6378859710693376,-7.404541978836061
2022-01-18,31.772499084472656,7104800,18.259650604501118,0.9160717555454809,2.4770008087158217,1.2810132598876933,-6.680558443069458
2022-01-19,31.327499389648438,8817200,14.827588928438942,1.2121429443359375,2.8092504501342788,1.6893879699707028,-6.175130624771118
2022-01-20,30.485000610351562,7412000,14.424701120172315,1.711784907749724,3.4521242141723647,2.483561782836915,-5.276400594711305
2022-01-21,29.657499313354492,10247200,11.37760556636178,2.0196435110909583,4.018375492095949,3.240013084411622,-4.39787742614746
2022-01-24,30.3799991607666,18511200,19.43951634592078,0.8853577205113012,3.041750526428224,2.4724132537841825,-5.067086648941039
2022-01-25,29.237499237060547,8747200,18.88792333956252,1.518929072788783,3.8106254577636705,3.5479006958007844,-3.876527357101441
2022-01-26,29.487499237060547,8144400,24.98353828234596,0.8478573390415747,3.2238754272460923,3.230400695800782,-4.077317981719972
2022-01-27,29.479999542236328,9303600,25.359165370034646,0.5278570992606042,2.884000015258792,3.1672879028320295,-4.0200651645660415
2022-01-28,30.047500610351562,8095200,33.98828844324029,-0.22250093732561282,2.029499053955078,2.5416493225097625,-4.535716228485107
2022-01-31,31.077499389648438,6705600,38.36498620225979,-1.1678570338657934,0.756500244140625,1.472800521850587,-5.509286890029909
2022-02-01,31.075000762939453,6891600,34.91848931702894,-0.9628582000732422,0.534748840332032,1.4340491485595734,-5.449791383743285
2022-02-02,31.40250015258789,8327200,37.85107180302903,-1.1442860194614966,0.044124412536621804,1.089799728393558,-5.717006397247314
2022-02-03,30.55500030517578,6383600,36.03855882203624,-0.1085717337472083,0.7549993515014641,1.9075995635986303,-4.815612802505495
2022-02-04,30.579999923706055,6838000,37.954534251403956,0.0225001743861597,0.600624752044677,1.8616499328613259,-4.78547179222107
2022-02-07,30.542499542236328,4325600,41.30741998028758,0.21178627014160156,0.5467501640319838,1.8711003112792994,-4.6948339176178
2022-02-08,30.84000015258789,5349200,46.48141907332701,0.027499880109512986,0.146999645233155,1.56554969787598,-4.938468904495238
2022-02-09,32.36000061035156,8606800,62.32741691558759,-1.309286117553711,-1.419750690460205,0.05974925994873104,-6.396363105773926
2022-02-10,31.767499923706055,8265600,64.31479590331475,-0.6178569793701172,-0.9020000457763686,0.6672999572753895,-5.745262422561645
2022-02-11,30.229999542236328,9787200,49.0836919467471,0.7521433149065295,0.507000350952147,2.202450332641604,-4.1573964214324945
2022-02-14,30.704999923706055,16792400,59.760563362414004,0.2985714503696997,-0.05450010299682617,1.7251499557495151,-4.577362432479859
2022-02-15,32.48500061035156,26996400,66.5653560159005,-1.209286281040736,-1.7988757133483873,-0.011150703430175213,-6.293284988403322
2022-02-16,33.11000061035156,11399600,68.77910359161706,-1.4675004141671302,-2.3347506523132324,-0.5822006988525388,-6.848216238021852
2022-02-17,32.307498931884766,8053200,61.41413117778567,-0.4553560529436389,-1.4411240577697768,0.2349009704589875,-5.983158311843873
2022-02-18,31.479999542236328,9002400,52.075277462863994,0.24642889840262328,-0.5224996566772475,1.06460033416748,-5.100527677536011
2022-02-22,30.457500457763672,8068000,47.119196847585485,1.0817852020263672,0.503874492645263,2.05294940948486,-4.028403587341309
2022-02-23,29.542499542236328,8970400,41.77355182435595,1.8985718318394262,1.4341254234313965,2.9053503036499038,-3.067627677917482
2022-02-24,30.21500015258789,11578400,48.47259657040701,1.1560712541852673,0.7979998588562012,2.1762497329711934,-3.6911595344543464
2022-02-25,30.875,8560000,51.2537184365552,0.2660713195800781,0.20775003433227468,1.4781499099731477,-4.295462503433228
2022-02-28,30.6825008392334,7883600,50.5872535708771,0.11178479875837155,0.43199920654296875,1.590999069213865,-4.0488883399963385
2022-03-01,29.469999313354492,7748400,44.66302950452496,0.9189292362758081,1.564125728607177,2.74220058441162,-2.79103056907654
2022-03-02,30.760000228881836,6338800,43.653313315133964,-0.4739287240164636,0.25837478637695455,1.392249679565431,-4.0290408611297615
2022-03-03,30.084999084472656,6632400,43.36945781112093,0.14785793849400264,0.8675008773803725,1.9973007965087888,-3.3053897190093977
2022-03-04,29.637500762939453,6258000,47.44557623537275,0.6089278629847925,1.269124221801757,2.347999114990234,-2.810819520950318
2022-03-07,28.612499237060547,11110400,41.3871172723363,1.4050006866455078,2.1957507133483887,3.2476006317138655,-1.7477336215972912
2022-03-08,28.649999618530273,7235600,31.57136312950955,1.0496431078229627,2.0636253356933594,3.0738502120971667,-1.7457746315002431
2022-03-09,30.15250015258789,7629600,36.89342283258854,-0.5285718100411536,0.5267498016357415,1.4401996994018553,-3.2026564121246324
2022-03-10,30.227500915527344,6480000,40.14686307681688,-0.4953580583844861,0.34512405395507884,1.2452989578247085,-3.232238416671752
2022-03-11,29.977500915527344,5749600,42.47056920876467,-0.357143674577987,0.5056241035461433,1.366298942565919,-2.9381196594238297
2022-03-14,28.81999969482422,7019200,41.9035863976947,0.6196433476039331,1.5926253318786614,2.384450187683104,-1.7418684387207044
2022-03-15,30.290000915527344,7037200,53.50363661005506,-0.7571435655866345,0.10187416076660227,0.8014989852905288,-3.166475906372071
2022-03-16,31.047500610351562,6054400,53.87119262214385,-1.1667859213692786,-0.7275005340576186,-0.04625072479247905,-3.873384971618652
2022-03-17,31.5,9699600,52.96348817607287,-1.2121423993791858,-1.2604999542236328,-0.562050132751466,-4.272812490463256
2022-03-18,32.8125,19216000,59.12986690425802,-2.144642421177455,-2.5477499008178697,-1.8840501022338856,-5.528709363937377
2022-03-21,32.98749923706055,6361600,66.54904015220734,-1.9253561837332605,-2.647374153137207,-2.0626493453979506,-5.648246107101439
2022-03-22,34.005001068115234,8939200,65.66875514021447,-2.367500850132533,-3.487500953674317,-3.0474511337280283,-6.605882310867308
2022-03-23,33.287498474121094,8141600,65.4003237400042,-1.011784144810271,-2.5827484130859375,-2.321898536682127,-5.8327922248840345
2022-03-24,34.91749954223633,9593600,72.79790356532251,-1.9807139805385034,-3.9776245117187514,-3.9194495773315445,-7.400621423721315
2022-03-25,34.599998474121094,6451600,77.53503922407245,-1.1557132175990503,-3.4738735198974595,-3.5751985549926744,-7.025482864379882
2022-03-28,34.84749984741211,4076800,77.96072474535865,-0.9250003269740503,-3.513124942779541,-3.7817499160766594,-7.212493610382079
2022-03-29,35.20000076293945,5483200,75.40898735207863,-0.9364297049386181,-3.5791257858276353,-4.078950843811036,-7.503025770187378
2022-03-30,34.54750061035156,6964000,70.55183482775442,-0.0610722133091528,-2.7372506141662605,-3.3709506607055673,-6.79083186149597
2022-03-31,34.744998931884766,6721600,72.79461787943487,-0.15285655430385248,-2.701748943328859,-3.5000989913940437,-6.929561433792113
2022-04-01,34.869998931884766,4997200,82.0954632860446,-0.05178506033761465,-2.565124034881592,-3.5373990249633778,-6.995848941802979
2022-04-04,35.6875,6330000,80.76372159362688,-0.7592860630580347,-3.0288750648498564,-4.234300079345704,-7.748321886062623
2022-04-05,35.26750183105469,6911600,75.01481105614815,-0.24393027169363535,-2.2780017852783203,-3.716551856994627,-7.2674549579620376
2022-04-06,33.002498626708984,12996400,57.33104321408855,1.7575013296944775,0.1295013427734375,-1.3762486648559573,-4.951298637390138
2022-04-07,33.20500183105469,6186000,52.14774996827178,1.269998277936665,0.07587318420409872,-1.504401817321778,-5.10171745300293
2022-04-08,32.75749969482422,4657200,48.77790024967781,1.4617859976632275,0.6623752593994112,-0.9913496780395512,-4.604021568298339
2022-04-11,31.790000915527344,5548400,38.167749466004196,2.0071422031947534,1.778374099731444,0.010999107360838423,-3.5907665348052973
2022-04-12,31.854999542236328,6405600,41.774346244952625,1.5114293779645678,1.7916254043579087,-0.038449516296385156,-3.60987141609192
2022-04-13,32.842498779296875,4532000,37.13577710265808,0.1175013950892847,0.8938760757446289,-0.9905987930297862,-4.546833162307738
2022-04-14,31.645000457763672,6296400,33.482409966569705,0.797499520438059,2.0986244201660185,0.21174953460693402,-3.304331712722778
2022-04-18,31.549999237060547,5640800,31.248226605729883,0.6850008283342603,2.130500602722165,0.3266507339477549,-3.165139875411988
2022-04-19,32.209999084472656,5211200,33.57142348117448,-0.11714226858956778,1.4316257476806626,-0.3007491302490237,-3.7783366012573225
2022-04-20,31.790000915527344,8182800,34.45165153693469,0.16464178902762328,1.7408739089965835,0.1441990661621091,-3.316554050445557
2022-04-21,30.047500610351562,8438800,27.442990209098483,1.6582134791782934,3.3213743209838853,1.8708493804931656,-1.5408631134033186
2022-04-22,29.424999237060547,8434400,25.045839289060936,1.9335719517299097,3.669250679016116,2.4346507263183597,-0.8869117450714121
2022-04-25,29.735000610351562,7032000,21.389103006504683,1.1796422685895642,3.115999412536624,2.0839993667602528,-1.1663724899291985
2022-04-26,28.809999465942383,7280400,20.398816159337613,1.6996432713099878,3.7391255378723116,2.980600509643555,-0.21322759628295884
2022-04-27,28.795000076293945,8140800,25.700277041875736,1.3210713522774817,3.4338748931884737,2.9573999023437487,-0.16987195968627944
2022-04-28,30.227500915527344,8382400,34.943106519456975,-0.3946435110909583,1.7853740692138658,1.4797490692138666,-1.5666259193420409
2022-04-29,28.892499923706055,7794000,32.06496562435444,0.5264287676130017,2.8277501106262193,2.730400047302247,-0.20217804908752512
2022-05-02,29.565000534057617,11936800,39.38454163306512,-0.21500042506626826,1.8899995803833,2.003049468994142,-0.8404317855834975
2022-05-03,28.50749969482422,12529200,35.410770194530386,0.7114290509905139,2.5885004043579087,3.0011003112792984,0.24644405364990263
2022-05-04,29.447500228881836,8849200,35.14224474051973,-0.2696429661342066,1.3574997901916497,2.0408997726440425,-0.6599721050262453
2022-05-05,27.7450008392334,11959600,33.654661994171164,1.280713762555802,2.797124290466307,3.7074491882324203,1.0665116596221935
2022-05-06,27.7450008392334,6698400,33.92481262140507,1.1307138715471545,2.5241242408752456,3.6580492019653335,1.0885585403442377
2022-05-09,25.6200008392334,11482000,25.225579744137164,2.5974995749337317,4.2922492980957045,5.677949218750001,3.2226022911071794
2022-05-10,26.27750015258789,8880400,29.639895558355903,1.5664288657052161,3.359124946594239,4.9323498916625965,2.5785623550415053
2022-05-11,25.727500915527344,6088400,32.503046039931775,1.5682138715471545,3.6027492523193345,5.407499160766601,3.1401272201538077
2022-05-12,25.417499542236328,11578000,33.347192945135276,1.4367866516113281,3.5415006637573256,5.6106505203247075,3.4593879699707024
2022-05-13,27.162500381469727,9163200,40.44923196934761,-0.6346427372523706,1.5723748207092285,3.8071997070312484,1.7311340045928958
2022-05-16,26.25,5328400,40.48681250590952,0.06428609575544186,2.2198752403259263,4.651950073242187,2.656012506484984
2022-05-17,26.842500686645508,5062800,43.04294071257133,-0.657143184116908,1.358999633789061,4.0240494155883795,2.079855575561524
2022-05-18,25.642499923706055,9691600,33.38768353559284,0.5460717337472083,2.251625347137452,5.163900184631348,3.2895782089233414
2022-05-19,25.274999618530273,7832400,35.904932395233715,0.7703576769147595,2.3805006027221687,5.433850479125976,3.6640410137176502
2022-05-20,25.65999984741211,10829600,34.43603238158515,0.3757144383021753,1.8072504043579087,4.9575002288818375,3.288403282165529
2022-05-23,25.575000762939453,8199200,37.32988381698422,0.4832136971609948,1.6842494964599624,4.954449310302735,3.3832773685455315
2022-05-24,24.922500610351562,7920800,29.951267545787772,0.8157138824462891,2.14237470626831,5.528999481201172,4.04304627418518
2022-05-25,25.237499237060547,8012000,37.33265293812598,0.3560722896030981,1.6495010375976555,5.112950820922851,3.7380788898468005
2022-05-26,25.927499771118164,8006800,41.416761245924086,-0.4646426609584253,0.7445004463195808,4.320550270080567,3.0623721027374273
2022-05-27,26.467500686645508,6560800,54.707023702177,-0.8867863246372778,0.08324956893920898,3.679899368286133,2.5400243186950675
2022-05-31,25.56999969482422,16090000,46.17257158564626,0.05285753522600345,0.7810005187988267,4.432550354003908,3.4516034317016597
2022-06-01,25.417499542236328,7649200,48.247590747261896,0.17071478707449828,0.7790006637573228,4.433650512695312,3.616969203948976
2022-06-02,26.53499984741211,7827600,55.78865499026615,-0.8096427917480469,-0.48412466049194336,3.166750183105467,2.518197021484376
2022-06-03,25.792499542236328,4296800,42.08092314755177,0.05714307512555905,0.16075057983398366,3.7593505096435536,3.2765129470825194
2022-06-06,25.877500534057617,4159600,47.61905226339807,0.06357084001813718,-0.01762542724609517,3.4935495376586907,3.2062619590759276
2022-06-07,26.075000762939453,4828000,44.8333924390708,-0.11285781860351562,-0.19237565994262695,3.125549354553222,3.0235554885864246
2022-06-08,25.762500762939453,3651200,50.91743721282239,0.09892790658133421,0.09437437057495046,3.2563493728637702,3.3491648674011216
2022-06-09,24.602500915527344,8524000,45.41426194280792,1.1207136426653186,1.1981242179870613,4.204399223327638,4.514536590576171
2022-06-10,23.739999771118164,11502400,37.708071256170484,1.7435719626290442,1.976750373840332,4.850750350952147,5.378825235366822
2022-06-13,23.022499084472656,11939600,34.883031079654714,1.9592868259974878,2.4872509956359856,5.333801040649416,6.096054039001466
2022-06-14,22.982500076293945,10707600,37.61175218510675,1.5978573390415747,2.363875007629396,5.1360500717163085,6.1344468021392835
2022-06-15,23.217500686645508,6016000,36.967760909718486,0.9828567504882812,1.9476243972778313,4.651649475097656,5.8992524433136
2022-06-16,22.604999542236328,7040400,28.348012468543388,1.099643434797013,2.4082505226135247,5.010900573730467,6.509300460815428
2022-06-17,22.735000610351562,10749600,24.30294841036914,0.5371423448835095,2.151249504089357,4.675549545288085,6.380605649948119
2022-06-21,23.457500457763672,6376000,35.097018375658735,-0.34892899649483766,1.3186246871948235,3.7580996704101572,5.661671428680421
2022-06-22,23.260000228881836,5426400,34.875585875816654,-0.22000013078962155,1.4003748893737793,3.7656499099731455,5.8619966602325455
2022-06-23,23.84000015258789,9006000,29.56787234916341,-0.6832141876220703,0.7662499427795417,3.0266499710083004,5.2888654899597185
2022-06-24,24.954999923706055,9580800,43.98995997513262,-1.5164282662527917,-0.36287479400634837,1.7736502075195304,4.1862782192230235
2022-06-27,24.717500686645508,5361600,41.85393679820581,-1.0646433149065295,-0.18587551116943501,1.8486494827270512,4.435449333190917
2022-06-28,23.815000534057617,5872000,35.55910889677287,0.010714122227259537,0.5839996337890625,2.5945496368408207,5.347361984252931
2022-06-29,23.732500076293945,4384800,36.635945684157754,0.2357145036969861,0.5746251106262221,2.5207001113891607,5.43655619621277
2022-06-30,23.434999465942383,6088000,41.3293666926268,0.5300006866455078,0.7730007171630859,2.642700729370116,5.739431800842286
2022-07-01,23.352500915527344,6034800,46.74507542076214,0.6257136208670495,0.6963743209838853,2.5564492797851557,5.826542854309082
2022-07-05,24.037500381469727,8260000,58.57264597902238,-0.03107152666364499,-0.07637510299682759,1.7512498092651363,5.147690267562865
2022-07-06,24.657499313354492,8221200,62.88460951585035,-0.6935705457414905,-0.7573740959167488,1.0359008789062507,4.538750705718993
2022-07-07,25.49250030517578,6466400,66.02112321337185,-1.4178573063441675,-1.6215001106262221,0.11604988098144631,3.7205965900421134
2022-07-08,25.75,7185600,73.31357268936483,-1.3989285060337622,-1.879624843597412,-0.20264980316161996,3.4819906425476077
2022-07-11,25.424999237060547,4624000,69.38039739918946,-0.8321421486990808,-1.5134991645812974,0.0549509429931625,3.8246914005279535
2022-07-12,24.565000534057617,7118800,57.824093749688394,0.1892852783203125,-0.6122504234313979,0.8016996383666992,4.695668230056764
2022-07-13,24.575000762939453,5993600,59.542823037568695,0.35392788478306514,-0.5446255683898933,0.7053494262695317,4.6959961318969725
2022-07-14,24.774999618530273,5766800,57.181259454345636,0.2592860630580347,-0.6549994468688958,0.40955055236816307,4.508375396728514
2022-07-15,25.417499542236328,5034800,53.830226762162106,-0.2746423993791858,-1.1874994277954087,-0.29474937438964943,3.8846567249298083
2022-07-18,25.145000457763672,5500000,53.51996725860207,-0.05178615025111455,-0.788000297546386,-0.10830028533935376,4.174762058258057
2022-07-19,26.1875,7309600,69.09457600340421,-1.0317856924874427,-1.6578748703002937,-1.18194984436035,3.1558125114440934
2022-07-20,26.22249984741211,9024800,70.194661090336,-0.9528568812779028,-1.5546247482299798,-1.2473997116088853,3.142400159835816
2022-07-21,26.487499237060547,7733600,74.88791497120079,-0.9432135990687769,-1.6582491874694831,-1.4950491333007818,2.902425765991211
2022-07-22,25.594999313354492,7196800,66.15052143388755,0.09500040326799564,-0.6779993057250984,-0.6161992263793934,3.8126038074493422
2022-07-25,25.864999771118164,7748400,63.99847119821594,-0.019285746983118912,-0.9024997711181655,-0.8834497070312501,3.561453351974489
2022-07-26,25.834999084472656,9024000,59.91579073158368,0.07035773141043578,-0.8166241645812988,-0.8450990295410143,3.606841535568236
2022-07-27,27.274999618530273,9391200,63.62246815229525,-1.0653572082519531,-2.083624744415282,-2.282849578857423,2.186990995407104
2022-07-28,28.832500457763672,15828800,69.65254024585283,-2.2450008392333984,-3.3861255645751953,-3.788700408935547,0.6556557846069353
2022-07-29,29.157499313354492,7899600,73.79663095336826,-2.1507140568324488,-3.4249994277954094,-4.067399291992189,0.35927254676818876
2022-08-01,29.40250015258789,10364400,83.46593069785351,-1.9792861938476562,-3.3675003051757812,-4.237200126647949,0.14131857872009235
2022-08-02,29.28499984741211,17637600,82.1063372348824,-1.334642955235072,-2.9876250267028794,-4.03949981689453,0.2817345046997062
2022-08-03,30.424999237060547,10842400,84.13897207848919,-1.8232138497488855,-3.8392494201660163,-5.084199218750001,-0.8279461383819573
2022-08-04,30.764999389648438,8594000,83.53715866892064,-1.458928244454519,-3.9156246185302734,-5.320399398803712,-1.1340337944030772
2022-08-05,31.670000076293945,9990000,87.9139948828538,-1.7360717228480738,-4.524625301361084,-6.090450096130372,-2.0024469852447524
2022-08-08,31.177499771118164,10299600,80.97454004022124,-0.9085715157645105,-3.7444999694824226,-5.479149780273438,-1.477406053543092
2022-08-09,30.24250030517578,8875600,72.44555910543131,0.18142809186662845,-2.5256255149841316,-4.457850303649902,-0.5147815895080576
2022-08-10,31.86750030517578,8998400,76.07852542292649,-1.0914290291922448,-3.786000537872315,-5.974850311279297,-2.1024815845489506
2022-08-11,31.50749969482422,6286000,80.21977250646296,-0.4139284406389514,-3.0893749237060533,-5.496099700927733,-1.7055809783935558
2022-08-12,31.71500015258789,4502800,80.0925848706094,-0.4371430533272864,-2.9820003509521484,-5.577650146484373,-1.8806283092498788
2022-08-15,32.185001373291016,4614800,81.25,-0.7042868477957605,-3.1000015258789055,-5.934651336669923,-2.315576400756836
2022-08-16,32.477500915527344,5382800,78.86268935125193,-0.8814291272844592,-3.078001022338867,-6.09345085144043,-2.5728884410858157
2022-08-17,32.3650016784668,5190000,73.33994530629734,-0.599286760602677,-2.658376693725586,-5.851201591491698,-2.426592321395873
2022-08-18,33.185001373291016,6928400,74.97675105208734,-0.9989291599818628,-3.1435012817382812,-6.529001274108886,-3.208345136642457
2022-08-19,32.5,6004000,68.21522468683824,-0.22357068743024655,-2.1132498741149917,-5.709249916076661,-2.514553136825562
2022-08-22,31.78499984741211,5703600,63.73626028134014,0.5310723440987744,-1.1022497177124038,-4.850599784851074,-1.8011904811859125
2022-08-23,31.739999771118164,6697600,58.21361677246232,0.579643794468474,-0.7619996070861816,-4.645599708557128,-1.7611966514587394
2022-08-24,31.407499313354492,6209600,54.01687815034361,0.801072529384065,-0.22287416458129883,-4.1453992462158205,-1.4374524402618398
2022-08-25,31.622499465942383,7527200,49.674987393102384,0.46392931256975345,-0.2983743667602532,-4.187599411010741,-1.6588463401794442
2022-08-26,30.75749969482422,5240000,47.265625291038226,1.0992859431675512,0.6466254234313951,-3.171799659729004,-0.8061090660095225
2022-08-29,30.395000457763672,4753200,51.07281118555338,1.0632136208670495,1.0587496757507324,-2.65350040435791,-0.4548098182678224
2022-08-30,30.274999618530273,4374800,35.787595856774445,0.8653572627476294,1.228250503540039,-2.382699584960939,-0.34637459754943833
2022-08-31,29.969999313354492,8630000,36.14240934038258,0.91107177734375,1.5105008125305162,-1.9474493026733413,-0.055836791992188495
2022-09-01,29.31999969482422,8159600,30.008349026233518,1.2153570992606042,2.088250446319581,-1.176249694824218,0.5757097053527822
2022-09-02,29.325000762939453,5008800,24.11764868339472,0.9128562382289331,1.9659994125366218,-1.0715507507324205,0.5525617599487305
2022-09-06,29.387500762939453,5686000,20.82153923517329,0.5310707092285156,1.8139994621276863,-1.045400733947755,0.4718992614746078
2022-09-07,30.0674991607666,5636400,30.405099622955078,-0.24749919346400517,1.1252510070800774,-1.61839916229248,-0.22344914436340346
2022-09-08,30.69499969482422,7344800,28.042320922900757,-0.8321426936558325,0.4391254425048814,-2.108299713134766,-0.8586746883392351
2022-09-09,31.102500915527344,6674400,37.042201113176745,-1.121429443359375,0.011374282836914773,-2.368400917053222,-1.2708634090423594
2022-09-12,31.1875,5406400,43.727036727619044,-1.032499858311244,-0.0999998092651353,-2.298349990844727,-1.3580624961853012
2022-09-13,29.979999542236328,7251200,35.14768026211634,0.26928629193987064,0.9972505569458008,-0.9582995605468767,-0.1603870391845703
2022-09-14,30.565000534057617,7906000,43.180910154718276,-0.1385718754359644,0.31662454605102397,-1.4127505493164065,-0.7487755298614509
2022-09-15,29.235000610351562,8521200,33.630453335551266,1.169642312186106,1.4901244163513176,0.008799400329589702,0.5691493988037095
2022-09-16,28.9325008392334,28912800,36.441319000730914,1.3099994659423828,1.5799991607666009,0.38009918212890526,0.8612366771697992
2022-09-19,28.735000610351562,8262000,37.357203121949404,1.2274998256138403,1.5892494201660163,0.6372994232177724,1.0506744098663319
2022-09-20,28.517499923706055,5068800,36.81051338793669,1.0757146562848767,1.64337511062622,0.9166501235961917,1.2566625976562484
2022-09-21,28.454999923706055,7376400,38.200942978612154,0.7478575025285998,1.5416251182556167,1.0569501113891597,1.3099376010894765
2022-09-22,28.137500762939453,5921600,40.287485540186054,0.8021425519670764,1.6956243515014648,1.4456992721557604,1.616061763763426
2022-09-23,27.49250030517578,9527600,36.380526136130385,1.0082144056047717,2.134124851226808,2.1450497436523435,2.240637226104738
2022-09-26,27.274999618530273,5262800,34.65310096155845,0.9457149505615234,2.177500534057618,2.3997004318237316,2.437662906646729
2022-09-27,27.729999542236328,4740800,32.44462245401667,0.3189291272844592,1.5892505645751953,1.9964004898071295,1.9604879760742193
2022-09-28,29.172500610351562,8472400,39.81265748859547,-1.0610719408307752,0.0916245460510261,0.6135994338989263,0.5004869079589831
2022-09-29,28.6875,8028000,34.0066229180856,-0.5517856052943628,0.5125001907348619,1.1479000473022474,0.9637000274658192
2022-09-30,28.22249984741211,5876000,31.305178990024558,-0.11999974931989499,0.9226253509521491,1.6476002120971671,1.4059126853942878
2022-10-03,28.957500457763672,5007200,43.144495483237336,-0.737857546125138,0.16924972534179616,0.9798496246337898,0.642374572753905
2022-10-04,30.202499389648438,6338000,47.767163254665455,-1.5957137516566675,-1.034999275207518,-0.17839931488036953,-0.6142868614196786
2022-10-05,30.337499618530273,4993200,57.96315353703175,-1.2932139805385034,-1.1564994812011733,-0.22334953308105554,-0.7663870906829828
2022-10-06,30.475000381469727,6798400,61.413235228534546,-1.0385717664446155,-1.3050002098083482,-0.29685028076171704,-0.9194253540039057
2022-10-07,29.102500915527344,6787600,52.31642091352651,0.32392774309430905,-0.0325007438659668,1.081049194335936,0.4261991119384767
2022-10-10,27.3700008392334,12425600,43.926971024054694,1.8682136535644531,1.5091243743896499,2.7777993011474607,2.121136693954469
2022-10-11,26.762500762939453,7869600,41.53115443574656,2.2671424320765894,1.95574951171875,3.3324993896484365,2.6851367664337147
2022-10-12,25.912500381469727,11608800,39.42993037681404,2.6821428026471814,2.573124885559082,4.115049781799318,3.481149654388428
2022-10-13,25.977500915527344,15800400,42.38311284557137,2.0135710580008386,2.345249366760253,3.9610992813110357,3.3649241256713864
2022-10-14,25.092500686645508,8473200,39.71732247689076,2.14928572518485,3.0382495880126967,4.732649536132811,4.193249349594115
2022-10-17,26.139999389648438,8793600,42.90495362445546,0.48250116620744876,1.86100082397461,3.574550819396972,3.0975131511688225
2022-10-18,26.56999969482422,9424000,37.233256596515666,-0.3092850276402075,1.3336255073547356,3.052400512695314,2.6206753444671627
2022-10-19,26.27750015258789,9288800,37.95000076293945,-0.1728570120675208,1.5172500610351562,3.2656000518798827,2.866762380599976
2022-10-20,26.40999984741211,6243200,40.625807676114334,-0.35571398053850345,1.2983753204345696,3.023950347900392,2.6929876804351807
2022-10-21,27.6299991607666,8714400,43.462193910648715,-1.330356325422013,0.08525094985962056,1.7264010238647458,1.4447008705139162
2022-10-24,27.684999465942383,5509600,35.955369423385875,-1.1414282662527917,0.05075063705444194,1.590800704956056,1.3622880649566653
2022-10-25,28.157499313354492,12796400,38.27956729023983,-1.1760711669921875,-0.4003742218017585,1.0377508163452163,0.8687257194519056
2022-10-26,27.24250030517578,15498800,33.96179169495436,-0.10357202802385501,0.4181247711181655,1.8480498123168942,1.7555122375488281
2022-10-27,29.782499313354492,21060000,53.02355970545577,-2.1846425192696692,-2.067124271392821,-0.7435992431640628,-0.8020492649078363
2022-10-28,30.36750030517578,12880400,64.8427832505383,-2.185357775006974,-2.544875240325929,-1.3849502563476577,-1.4015252590179443
2022-10-31,30.21500015258789,13500400,67.90251542593867,-1.4892861502511145,-2.3295001029968248,-1.2781501007080074,-1.2619501018524169
2022-11-01,31.927499771118164,21069200,78.62922875915727,-2.5878571101597387,-3.9557497024536126,-2.9877997207641585,-2.976987228393554
2022-11-02,31.260000228881836,13444800,73.7789830801849,-1.4096431732177734,-3.2421251296997085,-2.329900169372557,-2.312050180435179
2022-11-03,30.5625,8249600,75.04579297609891,-0.3685714176722925,-2.540249919891359,-1.6492999267578128,-1.618374948501586
2022-11-04,32.76750183105469,15840000,77.43739505831252,-1.7842873164585669,-4.562001705169678,-3.831401710510253,-3.811964273452759
2022-11-07,32.64500045776367,7578000,75.80713902577756,-1.2528572082519531,-4.17575035095215,-3.67115032196045,-3.674525394439698
2022-11-08,32.27750015258789,12930800,75.32713964399169,-0.6124997820172986,-3.532500076293946,-3.266000022888182,-3.297537584304809
2022-11-09,30.729999542236328,12337600,66.28958898513534,1.008572169712611,-1.7441245079040542,-1.7093994140624993,-1.7425744724273677
2022-11-10,31.7450008392334,14522800,65.76024657166792,-0.03250040326799564,-2.4707508087158203,-2.688900680541991,-2.746288261413575
2022-11-11,32.13750076293945,11499200,66.62311015164931,-0.29964310782296266,-2.511000728607179,-3.0250505828857435,-3.1255006790161133
2022-11-14,32.79999923706055,13107600,67.09000226508581,-0.6424988337925512,-2.8404992103576667,-3.6180490875244153,-3.7742366600036625
2022-11-15,33.162498474121094,9685600,72.71679581888185,-0.9485699789864697,-2.873373508453369,-3.905048370361328,-4.126310901641844
2022-11-16,32.67250061035156,5824000,63.16029560773105,-0.45464352199009284,-2.063625621795655,-3.362950477600098,-3.628325538635252
2022-11-17,33.01499938964844,7471200,62.3282853205465,-0.6917852674211744,-2.0758744239807143,-3.6590492630004867,-3.9627618217468275
2022-11-18,33.869998931884766,7818400,65.9746469320527,-1.0982134682791553,-2.6188739776611314,-4.458698844909669,-4.80118637084961
2022-11-21,33.65250015258789,5042000,58.672703696536445,-0.6082147870744947,-2.1030001640319824,-4.191900062561036,-4.568325090408326
2022-11-22,34.0099983215332,6710000,64.2708828028355,-0.6982133047921337,-2.1678733825683594,-4.468798255920412,-4.908485765457154
2022-11-23,34.29750061035156,6086400,70.24390909564575,-0.7717868259974878,-2.102625656127927,-4.681650543212889,-5.178700551986694
2022-11-25,33.939998626708984,2579600,57.946438589696726,-0.30321339198521,-1.5372487068176284,-4.230048599243165,-4.81329857826233
2022-11-28,33.42499923706055,5498400,55.01929933259952,0.3192858014787916,-0.8693743705749526,-3.6251992416381853,-4.29001169204712
2022-11-29,33.4275016784668,4440400,57.76503521576611,0.3757122584751684,-0.7112517356872559,-3.533851661682128,-4.2765266227722165
2022-11-30,34.82500076293945,11393200,78.22193501709384,-0.8853579929896753,-1.9638757705688477,-4.805200729370117,-5.653425703048708
2022-12-01,34.94499969482422,6571600,75.15724392699407,-0.8207141331263941,-1.8996247291564927,-4.7953996658325195,-5.7611246395111095
2022-12-02,33.7599983215332,8066800,61.342176786575244,0.32857295445033685,-0.5547484397888169,-3.4979483413696286,-4.572873277664186
2022-12-05,33.20750045776367,5273200,52.893159161670674,0.7253565107073072,0.01974935531616495,-2.831150474548341,-4.015875406265259
2022-12-06,32.2599983215332,8334000,44.08390485035531,1.4328586033412378,0.9480013847351074,-1.7839483642578138,-3.0644732761383047
2022-12-07,31.690000534057617,11263600,43.626336288827204,1.7549994332449756,1.488624191284181,-1.1347505569458,-2.488312988281251
2022-12-08,32.032501220703125,10896800,43.6263502394239,1.2132129669189453,1.2112485885620146,-1.420051231384278,-2.818363666534424
2022-12-09,31.975000381469727,7669200,36.288002393708126,0.8635708945138134,1.2802494049072237,-1.296800384521486,-2.7520628261566173
2022-12-12,32.7400016784668,7929600,43.88201172414499,-0.21643011910574472,0.5453731536865263,-1.97145164489746,-3.5077391147613532
2022-12-13,33.255001068115234,10816000,45.042700533205625,-0.8035719735281788,0.05312385559081889,-2.4005010223388688,-4.009876003265379
2022-12-14,32.747501373291016,8597600,40.10849608476366,-0.3617864336286303,0.5398736953735366,-1.8421012878417962,-3.4859887981414808
2022-12-15,31.395000457763672,10186400,35.588914829016915,0.8671433585030712,1.8284996032714815,-0.46845035552978587,-2.1303128814697274
2022-12-16,30.915000915527344,13683200,35.7305414700222,1.2364286695207838,2.2034992218017564,0.02034919738769503,-1.6461633300781244
2022-12-19,30.637500762939453,6730400,34.619619573309066,1.3146430424281519,2.3193744659423814,0.328549346923829,-1.3636631774902348
2022-12-20,30.4424991607666,6849200,22.148075184546684,1.2907158987862708,2.3538760185241685,0.5850009155273455,-1.159511575698854
2022-12-21,30.832500457763672,4728400,24.731201698107725,0.6282144274030408,1.804999828338623,0.2763996124267578,-1.5386003684997576
2022-12-22,30.092500686645508,6910800,26.161870547300367,0.9164284297398169,2.334749603271483,1.0999993896484384,-0.7989005947113021
2022-12-23,29.9424991607666,3981600,27.606321507520946,0.6657153538295191,2.2848761558532686,1.329300880432129,-0.6503240776062
2022-12-27,29.71500015258789,2807600,30.63168333732996,0.6532143184116919,2.3268752098083496,1.6492498779296874,-0.4241375732421879
2022-12-28,29.792499542236328,4346000,34.38914524176937,0.4153575897216797,2.067625713348388,1.644800491333008,-0.4967744636535656
2022-12-29,30.469999313354492,4895200,37.81675723282488,-0.28607095990862064,1.1723758697509759,1.0453007125854477,-1.173374242782593
2022-12-30,30.337499618530273,3355600,37.37957616454788,-0.1685711996895911,1.074500560760498,1.259000396728517,-1.04442455291748
2023-01-03,30.227500915527344,6774800,28.461203894163006,-0.1450010027204236,1.0078743934631333,1.4453491210937486,-0.9407883453369124
2023-01-04,28.459999084472656,18456400,16.160903164878306,1.3892863137381433,2.538001155853273,3.22945095062256,0.8049509811401379
2023-01-05,27.372499465942383,14831600,14.938030477255026,2.109643118722097,3.3811258316040025,4.310700569152832,1.864375600814821
2023-01-06,28.112499237060547,9314000,26.72810748329566,1.1407146453857422,2.462250995635987,3.5698007965087903,1.0949133205413801
2023-01-09,28.717500686645508,7245200,34.69175108999836,0.38214193071637936,1.6914995193481452,2.994299354553224,0.467061882019042
2023-01-10,28.8075008392334,5217200,36.9098785055017,0.05464199611119014,1.443124389648439,2.8847992324829086,0.34651173591613826
2023-01-11,29.082500457763672,5926400,40.381906684540525,-0.39964321681431514,0.9852497100830071,2.5840996170043944,0.04392462730407587
2023-01-12,29.295000076293945,6387200,38.846569470522226,-0.7453572409493567,0.5747500419616713,2.3531999969482413,-0.19633749008178825
2023-01-13,28.75,7999600,39.97759879980145,-0.15892846243722047,0.919875049591063,2.8346500778198234,0.3164125823974615
2023-01-17,29.075000762939453,10824800,43.68862520742158,-0.2407147543770911,0.4788743019104018,2.4659493255615246,-0.03595067977905231
2023-01-18,28.75,9951200,43.077475010179825,0.175357546125138,0.6956250190734856,2.754700088500975,0.25907508850097827
2023-01-19,27.877500534057617,6972000,37.6690361344866,0.9278569902692517,1.4301244735717766,3.5293995285034185,1.0966120624542235
2023-01-20,28.782499313354492,8554800,39.443228429361405,0.019286564418248275,0.44212570190429545,2.5471507263183604,0.1570882797241211
2023-01-23,29.790000915527344,7890400,46.9128922108999,-0.8871435437883655,-0.6175008773803725,1.4898991394042973,-0.8778008270263662
2023-01-24,30.4424991607666,7675600,51.14239216337279,-1.3757133483886719,-1.2524991989135756,0.8316508865356447,-1.5430990695953355
2023-01-25,30.385000228881836,8468800,62.50000928903693,-1.084642955235072,-1.1728752136230476,0.8619498062133779,-1.4997001457214338
2023-01-26,30.997499465942383,6474800,75.08651048843976,-1.422499520438059,-1.7212494850158677,0.2266505432128909,-2.1209993839263923
2023-01-27,31.514999389648438,8716000,74.29490053457525,-1.5449995313371936,-2.152624416351319,-0.31654937744140454,-2.6398743152618422
2023-01-30,30.959999084472656,7096400,66.12728665876017,-0.5496422903878333,-1.5731241226196282,0.1944009399414064,-2.0893490123748784
2023-01-31,31.5049991607666,6803200,68.20789244790097,-0.7057138170514783,-2.0597492218017592,-0.3739491653442393,-2.641036586761473
2023-02-01,32.630001068115234,15002000,71.4804767875143,-1.4250014168875573,-3.0646261215209947,-1.5066510391235362,-3.7611134910583495
2023-02-02,33.36000061035156,18964800,73.16239721237997,-1.7382150377546033,-3.549625587463378,-2.246850547790526,-4.4820630264282215
2023-02-03,32.9900016784668,8339600,74.65117692302915,-0.9960730416434167,-2.8987515449523933,-1.8901015853881837,-4.108164081573488
2023-02-06,32.42250061035156,8419200,68.92847220544536,-0.22500038146972656,-2.115750408172609,-1.3543504714965806,-3.5375005149841314
2023-02-07,33.727500915527344,9198800,75.337244927879,-1.2139290400913794,-3.1702507019042976,-2.670750770568848,-4.824100818634033
2023-02-08,34.1150016784668,11512000,83.40027523016363,-1.1507151467459522,-3.2923764228820787,-3.054751472473143,-5.188151569366454
2023-02-09,34.130001068115234,8660400,81.65138567547912,-0.7907142639160156,-3.0550007820129395,-3.0556508255004893,-5.181175956726076
2023-02-10,33.317501068115234,7745200,71.37231590182417,0.12000002179826907,-2.0413757324218764,-2.2453508377075195,-4.346138448715209
2023-02-13,34.0,12510000,71.47601046882897,-0.47107042585100345,-2.461374664306639,-2.944349784851074,-5.0026123809814464
2023-02-14,35.3650016784668,29936000,75.96454838309974,-1.496786390032085,-3.5118762969970696,-4.300951423645021,-6.341926555633545
2023-02-15,35.38249969482422,11473200,74.37465158288717,-1.0914273943219897,-3.197749328613284,-4.285999412536622,-6.326974573135377
2023-02-16,35.41999816894531,9157200,72.93011778746647,-0.8871405465262256,-2.8581229209899917,-4.279247932434082,-6.335198059082032
2023-02-17,34.557498931884766,7675600,70.38821497212211,0.03857258387974127,-1.7068737030029268,-3.3707986831665053,-5.4424488258361805
2023-02-21,33.63249969482422,5539600,61.559364934082716,0.8925001961844288,-0.5897495269775419,-2.4069494628906263,-4.496524591445922
2023-02-22,33.8025016784668,8826000,57.10822041486898,0.7917840140206494,-0.5917513847351046,-2.5415514373779295,-4.636239070892334
2023-02-23,34.209999084472656,6332400,55.362769495882056,0.4142864772251684,-0.8079988479614286,-2.90434886932373,-5.011411485671996
2023-02-24,33.88249969482422,5308800,55.66126535256145,0.5299998692103784,-0.3362494468688979,-2.553999519348146,-4.642599601745605
2023-02-27,34.5,6678000,63.09486711909269,-0.21357182094028815,-0.804499721527101,-3.1465998458862288,-5.2189874076843275
2023-02-28,34.67499923706055,8226800,56.96434509679891,-0.4949994768415209,-0.7937489509582534,-3.2830491256713863,-5.349249153137208
2023-03-01,34.63999938964844,7070800,54.06975403160702,-0.4482138497488819,-0.6019990921020479,-3.183149299621583,-5.268136806488037
2023-03-02,34.14500045776367,7820400,50.10822081891123,0.1199994768415209,-0.03125019073486612,-2.6235503768920907,-4.738225374221802
2023-03-03,35.16999816894531,7320000,62.96814556594588,-0.709641592843191,-0.9657480239868192,-3.5578981399536147,-5.7186230945587155
2023-03-06,35.64500045776367,9174800,61.860143775987126,-0.9796436854771216,-1.3080003738403292,-3.9288504028320297,-6.149612884521485
2023-03-07,35.717498779296875,5931200,53.12359504984298,-0.789999280657085,-1.2157487869262695,-3.903648757934569,-6.171736211776732
2023-03-08,37.099998474121094,15441600,62.254732244149615,-1.8010706220354322,-2.429623603820801,-5.145998497009277,-7.495110912323
2023-03-09,37.162498474121094,16618800,62.38892209819661,-1.508213588169646,-2.3397487640380845,-5.064098510742184,-7.500098419189452
2023-03-10,36.6150016784668,11646400,65.31451773190608,-0.6785736083984375,-1.668001937866208,-4.378601684570313,-6.89740161895752
2023-03-13,36.717498779296875,9258800,76.166283578458,-0.41357094900948965,-1.600499153137207,-4.342598800659182,-6.94092372894287
2023-03-14,38.287498474121094,12854400,80.74026701360691,-1.5382134573800244,-2.9561239242553725,-5.7562485122680656,-8.445673427581788
2023-03-15,38.45000076293945,12148400,80.0709696863774,-1.3000014168875538,-2.964376258850095,-5.7565007781982445,-8.545563211441038
2023-03-16,40.66999816894531,20572000,87.95083225977083,-2.8124989100864966,-4.919998741149904,-7.767648239135745,-10.6945481300354
2023-03-17,40.814998626708984,18563600,87.27866734943976,-2.4267850603376147,-4.7952491760253935,-7.665548706054686,-10.76332359313965
2023-03-20,41.04999923706055,11242400,87.36815131439488,-2.1064284188406788,-4.705624771118167,-7.6269993209838844,-10.92016170501709
2023-03-21,42.02000045776367,14372800,88.98577336448504,-2.3042869567871094,-5.256250953674318,-8.31885051727295,-11.812737922668457
2023-03-22,41.51499938964844,12150800,88.89183686533568,-1.1139286586216528,-4.365625000000001,-7.557899475097656,-11.229124355316163
2023-03-23,42.34749984741211,11962400,88.66147958103866,-1.366428920200896,-4.791250419616702,-8.119599952697754,-11.979274816513062
2023-03-24,42.23500061035156,10000800,86.93948611889803,-0.7132154192243334,-4.261126136779787,-7.744050712585448,-11.785975580215453
2023-03-27,41.9900016784668,7770800,84.49274881971921,-0.27964455740792715,-3.641627120971677,-7.2451517486572286,-11.459839143753051
2023-03-28,40.75,15169600,70.3910769298965,0.9510716029575903,-2.0978754043579073,-5.76515007019043,-10.139099969863892
2023-03-29,40.625,14022400,69.2094463152869,1.015357426234651,-1.6736253738403306,-5.40915008544922,-9.929674968719482
2023-03-30,40.622501373291016,11673200,73.66401105733016,0.8182133265904028,-1.3472517013549776,-5.169201431274416,-9.839176330566406
2023-03-31,41.96500015258789,12121600,77.02807687788606,-0.4599996294294115,-2.3500003814697266,-6.229950218200685,-11.086762609481813
2023-04-03,41.935001373291016,12870800,72.32937314723868,-0.488929203578401,-2.0055015563964815,-5.936901397705078,-10.963176326751707
2023-04-04,41.685001373291016,6091600,69.59419555840626,-0.3175005231584791,-1.4571264266967745,-5.449001388549803,-10.617776317596437
2023-04-05,40.71500015258789,8589600,50.32121325325284,0.47035762241908685,-0.3063751220703139,-4.273550148010251,-9.55787509918213
2023-04-06,39.962501525878906,10709200,44.40067529544176,1.110356467110769,0.5861236572265653,-3.3295014953613276,-8.722851467132568
2023-04-10,40.782501220703125,5932000,48.36841676652279,0.31285694667271,-0.025501060485837,-3.953801155090332,-9.455238656997679
2023-04-11,39.90250015258789,7226800,36.94109908475476,1.090000697544646,1.0137500762939453,-2.906050071716308,-8.494925088882447
2023-04-12,40.352500915527344,7584800,42.78175235940451,0.40964290073939935,0.6669994354248061,-3.1682007980346683,-8.867938346862793
2023-04-13,41.1974983215332,6674800,42.87041372818905,-0.5407120840890087,-0.040623092651365766,-3.819348220825198,-9.630535764694216
2023-04-14,40.900001525878906,5595600,41.909088975468464,-0.3553581237792969,0.26837387084960795,-3.3564514160156236,-9.24761396408081
2023-04-17,40.85499954223633,4230000,42.95029328167456,-0.29035622732980215,0.3153759002685561,-3.161549453735354,-9.116999483108522
2023-04-18,40.67250061035156,6544800,49.44583860690438,-0.006428854806081574,0.47899990081786825,-2.8254005432128935,-8.848313045501708
2023-04-19,39.522499084472656,11825600,43.1244046593819,0.9635723658970434,1.5041263580322237,-1.5333990478515602,-7.617461528778076
2023-04-20,38.84749984741211,9182400,39.78709674587253,1.4878572736467603,2.045750617980957,-0.7559998321533214,-6.8684122943878165
2023-04-21,38.967498779296875,6270800,29.929672617785727,1.1700008937290747,1.756751632690431,-0.7789488220214835,-6.916861228942871
2023-04-24,39.13999938964844,9402800,31.635984490567267,0.7035718645368334,1.4295009613037095,-0.8512494659423808,-7.021124343872067
2023-04-25,38.39500045776367,11003200,29.70387014302416,1.0907135009765625,1.9947498321533175,-0.0047005462646509955,-6.212900409698484
2023-04-26,38.9900016784668,13028400,38.84217705337421,0.22928401402064935,1.311748695373538,-0.49990173339843835,-6.740076618194578
2023-04-27,39.189998626708984,9014400,44.618575132989676,-0.18249893188476562,1.040001678466794,-0.6233987426757821,-6.86694857597351
2023-04-28,40.040000915527344,9546800,44.84911098855617,-0.9585723876953125,0.1608743667602539,-1.3802510070800764,-7.639625864028929
2023-05-01,40.040000915527344,17197200,51.086533853012725,-0.788215092250276,0.06462440490722798,-1.287850952148439,-7.563300857543943
2023-05-02,33.744998931884766,65663200,22.858887972755426,4.760715484619141,5.950126266479494,4.99090103149414,-1.2266613769531247
2023-05-03,33.182498931884766,20181600,16.2952068919937,4.472143990652903,6.087501144409181,5.544401016235355,-0.6239738845825187
2023-05-04,33.834999084472656,16893200,21.15148690604289,3.168215070452007,5.091000938415526,4.892550811767578,-1.2382365417480443
2023-05-05,34.494998931884766,12140000,25.27216054238704,1.8660719735281788,4.157625961303708,4.238250961303713,-1.8568738937377915
2023-05-08,34.51750183105469,8765200,25.767730075723208,1.1760695321219288,3.8218730926513658,4.228448104858401,-1.8392267799377464
2023-05-09,34.630001068115234,8847600,29.024664282174697,0.2907131740025122,3.445748901367189,4.118548889160159,-1.9065510082244899
2023-05-10,35.310001373291016,8802400,34.840379445792564,-1.0650013514927466,2.5136236190795884,3.4512486267089812,-2.5393263053894017
2023-05-11,34.752498626708984,7244800,32.58984859395164,-0.36357007707868405,2.7488763809204073,4.011001358032225,-1.9372360610961934
2023-05-12,34.657501220703125,7116000,31.36563421164641,-0.05785805838448965,2.5317487716674805,4.116248779296875,-1.8053261470794695
2023-05-15,34.494998931884766,6594800,32.961996373623435,0.19892992292131595,2.376251029968259,4.265251083374025,-1.6145113658905004
2023-05-16,34.03499984741211,8424000,28.094608496213965,0.593214852469309,2.5043750762939467,4.6930501556396464,-1.1301247787475575
2023-05-17,33.95750045776367,9409600,26.61454927102251,0.5907140459333178,2.303624534606932,4.735349578857424,-1.0298503875732408
2023-05-18,35.3650016784668,13197600,30.097928372075188,-0.7117870875767309,0.7219984054565458,3.2931484222412095,-2.4069515991210935
2023-05-19,35.977500915527344,13318800,33.562621509974235,-1.2289292471749462,-0.04000072479247763,2.656949234008792,-2.991688327789305
2023-05-22,36.342498779296875,10478800,70.20613900509872,-1.3667842320033472,-0.5448736190795884,2.286501312255858,-3.3287986946105974
2023-05-23,35.11750030517578,10950800,63.64598964489958,-0.0760716029575903,0.5162498474121122,3.4794998168945312,-2.086562719345096
2023-05-24,35.30500030517578,12674400,61.09434883549529,-0.14785712105886972,0.1444997787475586,3.232349853515622,-2.253425216674806
2023-05-25,39.04999923706055,32553600,73.45520460686615,-3.1764275687081494,-3.607499122619629,-0.5006491088867193,-5.954386653900144
2023-05-26,42.587501525878906,34800000,80.51039934188172,-5.481072562081472,-7.017626380920412,-3.999801330566406,-9.438288936614988
2023-05-30,43.60499954223633,25407600,81.7586702713268,-5.321428026471821,-7.856874465942383,-4.961499328613279,-10.395299453735355
2023-05-31,41.584999084472656,24697600,70.28118540196239,-2.500356401715962,-5.444874000549319,-2.9307988739013666,-8.325949001312253
2023-06-01,41.66999816894531,14539200,73.06218512360286,-1.824284144810271,-5.1054981231689425,-3.0227980041503884,-8.363523101806642
2023-06-02,40.625,13508000,68.70983174422443,0.00749969482421875,-3.7209999084472685,-1.9955998229980452,-7.277787437438967
2023-06-05,40.657501220703125,8705200,69.48002163772914,0.7396414620535694,-3.445376014709474,-2.0619010162353533,-7.268826160430905
2023-06-06,39.91999816894531,12061200,68.28207291085742,1.6014300755092066,-2.4377481460571317,-1.3706980133056632,-6.497648124694827
2023-06-07,38.897499084472656,13351600,64.49530360092709,2.0967859540666822,-1.2018741607666001,-0.41004898071289375,-5.443161544799807
2023-06-08,40.58000183105469,11422000,65.059198862839,-0.0178593226841528,-2.6208768844604506,-2.0959516906738287,-7.081689281463625
2023-06-09,40.630001068115234,11912800,63.885988759820805,-0.2042868477957569,-2.3770009994506864,-2.1458509063720683,-7.087238512039185
2023-06-12,42.5,12934800,66.86293666609976,-1.955714089529856,-3.854874992370604,-3.9782998657226543,-8.901774940490725
2023-06-13,42.150001525878906,13179200,70.2286821348172,-1.3878582545689184,-3.122126388549802,-3.624601364135742,-8.499138956069949
2023-06-14,42.27000045776367,10488800,70.11262115217306,-1.2775001525878906,-2.8303752899169936,-3.737900314331057,-8.561575384140014
2023-06-15,40.86750030517578,25975200,56.06946430668816,0.26035744803292715,-1.0823751449584975,-2.351750183105466,-7.10671273231506
2023-06-16,39.4474983215332,17998800,37.786840466120125,1.7589307512555834,0.5417516708373995,-0.9570982360839864,-5.640848255157472
2023-06-20,38.625,17501200,30.33175512535921,2.302143096923828,1.4966249465942383,-0.1613499450683591,-4.775074930191039
2023-06-21,37.877498626708984,13289600,33.721184591136506,2.6564298357282397,2.320876312255862,0.5280513763427734,-3.9847860622406017
2023-06-22,38.310001373291016,13264000,35.68387077689442,1.6253558567592066,2.0479986190795927,0.06369865417480725,-4.372363805770874
2023-06-23,37.20500183105469,33677200,35.5023463853376,2.0239268711635034,3.2479982376098633,1.1057482147216788,-3.228276758193971
2023-06-26,37.70500183105469,10996400,37.96127099910345,0.8717842102050781,2.680748367309569,0.5358982849121077,-3.6900892448425324
2023-06-27,39.032501220703125,12628800,46.547376444182994,-0.717857905796599,1.1754989624023438,-0.8289511108398457,-4.975901126861572
2023-06-28,38.96500015258789,9360800,50.28367746025069,-0.719285147530691,1.0110000610351548,-0.7992500305175767,-4.869087562561035
2023-06-29,39.8224983215332,9024400,46.57934692097297,-1.4057121276855469,0.06537685394287251,-1.6737482452392598,-5.683410739898683
2023-06-30,40.51499938964844,12004800,49.50916911238199,-1.7214273725237135,-0.6848741531372085,-2.3463993072509766,-6.323236808776855
2023-07-03,39.974998474121094,3686800,37.84303800444173,-0.9435697283063647,-0.17737331390380717,-1.7838484191894537,-5.736185903549192
2023-07-05,39.91999816894531,6179200,38.94944261586052,-0.5007128034319166,-0.15924816131591513,-1.7097981262207043,-5.627760610580445
2023-07-06,39.724998474121094,5550400,37.48155042134278,-0.0171421595982153,0.026001548767091265,-1.503098449707032,-5.378798427581785
2023-07-07,39.5,7140400,42.39221229021825,0.27464185442243405,0.2811250686645508,-1.2559999847412087,-5.099974956512455
2023-07-10,39.88750076293945,5835200,52.76557096246396,0.018926892961772523,-0.14100074768066406,-1.625550765991214,-5.4306257152557365
2023-07-11,40.04249954223633,6460000,59.72555126611268,-0.10464314052036627,-0.3253746032714844,-1.7634995269775402,-5.527686996459963
2023-07-12,41.0099983215332,10754800,70.86246967804614,-1.0014277866908472,-1.3673734664916992,-2.7115983581542977,-6.430823287963868
2023-07-13,42.15250015258789,11157600,73.37997779188996,-1.8328579493931372,-2.5097503662109375,-3.811850204467774,-7.5000251197814976
2023-07-14,41.39500045776367,8140400,76.62007112690632,-0.8646436418805834,-1.7960006713867216,-2.9013504791259734,-6.671925420761106
2023-07-17,42.60499954223633,7499600,78.55477181836169,-1.6632140023367725,-2.9191247940063505,-3.922899551391602,-7.807549505233766
2023-07-18,43.377498626708984,11921200,77.07164264951598,-1.8817847115652881,-3.495123863220215,-4.504548645019533,-8.509023599624634
2023-07-19,44.064998626708984,9626400,79.49682159918173,-1.972499302455354,-3.910623931884764,-5.0006486511230435,-9.119636106491086
2023-07-20,42.852500915527344,10467200,66.83335487931777,-0.3585728236607153,-2.449376106262207,-3.6214509582519554,-7.833988389968873
2023-07-21,42.90999984741211,6565200,64.31561363770064,-0.14464296613420657,-2.2768751144409194,-3.51334991455078,-7.821724824905395
2023-07-24,42.93000030517578,8346000,68.83367906334882,-0.05357197352817877,-2.0106256484985323,-3.3809503936767555,-7.778087778091432
2023-07-25,43.522499084472656,10618000,71.48824530585868,-0.34214237758091315,-2.3122495651245103,-3.798049163818362,-8.304661560058591
2023-07-26,41.11249923706055,15090400,56.546363679231874,1.8546431405203663,0.20175018310546733,-1.2589493560790999,-5.841474218368532
2023-07-27,40.247501373291016,15479600,53.32592628047475,2.272498539515901,1.1308731079101548,-0.27890144348144474,-4.920751352310184
2023-07-28,37.772499084472656,29140000,42.063779480897445,3.8485723223005053,3.503375434875487,2.2708508300781247,-2.393736572265624
2023-07-31,38.772499084472656,28504000,45.51869808126305,2.2657149178641163,2.416250419616702,1.3671508026123078,-3.333686580657961
2023-08-01,46.40250015258789,64125200,62.94252418096381,-4.8653575352260034,-4.892375564575197,-6.042100296020507,-10.861237649917605
2023-08-02,44.31999969482422,17000400,54.97760939979456,-2.5842857360839844,-2.5898750305175753,-3.7927498626708953,-8.687024698257446
2023-08-03,44.439998626708984,11149600,57.203688101173704,-2.5732133047921337,-2.474123954772949,-3.7507987976074233,-8.710286140441895
2023-08-04,44.900001525878906,10311600,55.629144401788615,-2.4921444484165747,-2.6641267776489244,-4.015151672363281,-9.076489028930666
2023-08-07,44.817501068115234,9074800,53.6557564450856,-1.7567868913923022,-2.3351263046264634,-3.7424011993408186,-8.902751064300539
2023-08-08,45.11249923706055,8652000,52.713380977281965,-1.003213609967915,-2.376624488830565,-3.916149368286135,-9.103574237823487
2023-08-09,44.3650016784668,6640400,54.0146010529882,0.543212890625,-1.4613767623901381,-3.1331018066406244,-8.266301670074462
2023-08-10,44.07500076293945,5088000,53.05453836961397,0.5007138933454272,-1.0752508163452177,-2.8337008666992176,-7.894075746536252
2023-08-11,43.73500061035156,4929600,52.0758131266511,0.7571427481515087,-0.6182506561279268,-2.4507006835937517,-7.473825588226319
2023-08-14,44.529998779296875,6647200,52.5711362960217,-0.024998256138395902,-1.3169988632202134,-3.1884988403320307,-8.186961259841922
2023-08-15,44.912498474121094,6409200,60.816964230450736,-0.40571267264230215,-1.622748565673831,-3.485248565673828,-8.481110963821408
2023-08-16,45.342498779296875,17086400,64.87156184563639,-0.7607133047921337,-1.9888738632202134,-3.8215489196777312,-8.833311271667483
2023-08-17,45.689998626708984,11352800,76.38726967833473,-1.0257132393973194,-2.1944988250732393,-4.0536487579345675,-9.104198627471924
2023-08-18,45.1349983215332,9462000,71.8529957200443,-0.3607134137834791,-1.5282485961914034,-3.373898468017579,-8.474598331451418
2023-08-21,46.16749954223633,8606800,48.52386534308797,-1.0942862374441944,-2.3988748550415053,-4.294649734497071,-9.435899553298952
2023-08-22,46.880001068115234,14522000,69.42337871028504,-1.3575019836425781,-2.9435012817382784,-4.882151260375977,-10.070301074981693
2023-08-23,47.45750045776367,10072800,71.40831195262685,-1.516786847795757,-3.2037506103515625,-5.360500640869141,-10.56332546234131
2023-08-24,44.79750061035156,13534400,49.44579106467518,1.1267847333635572,-0.3162508010864258,-2.64755081176758,-7.843175621032714
2023-08-25,45.224998474121094,6566800,52.12404284552506,0.6825011117117725,-0.37112369537353374,-3.0159487152099587,-8.207773494720456
2023-08-28,45.4900016784668,4766400,51.973868974673195,0.3889269147600416,-0.3002517700195284,-3.188501892089846,-8.40671419143677
2023-08-29,46.36249923706055,4915200,60.30966481854839,-0.30821337018694095,-1.1747493743896484,-3.9226994323730437,-9.201049251556398
2023-08-30,46.775001525878906,4922000,63.76146985203565,-0.6339296613420728,-1.4645015716552763,-4.17220169067383,-9.538401536941528
2023-08-31,48.807498931884766,19036800,72.04954978110052,-2.3910702296665747,-3.2786239624023423,-5.986099090576175,-11.487548952102664
2023-09-01,49.34000015258789,8224000,71.39680006679113,-2.6546429225376684,-3.589125251770021,-6.298000335693359,-11.93735016822815
2023-09-05,49.3650016784668,6325600,70.457164109573,-2.027144295828684,-3.386751747131349,-6.079801864624024,-11.881339178085327
2023-09-06,49.3849983215332,4841600,69.30054715271866,-1.452855246407644,-3.1931234359741225,-5.8661985778808585,-11.817773332595827
2023-09-07,48.8849983215332,6701600,65.03529268152573,-0.467855725969585,-2.467123603820802,-5.169148635864261,-11.238423337936403
2023-09-08,49.11750030517578,5989200,69.32783952836613,-0.306786128452849,-2.447500610351561,-5.1986006164550815,-11.394687814712526
2023-09-11,48.29750061035156,7478400,60.55501008872101,0.7307134355817553,-1.3993759155273438,-4.209100875854489,-10.501463117599485
2023-09-12,47.25749969482422,6111200,51.81184853994218,1.549285888671875,-0.2229999542236314,-3.0342499542236325,-9.395224695205691
2023-09-13,47.022499084472656,6460000,47.841184415135956,1.4532149178641163,0.11750068664550639,-2.6582993316650416,-9.096599092483522
2023-09-14,46.88999938964844,6193200,63.862196820673105,1.232142857142854,0.3273754119873047,-2.3863996124267572,-8.899349393844602
2023-09-15,46.18000030517578,8418400,56.09834998548175,1.4842850821358837,1.0618745803833036,-1.5473004913330044,-8.125575304031372
2023-09-18,46.505001068115234,5998400,56.43218927862087,0.8192847115652881,0.8053739547729464,-1.7322012329101568,-8.385188570022585
2023-09-19,46.20750045776367,4142400,48.940541848492686,0.701071058000835,1.104874610900879,-1.30830062866211,-8.030775461196896
2023-09-20,45.6875,5091600,42.67429143513807,0.8482142857142847,1.5652500152587905,-0.6754001617431626,-7.457062501907352
2023-09-21,44.46500015258789,7297200,17.16448563193856,1.671785627092632,2.638124847412108,0.616199722290041,-6.181037645339963
2023-09-22,45.084999084472656,5640400,18.246264301554632,0.775000980922151,2.0325008392334,0.05485076904297159,-6.741649084091186
2023-09-25,45.29499816894531,6032800,20.44295931930492,0.3371445792061962,1.8260017395019545,-0.07714836120605639,-6.886473169326784
2023-09-26,44.47999954223633,5951600,18.066415466212604,0.9092859540666822,2.5905002593994126,0.7753502655029294,-6.007524547576907
2023-09-27,45.400001525878906,8677600,28.487680179639227,-0.16857310703822748,1.622373390197751,-0.10420166015624943,-6.860689029693603
2023-09-28,46.10749816894531,6858400,32.44896088944091,-0.8903557913643994,0.8815015792846665,-0.7708483123779288,-7.497523183822629
2023-09-29,45.98249816894531,6912800,35.31089309452416,-0.7232131958007812,0.8652515411376953,-0.5832483673095723,-7.306310701370236
2023-10-02,46.95249938964844,6685600,48.04737259590962,-1.3378573826381128,-0.2241247177123995,-1.4723995971679713,-8.207824430465699
2023-10-03,46.22249984741211,5250400,45.18362688065113,-0.4453577314104322,0.3487497329711928,-0.6765500640869107,-7.410449895858761
2023-10-04,46.50749969482422,7835200,47.73869437395639,-0.557143075125559,-0.08012504577637003,-0.9018498992919888,-7.619887247085572
2023-10-05,47.00749969482422,6706800,55.016669503504104,-0.6960716247558594,-0.6739999771118192,-1.283949890136718,-8.039424753189088
2023-10-06,48.505001068115234,8164800,60.61571331613075,-1.7500016348702587,-2.2021263122558565,-2.616301269531249,-9.447588624954221
2023-10-09,49.099998474121094,5825600,64.88294064928596,-1.9174989972795728,-2.7569988250732393,-2.984748687744144,-9.949298534393307
2023-10-10,48.682498931884766,6499600,65.57462706996552,-1.1142850603376147,-2.268249320983884,-2.3690491485595686,-9.442548999786375
2023-10-11,47.96500015258789,12098000,69.20967451520646,-0.252143314906526,-1.5036254882812514,-1.6203003692626936,-8.63568772315979
2023-10-12,48.252498626708984,7574000,68.04330527121857,-0.24964196341378653,-1.722999000549315,-1.8291488647460952,-8.83163619995117
2023-10-13,47.462501525878906,5094400,61.58164866837069,0.6767839704241041,-0.8688768386840806,-0.9787017059326146,-7.952901592254641
2023-10-16,49.209999084472656,8604400,72.98350039796713,-0.7560708182198681,-2.4811244964599624,-2.639999313354494,-9.603311653137204
2023-10-17,48.852500915527344,7319200,67.7461037285461,-0.3489298139299635,-1.9913763046264634,-2.201801147460941,-9.153900976181028
2023-10-18,48.54999923706055,7547600,63.10004562501151,-0.12499945504324472,-1.5457496643066406,-1.8305494689941426,-8.760336799621584
2023-10-19,47.869998931884766,6584000,59.55455572398211,0.4389294215611059,-0.6954994201660156,-1.0804492187499974,-7.992124004364015
2023-10-20,46.52750015258789,6350400,47.92683067526172,1.576071058000835,0.7191244125366225,0.3110995483398469,-6.559287719726562
2023-10-23,46.630001068115234,6722000,52.11744165855956,1.2417847769601025,0.6833736419677763,0.26649864196777173,-6.565501127243039
2023-10-24,47.622501373291016,6438800,55.39691537309657,0.27214159284319095,-0.15200157165527628,-0.6641516113281227,-7.460451421737673
2023-10-25,46.522499084472656,7516800,47.78133149427342,0.9882153102329809,1.0041255950927734,0.4680506896972645,-6.271424140930179
2023-10-26,42.45500183105469,21616400,27.592576423285948,4.141784123011995,4.888998031616211,4.477798004150394,-2.135689382553103
2023-10-27,44.04750061035156,11157600,32.57457708732959,1.906071254185271,3.199749374389647,2.8524492645263706,-3.653363161087036
2023-10-30,43.93000030517578,14786800,33.262892261163785,1.460714612688335,3.1661247253417955,2.945849609375003,-3.4626878547668483
2023-10-31,50.092498779296875,35794800,55.41555216471189,-4.192498343331472,-2.8028738021850614,-3.1381488800048842,-9.518473834991454
2023-11-01,52.709999084472656,24259600,60.14336565359776,-5.941427503313335,-5.110249137878419,-5.639049224853515,-12.017799148559568
2023-11-02,52.91999816894531,12801600,62.75563426971241,-5.394641331263948,-5.024623298645018,-5.739798355102536,-12.1069482421875
2023-11-03,53.122501373291016,8634400,59.856410930590094,-4.654287065778462,-4.996251487731932,-5.775801544189456,-12.183226442337038
2023-11-06,53.20249938964844,7943600,61.11394619814828,-3.1989282880510572,-4.871124458312991,-5.69624954223633,-12.141124458312987
2023-11-07,53.150001525878906,7508000,61.904770366825076,-1.8460731506347656,-4.595251464843749,-5.4905516815185536,-11.971826591491698
2023-11-08,52.400001525878906,8654400,61.681288364619824,0.11392702375139407,-3.6235013961792006,-4.619801635742185,-11.11203907966614
2023-11-09,52.90999984741211,8340400,67.19655496207811,0.006428854806081574,-3.9006246566772447,-5.007099990844729,-11.509412403106687
2023-11-10,51.709999084472656,13687600,62.92291864105524,1.063572474888396,-2.4882490158081083,-3.7490492248535148,-10.205849142074584
2023-11-13,52.56999969482422,7945600,62.67127550337505,0.15357208251953125,-3.1802495956420884,-4.544449844360351,-10.960574750900271
2023-11-14,53.79999923706055,6964400,68.51546348128406,-0.9796420506068628,-4.162874221801758,-5.685749435424803,-12.076374292373657
2023-11-15,53.435001373291016,7564400,84.42007607872868,-0.5814296177455347,-3.553626251220706,-5.239751510620117,-11.601726417541506
2023-11-16,53.32500076293945,7980000,82.06325689170423,-0.4464291163853247,-3.1708755493164062,-5.040950851440428,-11.388250808715817
2023-11-17,53.657501220703125,4434400,83.12618474546679,-0.5992867606026806,-3.146875953674318,-5.282651290893554,-11.619263763427732
2023-11-20,53.834999084472656,4397600,71.5148184470499,-0.6446418762207031,-2.9641239166259794,-5.3493991851806655,-11.692536640167233
2023-11-21,53.83000183105469,5851200,59.20299358553209,-0.3367870875767309,-2.648751640319823,-5.212951889038088,-11.580501880645755
2023-11-22,54.42250061035156,6957200,61.615805932946174,-0.6646428789411303,-2.846250343322751,-5.657450637817384,-12.069525661468504
2023-11-24,54.59749984741211,3053200,61.45187429955148,-0.7257134573800244,-2.4141246795654325,-5.678299865722657,-12.142112407684323
2023-11-27,54.66749954223633,5656000,61.39193382942282,-0.6196419852120556,-1.9531244277954087,-5.578549575805667,-12.109424610137943
2023-11-28,54.3125,6282000,58.63349504386129,-0.12357112339564935,-1.0789999008178697,-5.067400054931639,-11.649450073242186
2023-11-29,54.82500076293945,6760400,68.66822543804471,-0.4692862374441944,-1.3548755645751953,-5.407550811767578,-12.057825832366944
2023-11-30,54.9275016784668,8793200,66.57087354305051,-0.4157153538295191,-1.346501350402832,-5.325251693725583,-12.062514247894285
2023-12-01,54.15999984741211,6580000,71.66227183469226,0.39892905099051035,-0.5169994354248075,-4.363849868774416,-11.201124916076658
2023-12-04,53.775001525878906,6966400,61.63130825154061,0.691427503313335,-0.09937610626220561,-3.8050514984130857,-10.724351577758789
2023-12-05,53.9275016784668,4046800,51.553962828375994,0.4432133265904028,-0.21562614440917827,-3.7849015808105477,-10.780001716613768
2023-12-06,53.349998474121094,8064400,49.01502982360445,0.8325020926339306,0.37187690734863565,-3.02999839782715,-10.103911018371583
2023-12-07,53.8224983215332,5946000,55.31798808982056,0.2900020054408472,-0.02949810028076172,-3.334048309326171,-10.476310882568356
2023-12-08,56.00749969482422,8846800,67.99386610585348,-1.7260709490094897,-2.059624481201169,-5.32104965209961,-12.552324752807614
2023-12-11,56.64250183105469,8054000,70.08945631784562,-2.1160730634416822,-2.4480014801025405,-5.7428517150878875,-13.073526878356937
2023-12-12,57.46500015258789,7202400,73.28633185649316,-2.466428484235493,-3.02574977874756,-6.355100021362304,-13.781200199127198
2023-12-13,57.38750076293945,6439600,70.33606466875733,-1.8728577750069775,-2.7688753128051786,-6.054300613403321,-13.590138301849365
2023-12-14,57.75749969482422,9078800,71.10887093691662,-1.695714133126394,-2.9227493286132784,-6.199299545288085,-13.84454973220825
2023-12-15,58.900001525878906,11476400,74.72976183736542,-2.04535838535854,-3.786501121520999,-7.103951339721682,-14.863276557922362
2023-12-18,59.70249938964844,7231600,79.92779826214263,-2.0078560965401806,-4.286749076843265,-7.682499237060547,-15.543111915588376
2023-12-19,59.17499923706055,8747600,74.11306216008188,-1.0278560093470972,-3.492248916625975,-6.953499069213869,-14.897961769104
2023-12-20,58.290000915527344,6189600,67.15123010102087,0.09249932425363028,-2.3842506408691406,-5.876350708007813,-13.90010093688965
2023-12-21,58.834999084472656,7652000,74.39979230203488,-0.25678471156528815,-2.7086238861083984,-6.203948898315431,-14.336424102783205
2023-12-22,59.564998626708984,4086400,79.1687533798989,-0.675713130405974,-3.190248489379883,-6.707698440551759,-14.95441114425659
2023-12-26,59.38249969482422,5167200,77.39828781178115,-0.2610713413783472,-2.7719995498657255,-6.286799545288083,-14.658074722290038
2023-12-27,59.432498931884766,2425200,82.25937044405896,-0.23499952043805905,-2.5659988403320284,-6.132348785400389,-14.59449895858765
2023-12-28,59.24250030517578,2869600,79.63371369099886,-0.11071504865373782,-2.155125236511232,-5.734550170898437,-14.29972532272339
2023-12-29,58.877498626708984,3604800,69.59045475921036,0.21178654261997565,-1.5926237106323242,-5.162998504638672,-13.832586154937744
2024-01-02,57.88999938964844,5636800,58.12438388399529,1.1421427045549635,-0.41862449645996236,-3.9750992584228513,-12.758986911773682
2024-01-03,57.349998474121094,4807200,49.22243549699183,1.4700006757463697,0.30012626647949503,-3.2186483764648415,-12.136310997009275
2024-01-04,57.63999938964844,5306400,51.65953870585515,0.9049998692103784,0.19575023651123047,-3.2884493255615226,-12.343361911773684
2024-01-05,57.72999954223633,4916000,49.81234957901646,0.5789282662527881,0.3247501373291044,-3.1762995147705055,-12.35481206893921
2024-01-08,61.462501525878906,8921600,62.91908799559352,-2.8635733468191944,-3.025751686096193,-6.6100014495849635,-15.987576541900637
2024-01-09,61.29999923706055,5413200,58.60953824380428,-2.4071426391601562,-2.5986244201660185,-6.070599212646485,-15.730311756134036
2024-01-10,62.307498931884766,6708800,66.05175399844401,-2.924642290387837,-3.3228742599487333,-6.712898941040038,-16.637448959350586
2024-01-11,62.935001373291016,5027200,74.44736101356867,-2.83143016270229,-3.6768766403198256,-6.960301361083985,-17.160226402282717
2024-01-12,63.00749969482422,4929200,73.10993506883143,-2.0957140241350416,-3.468375015258786,-6.774499664306639,-17.121437225341793
2024-01-16,63.314998626708984,7755600,71.78964867560678,-1.592498779296875,-3.4979990005493136,-6.869898605346677,-17.315486164093016
2024-01-17,62.247501373291016,5674000,65.09484284374577,0.12035587855747565,-2.2631267547607408,-5.615851287841799,-16.139863910675047
2024-01-18,64.38999938964844,7445600,71.4008213331893,-1.6039281572614428,-4.171249771118163,-7.532999343872071,-18.170236930847167
2024-01-19,65.87750244140625,7606800,75.75698610597746,-2.437502179827007,-5.323627662658694,-8.767002334594729,-19.538027477264407
2024-01-22,66.6500015258789,5882400,79.24741885354408,-2.5896437508719288,-5.678126716613768,-9.269501419067382,-20.185701560974124
2024-01-23,65.51000213623047,7108000,78.34821935413554,-1.081787109375,-4.204377174377441,-7.867302017211912,-18.921727161407468
2024-01-24,65.61750030517578,9588800,81.779750240334,-0.8164280482700832,-4.0092502593994155,-7.72065017700195,-18.900950336456297
2024-01-25,66.1050033569336,6463200,82.05226351191294,-0.9053589957101025,-4.160628128051755,-7.920253143310546,-19.26184087753296
2024-01-26,66.0999984741211,5436400,81.89784583106425,-0.3499973842075832,-3.8222482681274386,-7.644648284912108,-19.125848503112792
2024-01-29,67.3949966430664,7680400,77.7673465568996,-1.215710231236045,-4.7096216201782255,-8.667746505737306,-20.285634193420407
2024-01-30,67.98999786376953,6818000,80.0944562143863,-1.5089263916015625,-4.8489978790283175,-8.971647796630862,-20.74667291641235
2024-01-31,64.66999816894531,12233600,58.797240520361285,1.5282156808035694,-1.1899982452392592,-5.424748153686522,-17.307823238372805
2024-02-01,65.74500274658203,8947600,60.126128290914366,0.48678261893135755,-1.845252609252931,-6.258002700805662,-18.25837779998779
2024-02-02,68.2750015258789,13006800,66.12582413321786,-1.6635731288364894,-3.843501281738284,-8.499201431274415,-20.650364074707028
2024-02-05,68.24250030517578,7920000,65.3432964815,-1.3257152012416356,-3.2853750228881893,-8.178450241088868,-20.47426284790039
2024-02-06,66.22250366210938,10025600,61.68430599109097,0.7117821829659619,-1.0273782730102567,-5.922453536987305,-18.3173911857605
2024-02-07,66.76249694824219,9433600,57.69916394816123,0.0814317975725487,-1.2942466735839844,-6.219146881103512,-18.71840948104858
2024-02-08,68.97250366210938,9785200,59.59392524425407,-1.9882169451032325,-3.1710031509399386,-8.143053512573239,-20.77925367355347
2024-02-09,70.61250305175781,12730400,61.65612683171619,-2.779287065778462,-4.427127456665033,-9.457052841186524,-22.258165550231936
2024-02-12,70.22000122070312,37805600,64.49229807114912,-1.747499738420757,-3.6740005493164034,-8.75665100097656,-21.709513721466067
2024-02-13,66.37750244140625,28086400,51.901430630183526,1.823927743094302,0.32162342071532635,-4.685152206420895,-17.731077423095705
2024-02-14,66.4175033569336,13368400,50.7997438320538,1.5232129778180763,0.49012260437011435,-4.480003051757812,-17.639190826416012
2024-02-15,66.625,10257600,51.329791242891886,1.373215811593198,0.3943759918212919,-4.430499725341797,-17.71376247406006
2024-02-16,65.4375,9732800,45.01465255699846,2.3714305332728856,1.5598758697509822,-3.012799758911136,-16.36779996871948
2024-02-20,64.90249633789062,10870000,42.112655029007094,2.3250045776367188,2.0075042724609347,-2.2467461395263655,-15.674196319580076
2024-02-21,63.622501373291016,10290000,47.01269941356024,2.6064278738839306,3.19312419891358,-0.770751113891599,-14.245263843536378
2024-02-22,67.19000244140625,14540400,53.607990350194086,-1.39393016270229,-0.29575176239013956,-4.1146021270751945,-17.649289894104
2024-02-23,66.91500091552734,7154400,46.17332338978743,-1.0421431405203663,0.01974964141845703,-3.6341506195068334,-17.212300872802736
2024-02-26,68.43499755859375,9346000,50.49979834540224,-2.273926326206748,-1.3834970474243136,-4.934747314453126,-18.56327253341675
2024-02-27,67.97750091552734,5404400,54.959022436768045,-1.6232152666364357,-0.8968751907348604,-4.265450668334964,-17.94243839263916
2024-02-28,68.2925033569336,4759600,54.37895335370168,-1.5303600856235988,-1.1967523574829073,-4.36975303649902,-18.08974081039429
2024-02-29,69.38500213623047,9420800,51.26127088665709,-1.9825008937290676,-2.0535009384155245,-5.252551803588872,-19.008602085113523
2024-03-01,71.93499755859375,10619600,53.83054402644004,-3.344996861049111,-4.29399662017822,-7.557897262573249,-21.371397514343265
2024-03-04,71.98500061035156,8012800,55.21572215280712,-2.710000174386167,-4.158499717712402,-7.351700286865238,-21.231650562286376
2024-03-05,70.11750030517578,9510000,62.512545498169864,-0.38499995640346185,-2.197249412536621,-5.247649993896488,-19.183350257873535
2024-03-06,71.125,7885200,64.79182828446523,-1.0082135881696388,-2.9596242904663086,-6.00934967041016,-20.012049961090085
2024-03-07,71.62000274658203,9354800,65.41667804796724,-0.9828589303152881,-3.211751747131345,-6.263252334594725,-20.328840198516843
2024-03-08,68.27749633789062,12940000,57.73630024103978,2.357503618512837,0.09600429534911825,-2.742845993041996,-16.82665880203247
2024-03-11,67.75499725341797,8112400,57.775660638851875,2.6471448625837013,0.475628089904788,-2.053896942138678,-16.140972232818605
2024-03-12,70.46499633789062,9380800,67.30305717868137,-0.27285439627510755,-2.222121238708496,-4.539446105957026,-18.675171337127686
2024-03-13,70.17749786376953,12094800,59.05713314258883,-0.24357060023716315,-1.7446229934692354,-4.025947647094725,-18.232035369873046
2024-03-14,71.00499725341797,12551600,61.99764381712369,-0.9442847115652881,-2.342747688293457,-4.591147079467774,-18.917447280883792
2024-03-15,69.43250274658203,15279600,52.917108990929506,0.3864244733537987,-0.629878044128418,-2.7770024871826138,-17.215815258026126
2024-03-18,72.33000183105469,15491600,61.13883878556041,-2.409646170479917,-3.1827520370483455,-5.380701522827152,-19.959589328765873
2024-03-19,71.7300033569336,21082800,58.670704887355505,-1.3164324079241112,-2.2413782119751033,-4.500702972412114,-19.209290828704837
2024-03-20,74.1449966430664,13208000,61.255608843679774,-2.818568638392861,-4.130246734619135,-6.662046356201174,-21.456684131622318
2024-03-21,76.1500015258789,11697200,60.23059291140309,-4.011429922921323,-5.687251663208002,-8.370051193237302,-23.284226512908937
2024-03-22,76.6050033569336,9522000,60.99738955174169,-3.5482166835239894,-5.6577533721923885,-8.539102935791021,-23.555803318023685
2024-03-25,76.375,8049200,66.15463946359655,-2.551070077078677,-5.030749893188471,-8.040299606323245,-23.138412456512448
2024-03-26,74.4574966430664,9850400,58.2172259673649,0.08428955078125,-2.7892467498779325,-5.893796310424804,-21.051521625518802
2024-03-27,72.10250091552734,12813200,51.089775800022466,2.406785147530698,-0.243751144409174,-3.3630505371093733,-18.539163398742673
2024-03-28,72.49500274658203,7357200,60.99024908318001,2.1235689435686425,-0.48075294494628906,-3.550602340698248,-18.781690216064455
2024-04-01,74.9375,6356800,67.01410864812092,-0.20571354457310065,-2.773125076293951,-5.782149581909181,-21.060249977111816
2024-04-02,72.7125015258789,8902400,55.44916059046308,1.5282135009765625,-0.5117515563964901,-3.4204511260986266,-18.683038997650144
2024-04-03,74.69750213623047,7161600,60.12546119911428,-0.7292872837611668,-2.267752075195318,-5.244501724243165,-20.498889598846432
2024-04-04,72.19249725341797,7510000,52.47421631588987,1.1782172066824756,0.2906276702880888,-2.6058469390869163,-17.830159721374514
2024-04-05,74.4000015258789,5810400,60.08321790777022,-1.0375006539481006,-1.777876663208005,-4.637701187133786,-19.858788986206058
2024-04-08,74.34500122070312,5347200,54.62367737372464,-0.6621431623186425,-1.4195011138915987,-4.417900924682613,-19.621451168060304
2024-04-09,73.6875,5243600,54.47990761269829,0.1657148088727638,-0.46537475585937216,-3.608649673461912,-18.78706245422363
2024-04-10,72.05500030517578,7642400,45.039177351673324,1.3864288330078125,1.2466251373291044,-1.882949905395506,-16.980312767028806
2024-04-11,74.1449966430664,6054400,45.2600377898357,-0.4989253452846043,-0.644996261596674,-3.849846267700201,-18.888109130859377
2024-04-12,67.80500030517578,23002000,33.724797744171624,4.856427873883931,5.535000228881842,2.5528501129150385,-12.404250297546383
2024-04-15,65.80000305175781,16291600,31.647001311376783,5.948211669921875,7.358372497558591,4.558947372436521,-10.26507802963257
2024-04-16,65.69000244140625,8905600,33.765399710844406,4.813926696777344,7.136373138427729,4.6172480010986305,-10.025739898681643
2024-04-17,64.81749725341797,10104000,35.72687609231566,4.32535988943917,7.663253021240237,5.4212531280517595,-9.031722221374508
2024-04-18,64.29750061035156,7808400,34.018905490100295,3.503928048270083,7.690874862670896,5.902749710083015,-8.390113067626956
2024-04-19,61.522499084472656,11828800,24.182064699489104,4.774286542619976,9.734501266479498,8.572951278686517,-5.507099037170413
2024-04-22,61.36750030517578,13648800,26.2756179776715,3.103928702218198,9.127624893188482,8.57584999084473,-5.243887748718265
2024-04-23,62.79499816894531,9192000,24.515568995500942,0.9607162475585938,7.021126937866214,6.992002029418941,-6.554910621643067
2024-04-24,63.692501068115234,10381600,30.45528488658796,-0.2378583635602709,5.585374259948736,5.963949127197267,-7.333388519287112
2024-04-25,66.19000244140625,14204800,31.370545580576774,-2.66393116542271,2.792247962951663,3.462697753906255,-9.700152378082272
2024-04-26,66.17500305175781,10087600,31.427597220603502,-2.4550023760114428,2.4912473678588896,3.4728471374511685,-9.559327964782717
2024-04-29,65.9175033569336,5746400,32.00972690681043,-1.96607371738979,2.2977472305297795,3.716196899414058,-9.183003253936768
2024-04-30,64.13999938964844,8160400,31.796224256493673,0.18535886492047382,3.6466260910034123,5.467750854492181,-7.291774291992191
2024-05-01,63.8025016784668,9037200,24.127591346138246,0.8707139151436962,3.439373779296872,5.783248672485357,-6.848289070129397
2024-05-02,65.46499633789062,5591600,42.357921814390906,-0.4103524344308056,1.4405040740966797,4.1576039123535224,-8.400346240997315
2024-05-03,68.5999984741211,11534800,58.51579989827476,-2.8442835126604393,-1.9844982147216825,1.0508016967773415,-11.412673377990721
2024-05-06,69.70500183105469,8221600,61.51419040705116,-3.447144099644248,-3.3215015411376925,0.001598358154296875,-12.38341423034668
2024-05-07,68.49749755859375,16250800,60.35452847605349,-1.9078548976353176,-2.373497390747076,1.2103526306152332,-11.047972469329835
2024-05-08,72.9175033569336,30594400,69.88924182102656,-5.327860695975161,-6.750378036499029,-3.110853118896486,-15.318040752410887
2024-05-09,74.01750183105469,10370400,81.24530198192451,-5.016787392752505,-7.8567512512207,-4.096351623535156,-16.26556421279907
2024-05-10,78.50749969482422,22072400,85.22398833734768,-7.406071254185264,-11.811624145507807,-8.403899536132812,-20.568587074279783
2024-05-13,77.46749877929688,11009200,80.64110461020084,-4.6514271327427394,-10.188248443603513,-7.253248596191412,-19.342486171722413
2024-05-14,78.41500091552734,7515600,80.68144761429896,-4.196786063058042,-10.499500656127935,-8.072150726318355,-20.08677579879761
2024-05-15,81.50749969482422,10414800,81.14894061998291,-5.6032137189592675,-12.757499313354487,-10.936849517822267,-22.965599575042724
2024-05-16,80.02249908447266,7828400,76.57102661173914,-2.4717843191964306,-10.486248779296872,-9.273898925781253,-21.31249897003174
2024-05-17,79.97250366210938,7009200,77.18568082516678,-1.4139317103794582,-9.51375312805176,-9.056853485107425,-21.08424102783203
2024-05-20,79.84750366210938,5550800,82.45687134157204,-0.4560743059430763,-8.464752960205075,-8.70045333862305,-20.78220350265503
2024-05-21,79.24749755859375,7182000,81.5719321994777,0.24964577811104505,-7.042121887207031,-7.870597229003906,-20.010459918975833
2024-05-22,79.125,6666000,79.79929245063198,0.60892922537667,-6.147999382019037,-7.5748995971679705,-19.716424865722658
2024-05-23,75.3550033569336,26610800,64.33878710967991,3.9417833600725487,-1.9197526931762638,-3.7013528442382864,-15.795215702056886
2024-05-24,76.63749694824219,8544800,64.6054896282661,1.9635750906808056,-2.679121589660639,-4.8711964416503974,-16.916346817016603
2024-05-28,76.87249755859375,7166000,68.39851059165365,1.2785742623465381,-2.366372489929205,-4.957397155761726,-16.98735994338989
2024-05-29,77.07749938964844,9458000,61.21595620079408,0.6600003923688575,-1.9244993209838839,-5.067449035644529,-17.025649280548095
2024-05-30,75.91500091552734,6476000,55.09875063603947,1.2607127598353856,-0.15637588500976562,-3.8212506103515693,-15.706225795745851
2024-05-31,74.4124984741211,13950000,36.8917973725959,2.072501046316958,1.793501663208005,-2.313398132324224,-14.0562233543396
2024-06-03,74.09750366210938,8906400,38.6874870666429,1.6692820957728856,2.3833717346191463,-2.0394532775878957,-13.59745351791382
2024-06-04,73.29499816894531,6860400,32.644049508847786,2.1775011335100487,3.3653770446777287,-1.303147888183588,-12.656923027038573
2024-06-05,74.38999938964844,6903600,22.093694566839858,0.7614288330078125,2.5650009155273494,-2.4378491210937483,-13.605649242401121
2024-06-06,74.14250183105469,6394800,24.46807876270546,0.618927001953125,2.8737483978271428,-2.1966514587402344,-13.218276672363281
2024-06-07,74.19750213623047,5877600,24.934881906607444,0.1524985177176319,2.8277481079101534,-2.2097517395019537,-13.136689472198483
2024-06-10,74.3949966430664,7364000,26.482591409660458,-0.2621394566127293,2.424628448486331,-2.3692463684081986,-13.199496498107912
2024-06-11,76.19249725341797,7977600,38.057061254145026,-1.8053545270647362,0.563377761840826,-4.141647033691413,-14.84002212524414
2024-06-12,77.8324966430664,8806800,45.48312253274257,-2.911783490862163,-1.1057468414306584,-5.679246520996088,-16.316984024047855
2024-06-13,82.9175033569336,15586400,74.20387640208003,-6.6221466064453125,-6.12025337219238,-10.599853210449226,-21.214853229522703
2024-06-14,82.125,8592000,68.13150634652384,-4.7246431623186425,-5.222624969482425,-9.608699798583984,-20.243537368774412
2024-06-17,85.0199966430664,13177200,72.89587620422633,-6.065711975097656,-7.865246963500979,-12.291296539306643,-22.947309036254886
2024-06-18,85.08499908447266,11568000,72.6809174201696,-4.575357709612163,-7.668374633789057,-12.141499023437504,-22.83092397689819
2024-06-20,85.04750061035156,13982400,77.6281878767092,-3.016072954450337,-7.340876007080084,-11.876800537109375,-22.61488800048828
2024-06-21,84.33999633789062,16381600,81.5509111867517,-1.1446402413504444,-6.372621917724615,-10.923596343994134,-21.732508754730226
2024-06-24,82.30249786376953,9646400,73.50326483709907,1.5314298357282325,-3.987748718261713,-8.72294784545899,-19.53042278289795
2024-06-25,83.63249969482422,7610800,78.74321755212021,0.30357033865792005,-4.968000411987305,-9.73639968872071,-20.68668710708618
2024-06-26,83.67500305175781,6970400,77.42173452603592,0.4824959891183056,-4.6703784942626925,-9.421403045654301,-20.556402950286866
2024-06-27,86.98249816894531,9985600,82.11604004381462,-2.5446417672293506,-7.482623672485346,-12.30304824829102,-23.670473079681393
2024-06-28,87.62000274658203,11519200,82.62241885717677,-2.820002964564736,-7.534878158569342,-12.484502716064455,-24.106165142059325
2024-07-01,89.17500305175781,6548400,83.69812111072494,-3.785360063825337,-8.351753234863281,-13.541952972412105,-25.450402927398684
2024-07-02,89.25250244140625,6315200,82.31072716270154,-3.1610728672572606,-7.671502685546869,-13.064852294921877,-25.31608980178833
2024-07-03,91.3550033569336,4840800,82.70648526639475,-3.970358712332583,-8.871003341674808,-14.567603149414069,-27.192715702056887
2024-07-05,91.53500366210938,5431600,77.32676434027732,-3.0214298793247707,-8.193753433227542,-14.17280334472656,-27.147565994262692
2024-07-08,92.76750183105469,6250400,82.83201920587473,-2.9549996512276806,-8.495001602172849,-14.82380149841309,-28.14726415634155
2024-07-09,91.4375,8006400,71.91394642519394,-0.9885689871651806,-6.302999877929693,-12.988849716186522,-26.58851232528687
2024-07-10,90.9375,9182000,69.40805236613588,-0.01464080810546875,-4.975874710083005,-11.993599777221675,-25.8561498260498
2024-07-11,89.89749908447266,7805600,65.08083215389352,1.1285738263811425,-3.2506237030029297,-10.473998947143556,-24.592086410522455
2024-07-12,90.4749984741211,5007600,69.2319760987162,0.7257167271205418,-3.19599800109863,-10.524798355102533,-24.94368579864502
2024-07-15,90.1050033569336,4856800,77.31491274740443,0.9171404157366112,-2.46662788391113,-9.6287532043457,-24.345565662384033
2024-07-16,89.55750274658203,6463200,71.94445574725115,1.182140895298545,-1.547502136230463,-8.599402465820319,-23.57727754592895
2024-07-17,84.16999816894531,12541600,51.3133326747777,5.3414306640625,3.7975025177001953,-2.9004978942871134,-17.99946046829224
2024-07-18,83.15750122070312,9872800,38.44412011200226,5.171070643833701,4.713624572753901,-1.6189509582519577,-16.801088504791267
2024-07-19,82.63999938964844,5417600,34.84478617031799,4.503215244838174,5.11075134277344,-0.8185990905761713,-16.105149173736578
2024-07-22,85.55999755859375,8183200,39.84263595072255,0.963574000767295,2.251753234863287,-3.4857473754882875,-18.82845985412598
2024-07-23,86.6624984741211,4880000,43.119011665028225,-0.6835697719028957,1.3672523498535156,-4.335348358154292,-19.730185775756837
2024-07-24,81.46749877929688,10583200,27.438664538153944,3.277500697544639,6.4540019989013615,0.9188513183593727,-14.362886085510254
2024-07-25,78.52999877929688,17858400,23.64206354262471,4.639642987932476,9.134251785278323,3.877601318359382,-11.275261096954353
2024-07-26,79.80249786376953,9407600,23.76567291046129,2.743215288434712,7.502752685546881,2.632852172851557,-12.394247684478756
2024-07-29,80.13749694824219,11292800,26.17540628985205,1.9767870221819237,6.793628311157221,2.270453033447268,-12.571971778869624
2024-07-30,77.8550033569336,17064800,24.34552052105218,3.575709751674111,8.510121917724604,4.509596710205074,-10.140028171539313
2024-07-31,86.63749694824219,22240000,45.096263775207255,-5.0528553553989894,-0.4031219482421875,-4.139597015380858,-18.73059677124023
2024-08-01,84.66000366210938,17044400,41.60652604402631,-3.3614327566964306,1.239621353149417,-2.0658537292480474,-16.567115974426272
2024-08-02,79.83499908447266,10799600,36.86531786650867,1.2303575788225487,5.479625701904297,2.7709008789062466,-11.58898639678955
2024-08-05,78.73249816894531,10569200,36.34929593075085,2.3617869785853856,5.880376434326166,3.865551757812497,-10.337085494995122
2024-08-06,80.88500213623047,6599600,45.48949975748929,0.3639264787946388,3.200247573852536,1.8236477661132824,-12.327914447784423
2024-08-07,79.3324966430664,8118000,44.824779897455805,1.8014319283621631,4.172502899169928,3.430053253173824,-10.618096466064458
2024-08-08,83.625,5698800,51.20918329692528,-1.6667861938476562,-0.43362541198730753,-0.7274000549316355,-14.725112323760982
2024-08-09,83.95249938964844,6379200,47.89249649612964,-2.377856663295205,-1.087249755859375,-0.9173994445800844,-14.865999221801758
2024-08-12,84.5824966430664,3670400,47.23881295391006,-3.0189263480050244,-1.9933723449707088,-1.3740467834472696,-15.311196498870856
2024-08-13,86.54750061035156,5592800,57.37621924092005,-4.025001525878906,-4.108876419067386,-3.0963507080078188,-17.076075458526617
2024-08-14,87.1624984741211,6732400,63.4410290780649,-3.435713631766177,-4.574249267578125,-3.4500486755371043,-17.46753583908081
2024-08-15,89.1500015258789,5163600,64.2373068858497,-4.242502485002788,-6.262127304077154,-5.120451660156249,-19.229526386260986
2024-08-16,88.47250366210938,5050400,62.564074727128954,-2.259289332798545,-5.293004226684573,-4.161303710937503,-18.329316005706787
2024-08-19,88.01499938964844,5576000,66.20672063182906,-1.1746422903878369,-4.712749862670904,-3.426349487304691,-17.682199230194087
2024-08-20,88.44750213623047,4335200,53.93564638124116,-0.9650017874581494,-5.056002426147458,-3.5738522338867256,-17.93601446151733
2024-08-21,88.97250366210938,4780400,60.009271779296235,-0.8628594534737744,-5.205753707885748,-3.8073036193847685,-18.280753459930423
2024-08-22,88.0425033569336,4440800,73.25398513507437,0.28071267264229505,-3.800128173828128,-2.640303192138674,-17.17615314483642
2024-08-23,88.78250122070312,3903600,79.07142623837936,-0.22785622732979505,-4.091125869750982,-3.161300964355462,-17.738250999450685
2024-08-26,86.17250061035156,5517200,64.90064488053778,1.956787109375,-1.179375076293951,-0.48620040893554517,-14.963137893676759
2024-08-27,86.40499877929688,4694000,71.53295353237654,1.4289311000278957,-0.9843734741210994,-0.6330986022949219,-15.025611076354977
2024-08-28,85.29000091552734,4414000,56.28539286621518,2.1546434674944237,0.06324958801269531,0.4872993469238338,-13.748713207244876
2024-08-29,86.64749908447266,6899600,59.43957760683423,0.5400020054408543,-1.1948738098144531,-0.8389488220214787,-14.931523876190184
2024-08-30,88.34500122070312,6195200,62.26170117649516,-1.247143336704795,-2.4668758392333956,-2.470500946044922,-16.450151004791266
2024-09-03,81.68000030517578,10127600,37.85705503326785,4.508928571428569,4.345500183105472,4.141300048828128,-9.645750083923346
2024-09-04,81.51249694824219,5460000,35.583059520152375,3.63785988943917,4.544378280639648,4.293003387451165,-9.337859249114985
2024-09-05,82.11000061035156,6453200,30.66466010132568,2.4599990844726562,4.085749816894534,3.6650497436523466,-9.791437911987302
2024-09-06,78.57749938964844,8753200,26.507601495157544,4.87428610665458,7.365876007080075,7.095600891113278,-6.134336700439448
2024-09-09,81.19249725341797,5156800,35.30741842785389,1.6739305768694237,4.612878036499026,4.36480300903321,-8.612547073364254
2024-09-10,81.6875,4598400,35.48109906510447,0.4703565325055763,3.973125457763672,3.7511502075195295,-8.968262329101563
2024-09-11,85.73249816894531,9778000,43.95521432048577,-3.9478563581194237,-0.11262283325194744,-0.36269805908203523,-12.856710510253905
2024-09-12,88.83999633789062,7056800,51.37605548401468,-6.0324979509626075,-3.1362461090087947,-3.4784463500976557,-15.792996196746827
2024-09-13,89.94000244140625,5909600,51.97273261096718,-5.928574698311948,-4.196752166748041,-4.606752471923826,-16.716639785766603
2024-09-16,89.79000091552734,3432800,56.729604594411015,-4.6814302716936425,-3.9808757781982393,-4.49165100097656,-16.38925075531006
2024-09-17,90.23750305175781,4205600,57.0729949001287,-3.463217599051333,-4.3172527313232365,-4.989753112792968,-16.659690380096436
2024-09-18,90.42749786376953,4146800,59.81655639874653,-2.3339266095842675,-4.408247756958005,-5.199947967529297,-16.67218521118164
2024-09-19,94.83000183105469,7828400,64.00513144228054,-4.858930315290181,-8.517876815795901,-9.524601898193353,-20.871339168548587
2024-09-20,96.11499786376953,10938000,63.48957250240074,-4.660712105887271,-9.399248123168945,-10.685247955322268,-21.944635219573968
2024-09-23,96.39250183105469,5226800,82.82206918243918,-3.8592867170061425,-9.29625205993652,-10.844401855468746,-22.009814186096193
2024-09-24,96.26750183105469,6010800,82.97943236239641,-2.8303582327706494,-8.666501998901367,-10.59615188598633,-21.670226669311518
2024-09-25,97.05249786376953,4564400,83.12090310103606,-2.577854701450889,-8.919123077392584,-11.231248016357426,-22.23907270431519
2024-09-26,96.57499694824219,5248800,96.14150828250331,-1.1949975149972119,-7.8773723602294865,-10.505647125244138,-21.558734302520747
2024-09-27,95.06500244140625,7616000,87.7021494179515,0.9774976457868263,-5.946502685546875,-8.757502593994147,-19.85662729263305
2024-09-30,95.95500183105469,4460800,87.960636090891,0.2482125418526806,-6.4560020446777315,-9.381201934814456,-20.55417667388916
2024-10-01,95.4625015258789,4213200,81.92258766671155,0.6474990844726562,-5.274376678466794,-8.69065155029297,-19.871301364898684
2024-10-02,97.40499877929688,4405600,80.42630301413999,-1.1503557477678612,-6.422248840332031,-10.41829879760742,-21.61556112289429
2024-10-03,97.52749633789062,4528800,78.96545376807086,-1.0928540910993263,-5.773871612548831,-10.219596405029293,-21.544921207427976
2024-10-04,98.99250030517578,4253600,81.92543013137654,-2.280714852469302,-6.21812553405762,-11.27535034179688,-22.813475170135504
2024-10-07,98.13500213623047,4865200,76.64026337068982,-1.2003587995256737,-4.51350212097168,-10.051202087402345,-21.761176986694338
2024-10-08,100.05500030517578,6247600,79.08173424386791,-2.4075001307896144,-5.515125274658203,-11.572850189208978,-23.472350158691413
2024-10-09,101.73249816894531,7662800,74.95933559773913,-3.259641374860493,-6.392623138427737,-12.772798156738276,-24.93536052703857
2024-10-10,102.44000244140625,5674800,73.86795554565174,-2.9703598022460938,-6.4201271057128935,-13.164252319335944,-25.42848978042602
2024-10-11,104.23249816894531,6737200,76.54928806020433,-3.7874984741210938,-7.497998046874997,-14.56529815673828,-26.99673551559448
2024-10-14,103.36750030517578,4991600,72.89586171909329,-2.08821432931083,-5.954125213623044,-13.229650268554693,-25.912062644958496
2024-10-15,98.07749938964844,16107600,52.56122488274707,3.0710721697126075,-0.2721244812011747,-7.552749328613288,-20.427886734008794
2024-10-16,101.5199966430664,6859200,60.761704695227465,0.1121455601283543,-3.159996795654294,-10.582546691894535,-23.657171497344976
2024-10-17,101.84750366210938,5274800,65.5615522551924,0.04071044921875,-3.1366287231445256,-10.459753570556643,-23.764890995025638
2024-10-18,100.5,6157600,60.213479031337776,1.2121429443359375,-1.5698749542236357,-8.774749908447262,-22.201637325286868
2024-10-21,101.50250244140625,6289600,63.26889356023517,0.0757119315011181,-2.3168773651123047,-9.426252288818361,-22.984827251434325
2024-10-22,99.13999938964844,9460000,53.74245042376368,1.7107151576450832,0.18925056457518963,-6.7725991821289,-20.415274200439455
2024-10-23,98.51000213623047,4680400,52.073890199238654,1.6467841012137256,0.8921230316162081,-5.903351898193364,-19.60003944396972
2024-10-24,98.92500305175781,4452800,49.850917195430085,1.3528551374162987,0.5946224212646456,-6.083102722167965,-19.826915340423582
2024-10-25,98.52249908447266,4672400,50.873428980026176,1.3271451677594825,1.1700012207031278,-5.4931488037109375,-19.243336372375495
2024-10-28,98.09500122070312,4125600,45.26341679446849,1.2185712541852638,1.7044990539550753,-4.873200988769526,-18.640038509368893
2024-10-29,100.39250183105469,4650400,46.85594666372614,-1.0942862374441944,-0.34650154113769815,-6.923151550292971,-20.750614109039304
2024-10-30,99.0,4227200,42.18003905748665,-0.0592847551618263,1.1257503509521456,-5.319599761962891,-19.17968727111817
2024-10-31,96.61000061035156,9374000,33.13047953462832,1.9692862374441944,3.469874954223627,-2.7768504333496082,-16.61787538528442
2024-11-01,98.5425033569336,5255600,39.80348036835177,0.041426522391176945,1.5148723602294893,-4.499353179931646,-18.379615612030022
2024-11-04,98.72000122070312,4616400,51.73204281260027,-0.1653573172433056,1.366624450683588,-4.478101043701173,-18.392900981903082
2024-11-05,101.27999877929688,4590400,49.32069729967621,-2.3314263480050244,-1.1321231842041044,-6.735948638916014,-20.77974855422974
2024-11-06,105.77999877929688,7345600,59.00399191415533,-5.733569553920205,-5.429748153686518,-10.848448638916011,-25.078398571014404
2024-11-07,107.75499725341797,13025200,66.14733134252529,-6.656782967703677,-7.138996887207028,-12.374147186279302,-26.842709560394283
2024-11-08,100.11250305175781,25313600,47.612094839901964,1.1446402413504444,0.29749755859374716,-4.462352905273434,-19.03017786026001
2024-11-11,99.32749938964844,11624800,50.340568567694106,2.3178580147879444,0.8805011749267635,-3.4576992797851602,-18.079036693573002
2024-11-12,98.88749694824219,12885600,50.6904340026362,2.807145254952573,1.3610034942626896,-2.6735469055175827,-17.481571750640867
2024-11-13,98.79000091552734,12063600,49.750181064021135,2.9146412440708644,1.3219997406005888,-2.2305007934570256,-17.230075702667236
2024-11-14,96.48750305175781,11496800,46.481679290434414,4.532496861049111,3.356497573852536,0.359547119140629,-14.768490314483643
2024-11-15,93.59750366210938,12047200,42.83438429743427,5.682139805385049,5.901372146606448,3.5499465942382784,-11.739228420257575
2024-11-18,92.61750030517578,10448400,37.06967758602007,4.499643598284038,6.4371253967285185,4.758450012207035,-10.637512569427486
2024-11-19,94.42500305175781,12958800,42.49508269433807,1.879640851702007,4.393872833251947,3.2056973266601574,-12.314102802276608
2024-11-20,95.42749786376953,7866400,47.96768392832183,0.3200029645647362,3.237252807617182,2.3971025085449185,-13.170572643280025
2024-11-21,101.24250030517578,13185600,54.09400712339239,-5.1585704258510106,-2.461874771118161,-3.169849853515629,-18.81317506790161
2024-11-22,101.62000274658203,7649600,54.37076401813761,-5.131786891392295,-2.684502029418951,-3.313752288818364,-19.027440013885496
2024-11-25,99.93000030517578,9612000,47.91054254547584,-2.9499991280691944,-0.9027496337890568,-1.4209498596191423,-17.19085008621215
2024-11-26,102.0824966430664,8479200,43.82875314936195,-3.8903536115373925,-2.9707462310791044,-3.3365463256835994,-19.184033946990965
2024-11-27,100.57250213623047,6823600,37.823180637617575,-1.2439302716936425,-1.3821266174316378,-1.6236517333984324,-17.503064441680905
2024-11-29,101.45500183105469,5131600,52.95281840411815,-1.1221444266183056,-2.022376251220706,-2.373651428222658,-18.210376644134527
2024-12-02,102.5250015258789,5328000,56.94580849725998,-1.1782150268554688,-2.8932510375976506,-3.315451049804693,-19.100876331329346
2024-12-03,103.61499786376953,7181200,59.987331346536024,-1.9292831420898438,-3.738497543334958,-4.2609974670410224,-19.999985179901117
2024-12-04,105.43000030517578,5845900,63.07859134627811,-3.200000217982705,-5.3459999084472685,-5.89274993896484,-21.612350101470952
2024-12-05,106.83000183105469,6967000,71.12222925113042,-3.6142872401646144,-6.693501281738278,-7.097201385498053,-22.79631412506103
2024-12-06,108.25,10017900,81.83595498316808,-4.1532135009765625,-8.088749313354498,-8.283699493408207,-24.011012306213374
2024-12-09,105.91999816894531,6800700,77.30118083790106,-1.05928366524833,-5.468372726440435,-5.736597747802733,-21.4859854888916
2024-12-10,104.77999877929688,4595200,71.85059969411576,0.5557152884347119,-4.055748367309576,-4.420098419189458,-20.164261093139643
2024-12-11,107.2300033569336,4790500,73.47122329446593,-1.2221461704799168,-6.088627624511716,-6.634752960205077,-22.418003158569334
2024-12-12,106.87999725341797,4411800,64.32472462071132,-0.4057115827287987,-5.3341217041015625,-6.095246887207026,-21.875059585571293
2024-12-13,112.37000274658203,9338600,71.68212241742468,-4.904288155691958,-10.030002212524408,-11.288402252197272,-27.150140075683595
2024-12-16,116.52999877929688,10455700,80.44753700158101,-7.67857033865792,-13.043373489379888,-15.097648315429694,-31.087161102294928
2024-12-17,112.94999694824219,7868400,68.94117196511078,-3.427140372140073,-8.446746826171875,-11.221346588134764,-27.302334289550785
2024-12-18,108.06999969482422,6427300,61.69382380394122,1.7599999564034619,-2.884499740600589,-6.181049346923828,-22.23257453918457
2024-12-19,109.06999969482422,6365100,61.83371458557166,1.3728572300502293,-3.2023746490478544,-7.034299316406248,-23.04284954071045
2024-12-20,112.80999755859375,10434400,64.75820551081023,-1.5699986049107082,-6.363997650146487,-10.566897277832027,-26.57689743041992
2024-12-23,113.08999633789062,3854300,63.91948777829012,-0.9628546578543506,-6.0704967498779325,-10.669746093750007,-26.63283370971679
2024-12-24,114.6500015258789,2044600,63.647124613843935,-2.197145734514507,-6.8945018768310575,-12.004101257324223,-27.958363876342773
2024-12-26,114.86000061035156,3082200,62.31972372190715,-2.6457159859793506,-6.465625762939453,-11.878450317382814,-27.946387939453132
2024-12-27,113.02999877929688,3178100,57.24241904406968,-0.8042853219168506,-4.012749099731451,-9.818248443603522,-25.902123603820797
2024-12-30,111.44999694824219,3527800,58.573637461752504,1.258573259626118,-1.93299751281738,-8.046196746826169,-24.119896774291988
2024-12-31,110.52999877929688,3422200,58.97595610348913,2.3871427263532325,-0.6127494812011776,-6.925598602294926,-22.994411125183106
2025-01-02,111.79000091552734,4687300,57.39298937080279,0.98142678397042,-1.4640014648437472,-7.979850769042969,-24.057113265991205
2025-01-03,115.19999694824219,5051100,62.27138542821719,-2.127140590122764,-4.385497665405268,-11.068646850585935,-27.249759330749512
2025-01-06,118.9800033569336,10098200,60.26716388478596,-5.2885753086635106,-7.558003997802729,-14.439253234863287,-30.80559070587158
2025-01-07,115.29000091552734,6768700,48.04540113839578,-1.5371442522321388,-3.5160015106201143,-10.421950836181637,-26.919888267517095
2025-01-08,115.51000213623047,5374300,54.51340698907216,-1.4028592790876075,-3.25650253295899,-10.302201995849614,-26.945364494323726
2025-01-10,114.33999633789062,5374900,62.71803726918002,0.1800035749162987,-1.608496856689456,-8.807296295166012,-25.585533714294428
2025-01-13,112.63999938964844,5380300,57.041415701857275,2.181429181780132,0.36199989318848225,-6.862349395751949,-23.69462425231933
2025-01-14,114.91000366210938,6419500,54.396993995531,0.35713958740234375,-1.5065040588378906,-8.814153594970705,-25.750591011047362
2025-01-15,116.0999984741211,7187900,56.07099671711584,-0.7042835780552394,-2.5099990844726534,-9.614348449707038,-26.72256084442138
2025-01-16,118.12999725341797,6224700,56.88834992509545,-2.8557118007114894,-4.459997940063474,-11.252597351074215,-28.536597137451167
2025-01-17,119.94999694824219,5812900,59.471519114933784,-4.009997776576455,-5.929997634887698,-12.647997131347651,-30.120409355163574
2025-01-21,121.5,6366600,65.92703558986183,-4.704286847795757,-6.808500671386724,-13.793600158691405,-31.436399917602543
2025-01-22,129.82000732421875,9751400,77.557757210953,-10.812864031110493,-14.091007614135748,-21.63280731201172,-39.468269691467285
2025-01-23,129.1199951171875,5866800,78.07305777826525,-7.758566720145083,-12.575495529174802,-20.505495147705076,-38.49465751647949
2025-01-24,129.1699981689453,7969100,77.241347641503,-5.771427699497764,-11.821498489379877,-19.974348297119136,-38.2705355834961
2025-01-27,100.30000305175781,33282600,37.01186731989997,20.841425214494976,16.330996704101565,8.915096893310547,-9.267477951049798
2025-01-28,106.54000091552734,20683600,39.60214163732204,12.945713588169639,9.674998855590815,2.82814910888672,-15.335050811767573
2025-01-29,107.83999633789062,13131700,43.51384071162318,9.915718078613281,8.115503311157227,1.7091535949707009,-16.466571235656744
2025-01-30,113.86000061035156,12583800,48.695238778983516,2.8042853219168506,2.215999221801752,-3.963400726318355,-22.2563005065918
2025-01-31,115.2300033569336,10358900,50.701566136418066,-0.6500037057059131,1.0809967041015653,-4.90075347900391,-23.37915325164795
2025-02-03,111.5,10210900,49.12923998855008,0.5628574916294582,4.796500015258786,-0.7931001281738332,-19.420099906921394
2025-02-04,112.31999969482422,6112800,47.97687606355292,-2.664284842354917,3.832500457763672,-1.2551998901367227,-20.00258708953858
2025-02-05,115.48999786376953,6427400,49.53780844179118,-3.6642837524414062,0.4880020141601591,-4.023948059082031,-22.916622772216797
2025-02-06,115.2699966430664,5434100,47.771891884695144,-2.1971402849469825,0.7070030212402401,-3.5233969116210915,-22.427884063720697
2025-02-07,118.47000122070312,8744100,48.87126670704022,-3.878572736467632,-2.3450016021728572,-6.38640151977539,-25.34237613677979
2025-02-10,120.2300033569336,5122500,49.034517166942614,-4.728574480329243,-3.8105033874511776,-7.740403594970701,-26.815203247070315
2025-02-11,116.83999633789062,5748800,39.332671550948376,-1.1085684640066944,-0.21049652099608807,-4.055246582031245,-23.15945875167847
2025-02-12,109.63999938964844,13595100,35.5360911992332,5.825714111328125,6.726000213623053,3.3261003112792906,-15.742211818695068
2025-02-13,109.75,9614200,35.59347512534731,5.3485706874302394,6.298499679565424,3.3819996643066474,-15.634337444305416
2025-02-14,106.87000274658203,12230800,57.93286392579684,6.997140066964292,8.615497207641596,6.348896942138666,-12.549577693939213
2025-02-18,111.05999755859375,20867700,55.74186445228188,2.205716814313618,3.9810024261474553,2.307802124023439,-16.504972515106203
2025-02-19,103.91999816894531,24011900,45.66372001074867,7.267144339425229,10.242001724243167,9.417601470947261,-9.164385643005375
2025-02-20,103.4000015258789,11659600,36.826199145623214,5.38285500662667,9.440998077392578,9.868998107910159,-8.45471397399902
2025-02-21,98.30000305175781,13999600,30.50886462559137,7.834283011300229,12.999996948242185,14.769996643066406,-3.2062154769897404
2025-02-24,92.69000244140625,23489800,29.242994292518844,11.022855486188618,16.785997772216803,20.115397338867183,2.518710136413574
2025-02-25,92.87999725341797,17287300,28.24529361220813,8.422860281808042,16.22500267028809,19.687402496337896,2.4506278228759726
2025-02-26,96.37999725341797,11252900,28.77138086803231,3.424288068498882,12.217002487182612,15.970402374267579,-0.9320597076415993
2025-02-27,91.56999969482422,11570000,26.108869634235063,5.450000217982705,16.21350021362305,20.474199981689452,3.965700340270999
2025-02-28,93.05000305175781,12439400,23.454465666601763,2.417140415736611,13.692996978759766,18.60779663085937,2.5584095001220675
2025-03-03,86.01000213623047,14681200,17.814137805035912,6.972855704171323,19.27199783325196,25.037397613525386,9.641122932434087
2025-03-04,85.5199966430664,17937700,18.842013656710847,5.63714599609375,18.463003158569336,24.978803100585935,10.166653404235845
2025-03-05,87.81999969482422,10270900,25.947968395867406,2.641428266252788,14.93800010681153,22.27380004882812,7.898212852478025
2025-03-06,84.33999633789062,9461900,23.927759193554294,4.9014314923967675,16.860503387451175,25.259203338623053,11.399803695678713
2025-03-07,83.36000061035156,12894400,24.898563904373674,4.021427699497764,16.244999313354498,25.65019912719727,12.396736907958982
2025-03-10,77.55999755859375,15811700,15.421141296883604,7.820001874651226,19.999502182006836,30.739602203369145,18.185302429199226
2025-03-11,79.12999725341797,11291100,21.087008015757803,4.261429922921323,16.374502182006836,28.459202423095704,16.61471523284912
2025-03-12,80.25,11498000,23.372444429779662,2.3185697283063575,13.42499961853028,26.646999664306634,15.500337486267085
2025-03-13,80.13999938964844,6973800,26.40332838189471,1.6599993024553612,12.060000228881833,26.09920028686524,15.634263076782233
2025-03-14,83.51000213623047,8580100,37.33444125126235,-2.3257173810686425,7.377997589111331,22.170397644042964,12.298622856140142
2025-03-17,85.08999633789062,6639600,39.649218276235885,-3.7985687255859375,4.709003067016596,20.081603393554687,10.75971614837647
2025-03-18,83.98999786376953,9528700,32.41556127465205,-2.6085706438337013,4.455501556396484,20.62560180664063,11.89427711486816
2025-03-19,84.41999816894531,10323000,38.41167205340426,-2.0585708618164062,3.050501251220709,19.580001525878913,11.506801795959475
2025-03-20,82.97000122070312,7534400,33.64698339455991,-0.0600019182477638,3.4789981842041016,20.309798431396487,12.999586257934567
2025-03-21,83.12999725341797,10786500,43.98495282140972,0.1914302280971043,2.560501861572263,19.50660232543946,12.884752693176267
2025-03-24,87.51000213623047,10403100,53.57528811037209,-3.1357171194893994,-2.078503036499029,14.566597442626957,8.575822830200195
2025-03-25,86.94000244140625,7780200,48.314181408304464,-2.0757173810686425,-1.8055030822753935,14.588597259521478,9.2085725402832
2025-03-26,81.66000366210938,14156000,45.19714469163567,2.714282444545205,2.7384960174560575,19.248996124267578,14.526158828735348
2025-03-27,78.95999908447266,12678600,42.57258420344569,4.695715767996646,4.808000564575195,21.230000610351567,17.24997589111328
2025-03-28,77.94000244140625,9783800,50.764905271408686,4.789998735700337,5.072497177124021,21.486797332763672,18.287697563171392
2025-03-31,77.4800033569336,10768100,46.523400350701436,4.465712411063052,5.105996322631839,21.133796539306644,18.75413417816162
2025-04-01,78.48999786376953,6956400,46.27433728078803,2.792860848563052,3.744501876831052,19.29460205078125,17.747427177429202
2025-04-02,80.16000366210938,7163700,50.03972255416932,0.07285526820591315,1.6914962768554744,16.797796325683592,16.063633880615228
2025-04-03,71.2699966430664,19579700,30.065135651642308,6.724290030343198,9.928003311157227,24.516803131103515,24.89936588287354
2025-04-04,64.37000274658203,21792400,21.238207214967858,11.154283796037944,15.878497314453128,30.121797180175776,31.696109809875495
2025-04-07,68.16999816894531,20012600,29.57127800458197,5.812859671456479,11.609001922607419,25.101801757812495,27.81153938293457
2025-04-08,69.5,21129700,31.171125684373337,3.2771432059151806,9.79750022888183,23.155799865722656,26.40380004882813
2025-04-09,76.0,22451400,42.19834172105621,-3.434285845075337,3.085000228881839,16.044999847412114,19.86210006713867
2025-04-10,72.6500015258789,12227000,39.05140451954741,-0.9185725620814793,6.060498809814447,18.691198425292967,23.163836059570315
2025-04-11,72.66999816894531,11227300,32.94252118385073,-2.0085699898856006,5.498501968383792,17.847401733398442,23.089026908874516
2025-04-14,73.58999633789062,10648400,34.777640945481394,-2.597139630998882,4.003503799438477,16.09460342407226,22.118603706359863
2025-04-15,73.19999694824219,9119500,39.14269947463696,-0.9457124982561425,3.8540031433105497,15.718602752685541,22.439690589904785
2025-04-16,71.87000274658203,8003100,40.5693004700229,0.912853785923545,4.556497573852539,16.239597015380866,23.690934791564942
2025-04-17,71.19999694824219,8567100,40.95058101419346,1.825716291155132,4.638003158569333,16.023802795410163,24.27106555938721
2025-04-21,67.66999816894531,9472800,37.831794047556635,4.165714808872764,7.395001983642572,18.60180160522461,27.693151817321777
2025-04-22,68.66999816894531,8795200,37.81637616592023,2.5971429007393994,5.4530017852783175,16.605801544189447,26.57972679138183
2025-04-23,70.76000213623047,11589100,38.45775662414977,0.23428235735211445,2.553997802734372,13.526397552490238,24.38584781646729
2025-04-24,75.29000091552734,11772000,55.528060907604555,-4.052858625139507,-2.2945011138915987,8.165398864746095,19.768461532592767
2025-04-25,77.91000366210938,12462700,71.10349651314252,-6.0000032697405175,-4.967003631591794,4.9107962036132875,17.08082130432129
2025-04-28,78.30999755859375,7531800,67.67782771822522,-5.479997907366069,-5.348497772216803,3.882002258300787,16.61768989562988
2025-04-29,80.7300033569336,11766700,68.86127749958803,-6.53857421875,-7.606003570556638,0.9391964721679642,14.151846618652343
2025-04-30,82.2699966430664,12433000,62.63603222121255,-5.992853437151226,-8.95699691772461,-1.1765968322753935,12.570828323364253
2025-05-01,87.83999633789062,16437900,78.09840877818156,-8.824281964983257,-14.142996978759768,-7.068196563720704,6.989503593444823
